#pragma once

#include <pgmspace.h>
#include <stdint.h>

// Generated by assets/coffee_cup/convert_cup.py — do not edit manually
// RLE-compressed 2BPP: 4 pixels/byte, MSB-first pairs.
// Ink levels 0=black 1=dark 2=light 3=white; white is transparent.
// RLE: 0x00-0x7F = repeat next byte (N+1) times
//      0x80-0xFF = (N-128+1) literal bytes follow

#define COFFEE_MUG_W 500
#define COFFEE_MUG_H 380
#define COFFEE_MUG_STRIDE 125
#define COFFEE_MUG_RAW_SIZE 47500
const uint8_t COFFEE_MUG[] PROGMEM = {
  0x7f, 0xff, 0x33, 0xff, 0x85, 0xfa, 0xaa, 0xa9, 0x55, 0x55, 0x56, 0x02, 0xaa, 0x80, 0xeb, 0x6d,
  0xff, 0x83, 0xaa, 0x95, 0x55, 0x40, 0x0b, 0x00, 0x83, 0x55, 0x5a, 0xaa, 0xbf, 0x64, 0xff, 0x82,
  0xea, 0xa5, 0x54, 0x13, 0x00, 0x83, 0x05, 0x56, 0xaa, 0xab, 0x5e, 0xff, 0x82, 0xea, 0xa5, 0x50,
  0x1a, 0x00, 0x82, 0x05, 0x6a, 0xbf, 0x59, 0xff, 0x81, 0xea, 0x54, 0x1f, 0x00, 0x81, 0x01, 0x5a,
  0x56, 0xff, 0x81, 0xea, 0x94, 0x23, 0x00, 0x81, 0x01, 0x6a, 0x53, 0xff, 0x80, 0xa9, 0x27, 0x00,
  0x81, 0x05, 0xaf, 0x4f, 0xff, 0x81, 0xfe, 0x94, 0x29, 0x00, 0x81, 0x01, 0x6a, 0x4d, 0xff, 0x81,
  0xe9, 0x40, 0x2c, 0x00, 0x81, 0x16, 0xbf, 0x4a, 0xff, 0x80, 0xa4, 0x2f, 0x00, 0x81, 0x02, 0xbf,
  0x48, 0xff, 0x80, 0xa8, 0x31, 0x00, 0x81, 0x01, 0xaf, 0x46, 0xff, 0x80, 0xa4, 0x18, 0x00, 0x81,
  0x45, 0x05, 0x18, 0x00, 0x81, 0x01, 0x6f, 0x44, 0xff, 0x80, 0xe4, 0x12, 0x00, 0x83, 0x15, 0x56,
  0xaa, 0xaa, 0x07, 0xff, 0x84, 0xfa, 0xaa, 0xaa, 0x95, 0x54, 0x12, 0x00, 0x80, 0x6f, 0x42, 0xff,
  0x80, 0xa4, 0x0f, 0x00, 0x82, 0x05, 0x5a, 0xaf, 0x12, 0xff, 0x81, 0xaa, 0x54, 0x0f, 0x00, 0x81,
  0x01, 0xaf, 0x40, 0xff, 0x80, 0xe5, 0x0d, 0x00, 0x82, 0x05, 0x5a, 0xab, 0x17, 0xff, 0x82, 0xfa,
  0xaa, 0x54, 0x0d, 0x00, 0x81, 0x05, 0xbf, 0x3e, 0xff, 0x80, 0xf4, 0x0c, 0x00, 0x81, 0x15, 0xaa,
  0x1d, 0xff, 0x81, 0xfa, 0xa5, 0x0c, 0x00, 0x81, 0x01, 0xbf, 0x3c, 0xff, 0x81, 0xfa, 0x40, 0x0a,
  0x00, 0x81, 0x15, 0xaf, 0x21, 0xff, 0x81, 0xfa, 0x94, 0x0b, 0x00, 0x80, 0x0a, 0x3b, 0xff, 0x81,
  0xfa, 0x40, 0x09, 0x00, 0x81, 0x01, 0x6a, 0x25, 0xff, 0x81, 0xaa, 0x94, 0x0a, 0x00, 0x80, 0x1b,
  0x3a, 0xff, 0x80, 0x80, 0x09, 0x00, 0x81, 0x1a, 0xbf, 0x28, 0xff, 0x81, 0xe9, 0x40, 0x09, 0x00,
  0x80, 0x6f, 0x38, 0xff, 0x80, 0xf8, 0x09, 0x00, 0x80, 0x5b, 0x15, 0xff, 0x81, 0xae, 0xbb, 0x13,
  0xff, 0x81, 0xfe, 0x90, 0x08, 0x00, 0x80, 0x02, 0x37, 0xff, 0x81, 0xfe, 0x40, 0x07, 0x00, 0x81,
  0x01, 0x6b, 0x0f, 0xff, 0x0d, 0xaa, 0x80, 0xbf, 0x0e, 0xff, 0x81, 0xfe, 0x50, 0x08, 0x00, 0x80,
  0x1b, 0x36, 0xff, 0x80, 0xe4, 0x07, 0x00, 0x81, 0x01, 0x6b, 0x0f, 0xff, 0x02, 0xaa, 0x80, 0xba,
  0x07, 0xaa, 0x84, 0xba, 0xab, 0xff, 0xfa, 0xaf, 0x0e, 0xff, 0x81, 0xfe, 0x90, 0x07, 0x00, 0x81,
  0x01, 0xbf, 0x34, 0xff, 0x80, 0xfe, 0x08, 0x00, 0x80, 0x6f, 0x0b, 0xff, 0x80, 0xfe, 0x17, 0xaa,
  0x80, 0xab, 0x0c, 0xff, 0x80, 0xd0, 0x07, 0x00, 0x80, 0x0b, 0x34, 0xff, 0x80, 0xe0, 0x07, 0x00,
  0x80, 0x6b, 0x09, 0xff, 0x1f, 0xaa, 0x80, 0xbf, 0x09, 0xff, 0x80, 0x50, 0x07, 0x00, 0x80, 0xbf,
  0x32, 0xff, 0x80, 0xfe, 0x07, 0x00, 0x80, 0x1b, 0x08, 0xff, 0x80, 0xfe, 0x22, 0xaa, 0x80, 0xbf,
  0x07, 0xff, 0x81, 0xfe, 0x50, 0x06, 0x00, 0x80, 0x0a, 0x32, 0xff, 0x80, 0xe0, 0x06, 0x00, 0x80,
  0x1a, 0x07, 0xff, 0x80, 0xfe, 0x26, 0xaa, 0x07, 0xff, 0x81, 0xfe, 0x40, 0x06, 0x00, 0x80, 0x7f,
  0x30, 0xff, 0x80, 0xf9, 0x06, 0x00, 0x80, 0x06, 0x07, 0xff, 0x80, 0xea, 0x28, 0xaa, 0x80, 0xaf,
  0x06, 0xff, 0x80, 0xf9, 0x06, 0x00, 0x80, 0x07, 0x30, 0xff, 0x80, 0xe0, 0x05, 0x00, 0x81, 0x01,
  0xbf, 0x05, 0xff, 0x80, 0xfe, 0x2b, 0xaa, 0x80, 0xab, 0x06, 0xff, 0x80, 0xe4, 0x06, 0x00, 0x80,
  0xbf, 0x2f, 0xff, 0x80, 0x80, 0x05, 0x00, 0x80, 0x6f, 0x05, 0xff, 0x80, 0xfa, 0x2e, 0xaa, 0x06,
  0xff, 0x80, 0x90, 0x05, 0x00, 0x80, 0x0b, 0x2e, 0xff, 0x80, 0xa9, 0x05, 0x00, 0x80, 0x17, 0x05,
  0xff, 0x80, 0xea, 0x30, 0xaa, 0x05, 0xff, 0x81, 0xfe, 0x80, 0x04, 0x00, 0x81, 0x01, 0xbf, 0x2d,
  0xff, 0x80, 0x40, 0x04, 0x00, 0x80, 0x1a, 0x05, 0xff, 0x33, 0xaa, 0x05, 0xff, 0x80, 0xf9, 0x05,
  0x00, 0x80, 0x1f, 0x2c, 0xff, 0x80, 0xfc, 0x04, 0x00, 0x80, 0x01, 0x05, 0xff, 0x80, 0xea, 0x34,
  0xaa, 0x80, 0xaf, 0x04, 0xff, 0x80, 0xe4, 0x04, 0x00, 0x80, 0x07, 0x2c, 0xff, 0x80, 0xe0, 0x04,
  0x00, 0x80, 0x2f, 0x04, 0xff, 0x81, 0xea, 0xea, 0x34, 0xaa, 0x80, 0xaf, 0x04, 0xff, 0x81, 0xfe,
  0x40, 0x04, 0x00, 0x80, 0xbf, 0x2b, 0xff, 0x80, 0x40, 0x03, 0x00, 0x80, 0x02, 0x04, 0xff, 0x81,
  0xfe, 0xab, 0x35, 0xaa, 0x80, 0xbb, 0x05, 0xff, 0x80, 0xf4, 0x04, 0x00, 0x80, 0x1f, 0x2a, 0xff,
  0x80, 0xfd, 0x04, 0x00, 0x80, 0x6f, 0x04, 0xff, 0x80, 0xea, 0x36, 0xaa, 0x80, 0xbf, 0x06, 0xff,
  0x80, 0x40, 0x03, 0x00, 0x80, 0x07, 0x2a, 0xff, 0x80, 0xf4, 0x03, 0x00, 0x80, 0x06, 0x03, 0xff,
  0x80, 0xfe, 0x0f, 0xaa, 0x80, 0xbb, 0x04, 0xff, 0x81, 0xfe, 0xba, 0x0a, 0xaa, 0x83, 0xae, 0xaa,
  0xae, 0xef, 0x04, 0xff, 0x80, 0xfa, 0x0e, 0xaa, 0x80, 0xaf, 0x03, 0xff, 0x80, 0xe4, 0x03, 0x00,
  0x80, 0x01, 0x2a, 0xff, 0x80, 0xd0, 0x03, 0x00, 0x80, 0x7f, 0x03, 0xff, 0x80, 0xea, 0x09, 0xaa,
  0x14, 0xff, 0x80, 0xef, 0x12, 0xff, 0x09, 0xaa, 0x80, 0xaf, 0x03, 0xff, 0x80, 0x40, 0x03, 0x00,
  0x80, 0x7f, 0x29, 0xff, 0x80, 0x40, 0x02, 0x00, 0x80, 0x01, 0x03, 0xff, 0x80, 0xfe, 0x0a, 0xaa,
  0x80, 0xbf, 0x03, 0xff, 0x81, 0xfe, 0xea, 0x04, 0xaa, 0x80, 0xab, 0x03, 0xaa, 0x8b, 0xae, 0xaf,
  0xbe, 0xff, 0xef, 0xae, 0xaa, 0xbe, 0xaa, 0xab, 0xae, 0xab, 0x03, 0xaa, 0x81, 0xbe, 0xbf, 0x05,
  0xff, 0x0a, 0xaa, 0x03, 0xff, 0x80, 0xe0, 0x03, 0x00, 0x80, 0x1f, 0x28, 0xff, 0x80, 0xfc, 0x03,
  0x00, 0x80, 0x0b, 0x03, 0xff, 0x1e, 0xaa, 0x83, 0xbf, 0xfb, 0xfe, 0xba, 0x1c, 0xaa, 0x80, 0xab,
  0x02, 0xff, 0x80, 0xfd, 0x03, 0x00, 0x80, 0x07, 0x28, 0xff, 0x80, 0xf4, 0x03, 0x00, 0x80, 0x7f,
  0x02, 0xff, 0x80, 0xfa, 0x16, 0xaa, 0x81, 0xab, 0xbf, 0x0e, 0xff, 0x18, 0xaa, 0x80, 0xbf, 0x02,
  0xff, 0x80, 0x40, 0x02, 0x00, 0x80, 0x01, 0x28, 0xff, 0x80, 0xd0, 0x02, 0x00, 0x80, 0x02, 0x02,
  0xff, 0x80, 0xfe, 0x15, 0xaa, 0x86, 0xbf, 0xff, 0xff, 0xfa, 0xaa, 0xaa, 0xa9, 0x07, 0x55, 0x80,
  0x9a, 0x02, 0xaa, 0x82, 0xff, 0xff, 0xef, 0x15, 0xaa, 0x80, 0xab, 0x02, 0xff, 0x80, 0xe0, 0x03,
  0x00, 0x80, 0xbf, 0x27, 0xff, 0x80, 0x80, 0x02, 0x00, 0x80, 0x0f, 0x02, 0xff, 0x80, 0xea, 0x13,
  0xaa, 0x84, 0xff, 0xfe, 0xaa, 0xaa, 0x55, 0x0f, 0x00, 0x85, 0x55, 0x5a, 0xaa, 0xab, 0xff, 0xfa,
  0x13, 0xaa, 0x83, 0xbf, 0xff, 0xff, 0xfd, 0x03, 0x00, 0x80, 0x2f, 0x26, 0xff, 0x80, 0xfe, 0x03,
  0x00, 0x83, 0x7f, 0xff, 0xff, 0xfe, 0x11, 0xaa, 0x84, 0xab, 0xff, 0xea, 0xa9, 0x50, 0x15, 0x00,
  0x84, 0x01, 0x55, 0xaa, 0xbf, 0xfa, 0x11, 0xaa, 0x80, 0xab, 0x02, 0xff, 0x80, 0x80, 0x02, 0x00,
  0x80, 0x0f, 0x26, 0xff, 0x80, 0xfd, 0x02, 0x00, 0x80, 0x02, 0x02, 0xff, 0x80, 0xfe, 0x10, 0xaa,
  0x82, 0xff, 0xa9, 0x54, 0x1b, 0x00, 0x83, 0x01, 0x6a, 0xbf, 0xfa, 0x10, 0xaa, 0x02, 0xff, 0x80,
  0xe0, 0x02, 0x00, 0x80, 0x07, 0x26, 0xff, 0x80, 0xf8, 0x02, 0x00, 0x80, 0x0b, 0x02, 0xff, 0x80,
  0xea, 0x0e, 0xaa, 0x82, 0xaf, 0xfa, 0xa5, 0x1f, 0x00, 0x82, 0x16, 0xaa, 0xff, 0x0f, 0xaa, 0x83,
  0xbf, 0xff, 0xff, 0xf8, 0x02, 0x00, 0x80, 0x03, 0x26, 0xff, 0x80, 0xf0, 0x02, 0x00, 0x83, 0x2f,
  0xff, 0xff, 0xfe, 0x0e, 0xaa, 0x82, 0xbf, 0xa9, 0x50, 0x22, 0x00, 0x82, 0x56, 0xaf, 0xfa, 0x0d,
  0xaa, 0x83, 0xaf, 0xff, 0xff, 0xfe, 0x02, 0x00, 0x80, 0x02, 0x26, 0xff, 0x80, 0xe0, 0x02, 0x00,
  0x83, 0xbf, 0xff, 0xff, 0xfa, 0x0d, 0xaa, 0x81, 0xab, 0xa4, 0x25, 0x00, 0x82, 0x05, 0xab, 0xff,
  0x0c, 0xaa, 0x80, 0xab, 0x02, 0xff, 0x02, 0x00, 0x80, 0x01, 0x26, 0xff, 0x83, 0xc0, 0x00, 0x00,
  0x01, 0x02, 0xff, 0x80, 0xea, 0x0b, 0xaa, 0x82, 0xab, 0xfa, 0x90, 0x27, 0x00, 0x82, 0x01, 0x6a,
  0xff, 0x0c, 0xaa, 0x02, 0xff, 0x80, 0x80, 0x02, 0x00, 0x26, 0xff, 0x86, 0x80, 0x00, 0x00, 0x03,
  0xff, 0xff, 0xfe, 0x05, 0xaa, 0x80, 0xbf, 0x02, 0xff, 0x84, 0xfe, 0xaa, 0xaf, 0xfa, 0x50, 0x2a,
  0x00, 0x81, 0x1a, 0xbe, 0x0b, 0xaa, 0x83, 0xbf, 0xff, 0xff, 0xd0, 0x02, 0x00, 0x80, 0x7f, 0x25,
  0xff, 0x02, 0x00, 0x83, 0x0b, 0xff, 0xff, 0xfa, 0x04, 0xaa, 0x03, 0xff, 0x84, 0xfe, 0xea, 0xbf,
  0xe9, 0x40, 0x2c, 0x00, 0x81, 0x1a, 0xfe, 0x0a, 0xaa, 0x83, 0xaf, 0xff, 0xff, 0xf4, 0x02, 0x00,
  0x80, 0x3f, 0x24, 0xff, 0x80, 0xfe, 0x02, 0x00, 0x83, 0x1f, 0xff, 0xff, 0xea, 0x03, 0xaa, 0x87,
  0xab, 0xbb, 0xfb, 0xff, 0xff, 0xba, 0xff, 0xe9, 0x2f, 0x00, 0x81, 0x16, 0xbf, 0x09, 0xaa, 0x83,
  0xab, 0xff, 0xff, 0xfc, 0x02, 0x00, 0x80, 0x2f, 0x24, 0xff, 0x80, 0xfd, 0x02, 0x00, 0x83, 0x2f,
  0xff, 0xff, 0xea, 0x05, 0xaa, 0x85, 0xff, 0xfe, 0xaa, 0xaf, 0xe9, 0x40, 0x1b, 0x00, 0x85, 0x55,
  0x56, 0x6a, 0xa6, 0x55, 0x54, 0x0e, 0x00, 0x81, 0x16, 0xbe, 0x08, 0xaa, 0x83, 0xab, 0xff, 0xff,
  0xfd, 0x02, 0x00, 0x80, 0x2f, 0x24, 0xff, 0x80, 0xfc, 0x02, 0x00, 0x83, 0x2f, 0xff, 0xff, 0xea,
  0x05, 0xaa, 0x84, 0xab, 0xae, 0xab, 0xf9, 0x40, 0x1d, 0x00, 0x81, 0x05, 0x6b, 0x02, 0xff, 0x82,
  0xfa, 0xa9, 0x55, 0x0c, 0x00, 0x81, 0x1a, 0xfe, 0x08, 0xaa, 0x82, 0xff, 0xff, 0xfe, 0x02, 0x00,
  0x80, 0x2f, 0x24, 0xff, 0x80, 0xfc, 0x02, 0x00, 0x83, 0x3f, 0xff, 0xff, 0xea, 0x06, 0xaa, 0x82,
  0xab, 0xae, 0x40, 0x21, 0x00, 0x81, 0x56, 0xaf, 0x03, 0xff, 0x81, 0xa9, 0x50, 0x0a, 0x00, 0x81,
  0x1a, 0xfa, 0x07, 0xaa, 0x82, 0xff, 0xff, 0xfe, 0x02, 0x00, 0x80, 0x1f, 0x24, 0xff, 0x80, 0xf8,
  0x02, 0x00, 0x82, 0x3f, 0xff, 0xff, 0x07, 0xaa, 0x81, 0xfe, 0x90, 0x24, 0x00, 0x81, 0x05, 0x6a,
  0x03, 0xff, 0x82, 0xea, 0xa9, 0x40, 0x08, 0x00, 0x81, 0x6b, 0xea, 0x06, 0xaa, 0x82, 0xff, 0xff,
  0xfe, 0x02, 0x00, 0x80, 0x1f, 0x24, 0xff, 0x80, 0xf8, 0x02, 0x00, 0x82, 0x3f, 0xff, 0xff, 0x06,
  0xaa, 0x81, 0xaf, 0xa4, 0x27, 0x00, 0x81, 0x05, 0xab, 0x03, 0xff, 0x81, 0xfe, 0xa4, 0x07, 0x00,
  0x81, 0x01, 0xae, 0x05, 0xaa, 0x83, 0xab, 0xff, 0xff, 0xfe, 0x02, 0x00, 0x80, 0x1f, 0x24, 0xff,
  0x80, 0xf8, 0x02, 0x00, 0x83, 0x3f, 0xff, 0xff, 0xea, 0x04, 0xaa, 0x81, 0xab, 0xf9, 0x2a, 0x00,
  0x80, 0x1a, 0x04, 0xff, 0x80, 0x90, 0x07, 0x00, 0x81, 0x0b, 0xea, 0x05, 0xaa, 0x82, 0xff, 0xff,
  0xfe, 0x02, 0x00, 0x80, 0x1f, 0x24, 0xff, 0x80, 0xf8, 0x02, 0x00, 0x83, 0x2f, 0xff, 0xff, 0xea,
  0x04, 0xaa, 0x81, 0xbe, 0x40, 0x2b, 0x00, 0x81, 0x05, 0xbf, 0x03, 0xff, 0x80, 0x94, 0x07, 0x00,
  0x80, 0x6a, 0x05, 0xaa, 0x82, 0xff, 0xff, 0xfe, 0x02, 0x00, 0x80, 0x1f, 0x24, 0xff, 0x80, 0xf8,
  0x02, 0x00, 0x83, 0x2f, 0xff, 0xff, 0xea, 0x03, 0xaa, 0x81, 0xaf, 0xe4, 0x2d, 0x00, 0x81, 0x01,
  0x6b, 0x03, 0xff, 0x80, 0xa5, 0x06, 0x00, 0x81, 0x02, 0xfa, 0x03, 0xaa, 0x83, 0xab, 0xff, 0xff,
  0xfd, 0x02, 0x00, 0x80, 0x1f, 0x24, 0xff, 0x80, 0xf8, 0x02, 0x00, 0x83, 0x1f, 0xff, 0xff, 0xfa,
  0x03, 0xaa, 0x81, 0xfe, 0x40, 0x2f, 0x00, 0x80, 0x5b, 0x03, 0xff, 0x80, 0xa9, 0x06, 0x00, 0x80,
  0x2b, 0x03, 0xaa, 0x83, 0xaf, 0xff, 0xff, 0xfc, 0x02, 0x00, 0x80, 0x1f, 0x24, 0xff, 0x80, 0xf8,
  0x02, 0x00, 0x83, 0x0f, 0xff, 0xff, 0xfa, 0x02, 0xaa, 0x81, 0xaf, 0xd0, 0x31, 0x00, 0x80, 0x1b,
  0x03, 0xff, 0x80, 0xe4, 0x05, 0x00, 0x80, 0x06, 0x03, 0xaa, 0x83, 0xaf, 0xff, 0xff, 0xf8, 0x02,
  0x00, 0x80, 0x1f, 0x24, 0xff, 0x80, 0xfc, 0x02, 0x00, 0x83, 0x0b, 0xff, 0xff, 0xfe, 0x02, 0xaa,
  0x80, 0xa9, 0x33, 0x00, 0x80, 0x1a, 0x03, 0xff, 0x80, 0xe5, 0x05, 0x00, 0x80, 0x6a, 0x02, 0xaa,
  0x83, 0xbf, 0xff, 0xff, 0xf4, 0x02, 0x00, 0x80, 0x1f, 0x24, 0xff, 0x80, 0xf8, 0x02, 0x00, 0x80,
  0x03, 0x02, 0xff, 0x02, 0xaa, 0x80, 0x90, 0x34, 0x00, 0x80, 0x1b, 0x03, 0xff, 0x80, 0xa4, 0x04,
  0x00, 0x83, 0x02, 0xba, 0xaa, 0xaa, 0x02, 0xff, 0x80, 0xe0, 0x02, 0x00, 0x80, 0x1f, 0x24, 0xff,
  0x80, 0xf8, 0x02, 0x00, 0x80, 0x01, 0x02, 0xff, 0x83, 0xfa, 0xaa, 0xaa, 0x40, 0x35, 0x00, 0x80,
  0xbf, 0x03, 0xff, 0x80, 0x90, 0x04, 0x00, 0x82, 0x2a, 0xaa, 0xaf, 0x02, 0xff, 0x80, 0xc0, 0x02,
  0x00, 0x80, 0x1f, 0x24, 0xff, 0x80, 0xfc, 0x03, 0x00, 0x85, 0xbf, 0xff, 0xff, 0xfe, 0xaa, 0xa8,
  0x36, 0x00, 0x80, 0x06, 0x03, 0xff, 0x81, 0xfd, 0x40, 0x03, 0x00, 0x82, 0x06, 0xaa, 0xbf, 0x02,
  0xff, 0x80, 0x40, 0x02, 0x00, 0x80, 0x1f, 0x24, 0xff, 0x80, 0xfc, 0x03, 0x00, 0x80, 0x2f, 0x02,
  0xff, 0x81, 0xae, 0x90, 0x37, 0x00, 0x80, 0x6f, 0x03, 0xff, 0x80, 0xe9, 0x04, 0x00, 0x80, 0x6a,
  0x02, 0xff, 0x80, 0xfd, 0x03, 0x00, 0x80, 0x1f, 0x24, 0xff, 0x80, 0xf8, 0x03, 0x00, 0x80, 0x0b,
  0x02, 0xff, 0x80, 0xe4, 0x38, 0x00, 0x80, 0x02, 0x04, 0xff, 0x80, 0x90, 0x03, 0x00, 0x80, 0x1b,
  0x02, 0xff, 0x80, 0xf4, 0x03, 0x00, 0x80, 0x1f, 0x05, 0xff, 0x83, 0xfa, 0x95, 0x5a, 0xbf, 0x1a,
  0xff, 0x80, 0xf8, 0x03, 0x00, 0x80, 0x02, 0x02, 0xff, 0x80, 0xf0, 0x39, 0x00, 0x80, 0x6f, 0x03,
  0xff, 0x81, 0xfe, 0x40, 0x02, 0x00, 0x80, 0x1f, 0x02, 0xff, 0x80, 0xd0, 0x03, 0x00, 0x80, 0x1f,
  0x03, 0xff, 0x81, 0xfa, 0x94, 0x03, 0x00, 0x80, 0x5a, 0x19, 0xff, 0x80, 0xfc, 0x04, 0x00, 0x83,
  0xbf, 0xff, 0xff, 0xfd, 0x39, 0x00, 0x80, 0x0b, 0x04, 0xff, 0x80, 0xd0, 0x02, 0x00, 0x80, 0x2f,
  0x02, 0xff, 0x80, 0x40, 0x03, 0x00, 0x80, 0x1f, 0x03, 0xff, 0x80, 0x40, 0x05, 0x00, 0x80, 0x1b,
  0x18, 0xff, 0x80, 0xfc, 0x04, 0x00, 0x80, 0x2f, 0x02, 0xff, 0x80, 0x90, 0x38, 0x00, 0x80, 0x02,
  0x03, 0xff, 0x81, 0xf9, 0x40, 0x02, 0x00, 0x83, 0xbf, 0xff, 0xff, 0xfc, 0x04, 0x00, 0x80, 0x1f,
  0x02, 0xff, 0x80, 0x94, 0x07, 0x00, 0x80, 0x6f, 0x17, 0xff, 0x80, 0xf8, 0x04, 0x00, 0x80, 0x0b,
  0x02, 0xff, 0x80, 0xfe, 0x39, 0x00, 0x02, 0xff, 0x81, 0xfe, 0x40, 0x02, 0x00, 0x80, 0x1b, 0x02,
  0xff, 0x80, 0xe0, 0x04, 0x00, 0x83, 0x1f, 0xff, 0xff, 0xe4, 0x08, 0x00, 0x81, 0x01, 0xbf, 0x16,
  0xff, 0x80, 0xfc, 0x04, 0x00, 0x80, 0x01, 0x03, 0xff, 0x80, 0xd0, 0x38, 0x00, 0x83, 0xbf, 0xff,
  0xff, 0x90, 0x02, 0x00, 0x80, 0x01, 0x03, 0xff, 0x80, 0x80, 0x04, 0x00, 0x82, 0x1f, 0xff, 0xfe,
  0x0a, 0x00, 0x80, 0x1b, 0x16, 0xff, 0x80, 0xfc, 0x05, 0x00, 0x80, 0x2f, 0x02, 0xff, 0x80, 0xfd,
  0x38, 0x00, 0x82, 0x7f, 0xfe, 0x94, 0x03, 0x00, 0x80, 0x1f, 0x02, 0xff, 0x80, 0xfd, 0x05, 0x00,
  0x82, 0x1f, 0xff, 0x90, 0x0b, 0x00, 0x80, 0xbf, 0x15, 0xff, 0x80, 0xf8, 0x05, 0x00, 0x80, 0x07,
  0x03, 0xff, 0x80, 0xa0, 0x37, 0x00, 0x81, 0x7f, 0x90, 0x03, 0x00, 0x80, 0x06, 0x03, 0xff, 0x80,
  0xe0, 0x05, 0x00, 0x81, 0x1f, 0xf9, 0x0c, 0x00, 0x80, 0x0b, 0x15, 0xff, 0x80, 0xfc, 0x06, 0x00,
  0x80, 0x6f, 0x02, 0xff, 0x81, 0xfe, 0x40, 0x36, 0x00, 0x80, 0x10, 0x04, 0x00, 0x80, 0x6f, 0x02,
  0xff, 0x81, 0xfe, 0x40, 0x05, 0x00, 0x81, 0x1f, 0x80, 0x0c, 0x00, 0x80, 0x01, 0x15, 0xff, 0x80,
  0xfc, 0x02, 0x00, 0x80, 0x10, 0x02, 0x00, 0x80, 0x06, 0x03, 0xff, 0x80, 0xf5, 0x3b, 0x00, 0x80,
  0x1b, 0x03, 0xff, 0x80, 0xe4, 0x06, 0x00, 0x80, 0x04, 0x0e, 0x00, 0x80, 0x1f, 0x14, 0xff, 0x80,
  0xfc, 0x02, 0x00, 0x80, 0x15, 0x03, 0x00, 0x80, 0x6f, 0x03, 0xff, 0x80, 0xe0, 0x39, 0x00, 0x81,
  0x02, 0xbf, 0x02, 0xff, 0x81, 0xfe, 0x40, 0x02, 0x00, 0x80, 0x40, 0x12, 0x00, 0x80, 0x02, 0x14,
  0xff, 0x80, 0xfc, 0x02, 0x00, 0x81, 0x15, 0x40, 0x02, 0x00, 0x80, 0x02, 0x03, 0xff, 0x80, 0xfe,
  0x39, 0x00, 0x80, 0x6f, 0x03, 0xff, 0x80, 0xe4, 0x02, 0x00, 0x81, 0x01, 0x40, 0x13, 0x00, 0x80,
  0xbf, 0x13, 0xff, 0x80, 0xfc, 0x02, 0x00, 0x81, 0x15, 0x50, 0x03, 0x00, 0x80, 0x2f, 0x03, 0xff,
  0x80, 0xf9, 0x37, 0x00, 0x80, 0x6f, 0x03, 0xff, 0x81, 0xfe, 0x40, 0x02, 0x00, 0x80, 0x15, 0x09,
  0x00, 0x80, 0x01, 0x02, 0x55, 0x80, 0x54, 0x05, 0x00, 0x80, 0x1f, 0x13, 0xff, 0x80, 0xfc, 0x02,
  0x00, 0x81, 0x15, 0x55, 0x03, 0x00, 0x81, 0x01, 0xbf, 0x03, 0xff, 0x80, 0xe9, 0x35, 0x00, 0x80,
  0x5b, 0x04, 0xff, 0x80, 0x94, 0x03, 0x00, 0x80, 0x54, 0x08, 0x00, 0x80, 0x05, 0x05, 0x55, 0x04,
  0x00, 0x80, 0x02, 0x13, 0xff, 0x80, 0xfc, 0x02, 0x00, 0x82, 0x15, 0x55, 0x50, 0x03, 0x00, 0x80,
  0x1b, 0x04, 0xff, 0x80, 0xe9, 0x33, 0x00, 0x80, 0x6a, 0x04, 0xff, 0x80, 0xf4, 0x03, 0x00, 0x81,
  0x05, 0x54, 0x07, 0x00, 0x80, 0x01, 0x06, 0x55, 0x80, 0x54, 0x04, 0x00, 0x80, 0xbf, 0x12, 0xff,
  0x80, 0xfc, 0x02, 0x00, 0x82, 0x15, 0x55, 0x55, 0x04, 0x00, 0x81, 0xbf, 0xef, 0x03, 0xff, 0x80,
  0xf5, 0x31, 0x00, 0x80, 0x5b, 0x04, 0xff, 0x81, 0xfe, 0x40, 0x03, 0x00, 0x81, 0x15, 0x50, 0x07,
  0x00, 0x08, 0x55, 0x80, 0x40, 0x03, 0x00, 0x80, 0x2f, 0x12, 0xff, 0x80, 0xfc, 0x02, 0x00, 0x83,
  0x15, 0x55, 0x55, 0x40, 0x03, 0x00, 0x81, 0x06, 0xbf, 0x04, 0xff, 0x80, 0xa5, 0x2f, 0x00, 0x80,
  0x1b, 0x05, 0xff, 0x80, 0xe4, 0x03, 0x00, 0x82, 0x01, 0x55, 0x40, 0x06, 0x00, 0x80, 0x15, 0x09,
  0x55, 0x03, 0x00, 0x80, 0x07, 0x12, 0xff, 0x80, 0xfc, 0x02, 0x00, 0x83, 0x15, 0x55, 0x55, 0x54,
  0x04, 0x00, 0x80, 0x1b, 0x05, 0xff, 0x80, 0xe8, 0x2d, 0x00, 0x80, 0x1a, 0x05, 0xff, 0x80, 0xf9,
  0x04, 0x00, 0x81, 0x15, 0x55, 0x06, 0x00, 0x80, 0x01, 0x0a, 0x55, 0x80, 0x40, 0x02, 0x00, 0x80,
  0x02, 0x12, 0xff, 0x80, 0xfd, 0x02, 0x00, 0x80, 0x15, 0x02, 0x55, 0x80, 0x50, 0x04, 0x00, 0x80,
  0x6f, 0x05, 0xff, 0x80, 0x95, 0x2b, 0x00, 0x80, 0x5b, 0x05, 0xff, 0x81, 0xfe, 0x40, 0x03, 0x00,
  0x82, 0x01, 0x55, 0x54, 0x06, 0x00, 0x0b, 0x55, 0x80, 0x54, 0x03, 0x00, 0x80, 0xbf, 0x11, 0xff,
  0x80, 0xfd, 0x02, 0x00, 0x80, 0x15, 0x02, 0x55, 0x80, 0x54, 0x04, 0x00, 0x81, 0x01, 0xaf, 0x05,
  0xff, 0x81, 0xfa, 0x54, 0x27, 0x00, 0x81, 0x05, 0xaf, 0x05, 0xff, 0x81, 0xfe, 0x90, 0x04, 0x00,
  0x82, 0x05, 0x55, 0x50, 0x05, 0x00, 0x80, 0x01, 0x0c, 0x55, 0x03, 0x00, 0x80, 0x3f, 0x11, 0xff,
  0x80, 0xfd, 0x02, 0x00, 0x80, 0x15, 0x03, 0x55, 0x80, 0x40, 0x04, 0x00, 0x81, 0x01, 0xbf, 0x05,
  0xff, 0x81, 0xfe, 0xa5, 0x25, 0x00, 0x81, 0x5a, 0xbf, 0x06, 0xff, 0x80, 0x94, 0x05, 0x00, 0x82,
  0x55, 0x55, 0x40, 0x05, 0x00, 0x80, 0x01, 0x05, 0x55, 0x81, 0x50, 0x45, 0x04, 0x55, 0x80, 0x50,
  0x02, 0x00, 0x80, 0x2f, 0x11, 0xff, 0x80, 0xfd, 0x02, 0x00, 0x80, 0x15, 0x04, 0x55, 0x05, 0x00,
  0x80, 0x06, 0x07, 0xff, 0x81, 0xa9, 0x50, 0x21, 0x00, 0x81, 0x01, 0xaf, 0x07, 0xff, 0x80, 0xe4,
  0x05, 0x00, 0x82, 0x15, 0x55, 0x55, 0x06, 0x00, 0x80, 0x01, 0x04, 0x55, 0x03, 0x00, 0x80, 0x15,
  0x02, 0x55, 0x80, 0x54, 0x02, 0x00, 0x80, 0x0f, 0x11, 0xff, 0x80, 0xfd, 0x02, 0x00, 0x80, 0x05,
  0x04, 0x55, 0x80, 0x50, 0x05, 0x00, 0x80, 0x06, 0x08, 0xff, 0x80, 0xa5, 0x1e, 0x00, 0x82, 0x01,
  0x5a, 0xbf, 0x07, 0xff, 0x80, 0xf9, 0x05, 0x00, 0x83, 0x01, 0x55, 0x55, 0x50, 0x06, 0x00, 0x80,
  0x01, 0x02, 0x55, 0x80, 0x54, 0x05, 0x00, 0x03, 0x55, 0x02, 0x00, 0x80, 0x03, 0x11, 0xff, 0x80,
  0xfd, 0x02, 0x00, 0x80, 0x05, 0x05, 0x55, 0x80, 0x40, 0x05, 0x00, 0x81, 0x1a, 0xbf, 0x07, 0xff,
  0x82, 0xea, 0xa5, 0x50, 0x19, 0x00, 0x86, 0x05, 0x6a, 0xbf, 0xff, 0xff, 0xfe, 0xee, 0x04, 0xff,
  0x81, 0xe9, 0x40, 0x05, 0x00, 0x02, 0x55, 0x80, 0x40, 0x06, 0x00, 0x83, 0x01, 0x55, 0x55, 0x54,
  0x06, 0x00, 0x80, 0x01, 0x02, 0x55, 0x83, 0x40, 0x00, 0x00, 0x01, 0x11, 0xff, 0x80, 0xfd, 0x02,
  0x00, 0x80, 0x05, 0x05, 0x55, 0x80, 0x54, 0x06, 0x00, 0x81, 0x06, 0xbf, 0x08, 0xff, 0x83, 0xfe,
  0xaa, 0x55, 0x40, 0x13, 0x00, 0x82, 0x01, 0x55, 0xab, 0x0a, 0xff, 0x80, 0xe5, 0x06, 0x00, 0x83,
  0x15, 0x55, 0x55, 0x54, 0x07, 0x00, 0x82, 0x01, 0x55, 0x55, 0x08, 0x00, 0x83, 0x15, 0x55, 0x55,
  0x54, 0x02, 0x00, 0x80, 0x7f, 0x10, 0xff, 0x80, 0xfe, 0x02, 0x00, 0x80, 0x05, 0x06, 0x55, 0x80,
  0x50, 0x06, 0x00, 0x81, 0x05, 0xbf, 0x0b, 0xff, 0x82, 0xea, 0xa5, 0x54, 0x0c, 0x00, 0x83, 0x01,
  0x55, 0xaa, 0xab, 0x0c, 0xff, 0x80, 0xa4, 0x06, 0x00, 0x80, 0x05, 0x02, 0x55, 0x80, 0x40, 0x07,
  0x00, 0x82, 0x01, 0x55, 0x40, 0x08, 0x00, 0x80, 0x01, 0x02, 0x55, 0x02, 0x00, 0x80, 0x3f, 0x10,
  0xff, 0x80, 0xfe, 0x02, 0x00, 0x80, 0x05, 0x07, 0x55, 0x80, 0x40, 0x06, 0x00, 0x84, 0x01, 0x6a,
  0xff, 0xff, 0xfb, 0x0a, 0xff, 0x80, 0xfe, 0x03, 0xaa, 0x02, 0x55, 0x80, 0x96, 0x02, 0xaa, 0x80,
  0xbf, 0x0e, 0xff, 0x81, 0xfa, 0x90, 0x06, 0x00, 0x80, 0x01, 0x02, 0x55, 0x80, 0x54, 0x08, 0x00,
  0x81, 0x01, 0x54, 0x0a, 0x00, 0x82, 0x15, 0x55, 0x55, 0x02, 0x00, 0x80, 0x0f, 0x10, 0xff, 0x80,
  0xfe, 0x02, 0x00, 0x80, 0x05, 0x08, 0x55, 0x08, 0x00, 0x80, 0x5a, 0x27, 0xff, 0x81, 0xe9, 0x40,
  0x07, 0x00, 0x03, 0x55, 0x80, 0x40, 0x15, 0x00, 0x86, 0x01, 0x55, 0x55, 0x40, 0x00, 0x00, 0x07,
  0x10, 0xff, 0x80, 0xfe, 0x02, 0x00, 0x80, 0x05, 0x08, 0x55, 0x80, 0x54, 0x08, 0x00, 0x81, 0x06,
  0xbf, 0x23, 0xff, 0x81, 0xfe, 0x94, 0x08, 0x00, 0x03, 0x55, 0x80, 0x54, 0x17, 0x00, 0x85, 0x55,
  0x55, 0x50, 0x00, 0x00, 0x02, 0x10, 0xff, 0x80, 0xfe, 0x02, 0x00, 0x80, 0x05, 0x02, 0x55, 0x80,
  0x5a, 0x05, 0x55, 0x80, 0x50, 0x08, 0x00, 0x81, 0x01, 0x6a, 0x21, 0xff, 0x81, 0xa9, 0x40, 0x08,
  0x00, 0x80, 0x05, 0x03, 0x55, 0x80, 0x40, 0x17, 0x00, 0x85, 0x05, 0x55, 0x54, 0x00, 0x00, 0x01,
  0x10, 0xff, 0x80, 0xfe, 0x02, 0x00, 0x80, 0x05, 0x02, 0x55, 0x81, 0x56, 0x95, 0x05, 0x55, 0x80,
  0x40, 0x09, 0x00, 0x81, 0x05, 0xab, 0x1d, 0xff, 0x81, 0xea, 0x50, 0x09, 0x00, 0x80, 0x05, 0x03,
  0x55, 0x80, 0x54, 0x18, 0x00, 0x82, 0x01, 0x55, 0x54, 0x02, 0x00, 0x80, 0xbf, 0x0f, 0xff, 0x80,
  0xfe, 0x02, 0x00, 0x80, 0x05, 0x02, 0x55, 0x89, 0x57, 0xfe, 0x41, 0x55, 0x54, 0x10, 0x00, 0x55,
  0x55, 0x50, 0x0a, 0x00, 0x81, 0x15, 0x6a, 0x19, 0xff, 0x81, 0xe9, 0x54, 0x0a, 0x00, 0x80, 0x05,
  0x04, 0x55, 0x80, 0x50, 0x19, 0x00, 0x81, 0x55, 0x55, 0x02, 0x00, 0x80, 0x7f, 0x0f, 0xff, 0x80,
  0xfe, 0x02, 0x00, 0x80, 0x05, 0x02, 0x55, 0x82, 0x57, 0xff, 0xe4, 0x03, 0x00, 0x83, 0x15, 0x55,
  0x55, 0x50, 0x0b, 0x00, 0x82, 0x01, 0x5a, 0xbf, 0x13, 0xff, 0x82, 0xfe, 0xa5, 0x50, 0x0b, 0x00,
  0x80, 0x15, 0x04, 0x55, 0x80, 0x54, 0x1a, 0x00, 0x81, 0x15, 0x55, 0x02, 0x00, 0x80, 0x2f, 0x0f,
  0xff, 0x80, 0xfe, 0x02, 0x00, 0x80, 0x01, 0x02, 0x55, 0x87, 0x57, 0xff, 0xfe, 0x50, 0x10, 0x00,
  0x00, 0x15, 0x02, 0x55, 0x80, 0x50, 0x0d, 0x00, 0x82, 0x05, 0x6a, 0xaa, 0x0d, 0xff, 0x82, 0xea,
  0xaa, 0x54, 0x0d, 0x00, 0x80, 0x05, 0x05, 0x55, 0x1b, 0x00, 0x85, 0x05, 0x55, 0x40, 0x00, 0x00,
  0x1f, 0x10, 0xff, 0x02, 0x00, 0x80, 0x01, 0x02, 0x55, 0x87, 0x52, 0xff, 0xff, 0xfa, 0x50, 0x55,
  0x00, 0x15, 0x03, 0x55, 0x80, 0x54, 0x10, 0x00, 0x83, 0x45, 0x55, 0x55, 0x9a, 0x03, 0xaa, 0x83,
  0xa9, 0x95, 0x55, 0x54, 0x10, 0x00, 0x80, 0x15, 0x05, 0x55, 0x80, 0x50, 0x1b, 0x00, 0x85, 0x01,
  0x55, 0x50, 0x00, 0x00, 0x0b, 0x10, 0xff, 0x02, 0x00, 0x80, 0x01, 0x02, 0x55, 0x80, 0x52, 0x02,
  0xff, 0x83, 0xe9, 0x00, 0x55, 0x15, 0x05, 0x55, 0x80, 0x40, 0x29, 0x00, 0x80, 0x01, 0x06, 0x55,
  0x80, 0x54, 0x1d, 0x00, 0x84, 0x55, 0x50, 0x00, 0x00, 0x07, 0x10, 0xff, 0x02, 0x00, 0x80, 0x01,
  0x02, 0x55, 0x80, 0x52, 0x03, 0xff, 0x82, 0xa4, 0x00, 0x15, 0x06, 0x55, 0x80, 0x50, 0x27, 0x00,
  0x80, 0x15, 0x06, 0x55, 0x80, 0x44, 0x1e, 0x00, 0x84, 0x15, 0x54, 0x00, 0x00, 0x03, 0x10, 0xff,
  0x83, 0x40, 0x00, 0x00, 0x01, 0x02, 0x55, 0x80, 0x52, 0x04, 0xff, 0x81, 0x94, 0x05, 0x08, 0x55,
  0x24, 0x00, 0x80, 0x05, 0x08, 0x55, 0x80, 0x40, 0x14, 0x00, 0x82, 0x05, 0x55, 0x40, 0x06, 0x00,
  0x84, 0x05, 0x54, 0x00, 0x00, 0x02, 0x10, 0xff, 0x83, 0x40, 0x00, 0x00, 0x01, 0x02, 0x55, 0x80,
  0x52, 0x05, 0xff, 0x82, 0xa5, 0x15, 0x51, 0x08, 0x55, 0x21, 0x00, 0x09, 0x55, 0x15, 0x00, 0x84,
  0x06, 0xbf, 0xff, 0xfe, 0x80, 0x05, 0x00, 0x84, 0x01, 0x55, 0x00, 0x00, 0x01, 0x10, 0xff, 0x83,
  0x80, 0x00, 0x00, 0x01, 0x02, 0x55, 0x80, 0x51, 0x06, 0xff, 0x81, 0x55, 0x41, 0x0a, 0x55, 0x1d,
  0x00, 0x0a, 0x55, 0x80, 0x50, 0x15, 0x00, 0x80, 0xbf, 0x02, 0xff, 0x80, 0xf9, 0x05, 0x00, 0x81,
  0x01, 0x55, 0x02, 0x00, 0x10, 0xff, 0x83, 0x80, 0x00, 0x00, 0x01, 0x02, 0x55, 0x80, 0x51, 0x06,
  0xff, 0x81, 0x95, 0x51, 0x0c, 0x55, 0x80, 0x54, 0x15, 0x00, 0x81, 0x01, 0x04, 0x0d, 0x55, 0x80,
  0x50, 0x14, 0x00, 0x80, 0x0b, 0x04, 0xff, 0x80, 0x90, 0x04, 0x00, 0x81, 0x01, 0x55, 0x02, 0x00,
  0x80, 0xbf, 0x0f, 0xff, 0x80, 0x80, 0x02, 0x00, 0x02, 0x55, 0x80, 0x51, 0x06, 0xff, 0x80, 0x95,
  0x0e, 0x55, 0x80, 0x54, 0x14, 0x00, 0x80, 0x45, 0x0e, 0x55, 0x80, 0x50, 0x14, 0x00, 0x80, 0x7f,
  0x04, 0xff, 0x80, 0xf8, 0x05, 0x00, 0x84, 0x45, 0x40, 0x00, 0x00, 0x7f, 0x0f, 0xff, 0x80, 0x80,
  0x02, 0x00, 0x03, 0x55, 0x06, 0xff, 0x80, 0xd5, 0x0f, 0x55, 0x80, 0x50, 0x13, 0x00, 0x80, 0x05,
  0x0e, 0x55, 0x80, 0x50, 0x13, 0x00, 0x80, 0x02, 0x05, 0xff, 0x80, 0xfe, 0x05, 0x00, 0x84, 0x05,
  0x40, 0x00, 0x00, 0x3f, 0x0f, 0xff, 0x80, 0x80, 0x02, 0x00, 0x03, 0x55, 0x06, 0xff, 0x80, 0xe5,
  0x15, 0x55, 0x80, 0x40, 0x08, 0x00, 0x14, 0x55, 0x80, 0x50, 0x13, 0x00, 0x80, 0x1f, 0x06, 0xff,
  0x80, 0xc0, 0x04, 0x00, 0x84, 0x05, 0x40, 0x00, 0x00, 0x3f, 0x0f, 0xff, 0x80, 0xc0, 0x02, 0x00,
  0x02, 0x55, 0x80, 0x54, 0x06, 0xff, 0x80, 0xe5, 0x34, 0x55, 0x80, 0x50, 0x13, 0x00, 0x80, 0x7f,
  0x06, 0xff, 0x80, 0xe0, 0x04, 0x00, 0x84, 0x05, 0x50, 0x00, 0x00, 0x2f, 0x0f, 0xff, 0x80, 0xc0,
  0x02, 0x00, 0x02, 0x55, 0x80, 0x54, 0x06, 0xff, 0x81, 0xe0, 0x51, 0x33, 0x55, 0x80, 0x50, 0x12,
  0x00, 0x80, 0x01, 0x07, 0xff, 0x80, 0xf8, 0x04, 0x00, 0x84, 0x05, 0x50, 0x00, 0x00, 0x1f, 0x0f,
  0xff, 0x80, 0xc0, 0x02, 0x00, 0x02, 0x55, 0x81, 0x54, 0xbf, 0x05, 0xff, 0x80, 0xe0, 0x34, 0x55,
  0x80, 0x50, 0x12, 0x00, 0x80, 0x07, 0x07, 0xff, 0x80, 0xfe, 0x04, 0x00, 0x84, 0x01, 0x50, 0x00,
  0x00, 0x1f, 0x0f, 0xff, 0x80, 0xc0, 0x02, 0x00, 0x02, 0x55, 0x81, 0x54, 0xbf, 0x05, 0xff, 0x81,
  0xe4, 0x15, 0x33, 0x55, 0x80, 0x50, 0x12, 0x00, 0x80, 0x1f, 0x08, 0xff, 0x80, 0x40, 0x03, 0x00,
  0x84, 0x01, 0x50, 0x00, 0x00, 0x0f, 0x0f, 0xff, 0x80, 0xd0, 0x02, 0x00, 0x02, 0x55, 0x81, 0x54,
  0xbf, 0x05, 0xff, 0x81, 0xe5, 0x11, 0x33, 0x55, 0x80, 0x50, 0x12, 0x00, 0x80, 0x7f, 0x08, 0xff,
  0x80, 0x80, 0x04, 0x00, 0x83, 0x50, 0x00, 0x00, 0x0f, 0x0f, 0xff, 0x80, 0xd0, 0x02, 0x00, 0x02,
  0x55, 0x81, 0x54, 0xbf, 0x05, 0xff, 0x81, 0xe5, 0x11, 0x33, 0x55, 0x80, 0x50, 0x12, 0x00, 0x80,
  0xbf, 0x08, 0xff, 0x80, 0xd0, 0x04, 0x00, 0x83, 0x50, 0x00, 0x00, 0x0f, 0x0f, 0xff, 0x80, 0xe0,
  0x02, 0x00, 0x02, 0x55, 0x81, 0x54, 0x7f, 0x05, 0xff, 0x80, 0xe5, 0x34, 0x55, 0x80, 0x50, 0x11,
  0x00, 0x80, 0x01, 0x09, 0xff, 0x80, 0xf0, 0x04, 0x00, 0x83, 0x50, 0x00, 0x00, 0x0b, 0x0f, 0xff,
  0x80, 0xe0, 0x02, 0x00, 0x03, 0x55, 0x80, 0x7f, 0x05, 0xff, 0x80, 0xf5, 0x34, 0x55, 0x80, 0x50,
  0x11, 0x00, 0x80, 0x03, 0x09, 0xff, 0x80, 0xf8, 0x04, 0x00, 0x83, 0x10, 0x00, 0x00, 0x0b, 0x0f,
  0xff, 0x80, 0xe0, 0x02, 0x00, 0x03, 0x55, 0x80, 0x7f, 0x05, 0xff, 0x80, 0xf5, 0x34, 0x55, 0x80,
  0x50, 0x11, 0x00, 0x80, 0x0b, 0x09, 0xff, 0x80, 0xfc, 0x04, 0x00, 0x83, 0x14, 0x00, 0x00, 0x0b,
  0x0f, 0xff, 0x80, 0xe0, 0x02, 0x00, 0x80, 0x15, 0x02, 0x55, 0x80, 0x7f, 0x05, 0xff, 0x80, 0xf5,
  0x34, 0x55, 0x80, 0x40, 0x11, 0x00, 0x80, 0x1f, 0x09, 0xff, 0x80, 0xfd, 0x04, 0x00, 0x83, 0x14,
  0x00, 0x00, 0x0b, 0x0f, 0xff, 0x80, 0xf0, 0x02, 0x00, 0x80, 0x15, 0x02, 0x55, 0x80, 0x3f, 0x05,
  0xff, 0x80, 0xf5, 0x34, 0x55, 0x80, 0x40, 0x11, 0x00, 0x80, 0x2f, 0x09, 0xff, 0x80, 0xfd, 0x04,
  0x00, 0x83, 0x14, 0x00, 0x00, 0x0b, 0x0f, 0xff, 0x80, 0xf0, 0x02, 0x00, 0x80, 0x15, 0x02, 0x55,
  0x80, 0x2f, 0x05, 0xff, 0x80, 0xf5, 0x34, 0x55, 0x80, 0x40, 0x11, 0x00, 0x80, 0x7f, 0x09, 0xff,
  0x80, 0xfe, 0x04, 0x00, 0x83, 0x04, 0x00, 0x00, 0x0b, 0x0f, 0xff, 0x80, 0xf0, 0x02, 0x00, 0x80,
  0x15, 0x02, 0x55, 0x80, 0x2f, 0x05, 0xff, 0x80, 0xf5, 0x34, 0x55, 0x80, 0x40, 0x11, 0x00, 0x80,
  0xbf, 0x09, 0xff, 0x80, 0xfe, 0x04, 0x00, 0x83, 0x04, 0x00, 0x00, 0x0b, 0x0f, 0xff, 0x80, 0xf4,
  0x02, 0x00, 0x80, 0x15, 0x02, 0x55, 0x80, 0x2f, 0x05, 0xff, 0x80, 0xf5, 0x34, 0x55, 0x80, 0x40,
  0x11, 0x00, 0x0b, 0xff, 0x04, 0x00, 0x83, 0x04, 0x00, 0x00, 0x07, 0x0f, 0xff, 0x80, 0xf4, 0x02,
  0x00, 0x80, 0x15, 0x02, 0x55, 0x80, 0x2f, 0x05, 0xff, 0x80, 0xf4, 0x34, 0x55, 0x80, 0x40, 0x10,
  0x00, 0x80, 0x02, 0x0b, 0xff, 0x80, 0x40, 0x06, 0x00, 0x80, 0x07, 0x0f, 0xff, 0x80, 0xf8, 0x02,
  0x00, 0x80, 0x15, 0x02, 0x55, 0x80, 0x5f, 0x05, 0xff, 0x80, 0xf4, 0x34, 0x55, 0x80, 0x40, 0x10,
  0x00, 0x80, 0x03, 0x0b, 0xff, 0x80, 0x40, 0x06, 0x00, 0x80, 0x07, 0x0f, 0xff, 0x80, 0xf8, 0x02,
  0x00, 0x80, 0x15, 0x02, 0x55, 0x80, 0x5f, 0x05, 0xff, 0x80, 0xf8, 0x34, 0x55, 0x80, 0x40, 0x10,
  0x00, 0x80, 0x07, 0x0b, 0xff, 0x80, 0x40, 0x06, 0x00, 0x80, 0x07, 0x0f, 0xff, 0x80, 0xf8, 0x02,
  0x00, 0x80, 0x05, 0x02, 0x55, 0x80, 0x5f, 0x05, 0xff, 0x80, 0xf8, 0x34, 0x55, 0x80, 0x40, 0x10,
  0x00, 0x80, 0x0b, 0x0b, 0xff, 0x80, 0x40, 0x06, 0x00, 0x80, 0x0b, 0x0f, 0xff, 0x80, 0xf8, 0x02,
  0x00, 0x80, 0x05, 0x02, 0x55, 0x80, 0x5f, 0x05, 0xff, 0x80, 0xfc, 0x34, 0x55, 0x80, 0x40, 0x10,
  0x00, 0x80, 0x1f, 0x0b, 0xff, 0x80, 0x40, 0x06, 0x00, 0x80, 0x0b, 0x0f, 0xff, 0x80, 0xfc, 0x02,
  0x00, 0x80, 0x05, 0x02, 0x55, 0x80, 0x4b, 0x05, 0xff, 0x80, 0xfc, 0x34, 0x55, 0x80, 0x40, 0x10,
  0x00, 0x80, 0x2f, 0x0b, 0xff, 0x80, 0x40, 0x06, 0x00, 0x80, 0x0b, 0x0f, 0xff, 0x80, 0xfd, 0x02,
  0x00, 0x80, 0x05, 0x02, 0x55, 0x80, 0x4b, 0x05, 0xff, 0x80, 0xfc, 0x34, 0x55, 0x80, 0x40, 0x10,
  0x00, 0x80, 0x7f, 0x0b, 0xff, 0x80, 0x40, 0x06, 0x00, 0x80, 0x0b, 0x0f, 0xff, 0x80, 0xfd, 0x02,
  0x00, 0x80, 0x05, 0x02, 0x55, 0x80, 0x4b, 0x05, 0xff, 0x80, 0xfd, 0x34, 0x55, 0x80, 0x40, 0x10,
  0x00, 0x0c, 0xff, 0x80, 0x40, 0x06, 0x00, 0x80, 0x0b, 0x0f, 0xff, 0x80, 0xfe, 0x02, 0x00, 0x80,
  0x05, 0x02, 0x55, 0x80, 0x47, 0x05, 0xff, 0x80, 0xfd, 0x34, 0x55, 0x80, 0x40, 0x0f, 0x00, 0x80,
  0x02, 0x0c, 0xff, 0x80, 0x40, 0x06, 0x00, 0x80, 0x0b, 0x0f, 0xff, 0x80, 0xfe, 0x02, 0x00, 0x80,
  0x01, 0x02, 0x55, 0x80, 0x57, 0x05, 0xff, 0x81, 0xfd, 0x15, 0x33, 0x55, 0x10, 0x00, 0x80, 0x07,
  0x0c, 0xff, 0x07, 0x00, 0x80, 0x0b, 0x0f, 0xff, 0x80, 0xfe, 0x02, 0x00, 0x80, 0x01, 0x02, 0x55,
  0x80, 0x57, 0x05, 0xff, 0x81, 0xfd, 0x15, 0x33, 0x55, 0x10, 0x00, 0x80, 0x1f, 0x0c, 0xff, 0x07,
  0x00, 0x80, 0x0b, 0x10, 0xff, 0x02, 0x00, 0x80, 0x01, 0x02, 0x55, 0x80, 0x53, 0x05, 0xff, 0x81,
  0xfd, 0x15, 0x33, 0x55, 0x10, 0x00, 0x80, 0x7f, 0x0c, 0xff, 0x07, 0x00, 0x80, 0x0b, 0x10, 0xff,
  0x02, 0x00, 0x80, 0x01, 0x02, 0x55, 0x80, 0x53, 0x05, 0xff, 0x81, 0xfe, 0x15, 0x33, 0x55, 0x0f,
  0x00, 0x80, 0x01, 0x0c, 0xff, 0x80, 0xfe, 0x07, 0x00, 0x80, 0x0b, 0x10, 0xff, 0x83, 0x40, 0x00,
  0x00, 0x01, 0x02, 0x55, 0x80, 0x52, 0x05, 0xff, 0x81, 0xfe, 0x15, 0x33, 0x55, 0x0f, 0x00, 0x80,
  0x07, 0x0c, 0xff, 0x80, 0xfe, 0x07, 0x00, 0x80, 0x0b, 0x10, 0xff, 0x83, 0x40, 0x00, 0x00, 0x01,
  0x02, 0x55, 0x80, 0x52, 0x05, 0xff, 0x81, 0xfe, 0x15, 0x33, 0x55, 0x0f, 0x00, 0x80, 0x2f, 0x0c,
  0xff, 0x80, 0xfd, 0x07, 0x00, 0x80, 0x0f, 0x10, 0xff, 0x83, 0x80, 0x00, 0x00, 0x01, 0x02, 0x55,
  0x80, 0x51, 0x05, 0xff, 0x81, 0xfe, 0x15, 0x33, 0x55, 0x0e, 0x00, 0x80, 0x02, 0x0d, 0xff, 0x80,
  0xfc, 0x07, 0x00, 0x80, 0x1f, 0x10, 0xff, 0x80, 0x80, 0x02, 0x00, 0x02, 0x55, 0x80, 0x51, 0x05,
  0xff, 0x81, 0xfe, 0x15, 0x33, 0x55, 0x0e, 0x00, 0x80, 0x0b, 0x0d, 0xff, 0x80, 0xfc, 0x07, 0x00,
  0x80, 0x2f, 0x10, 0xff, 0x80, 0xc0, 0x02, 0x00, 0x03, 0x55, 0x06, 0xff, 0x80, 0x05, 0x33, 0x55,
  0x0e, 0x00, 0x80, 0x0f, 0x0d, 0xff, 0x80, 0xf8, 0x07, 0x00, 0x80, 0x2f, 0x10, 0xff, 0x80, 0xd0,
  0x02, 0x00, 0x02, 0x55, 0x80, 0x54, 0x06, 0xff, 0x80, 0x45, 0x33, 0x55, 0x0e, 0x00, 0x80, 0x1f,
  0x0d, 0xff, 0x80, 0xf4, 0x07, 0x00, 0x80, 0x3f, 0x10, 0xff, 0x80, 0xe0, 0x02, 0x00, 0x02, 0x55,
  0x81, 0x54, 0xbf, 0x05, 0xff, 0x80, 0x45, 0x33, 0x55, 0x0e, 0x00, 0x80, 0x1f, 0x0d, 0xff, 0x80,
  0xf0, 0x07, 0x00, 0x80, 0x3f, 0x10, 0xff, 0x80, 0xe0, 0x02, 0x00, 0x02, 0x55, 0x81, 0x54, 0xbf,
  0x05, 0xff, 0x80, 0x45, 0x33, 0x55, 0x0e, 0x00, 0x80, 0x2f, 0x0d, 0xff, 0x80, 0xd0, 0x07, 0x00,
  0x80, 0x7f, 0x10, 0xff, 0x80, 0xe0, 0x02, 0x00, 0x84, 0x15, 0x55, 0x55, 0x54, 0x7f, 0x05, 0xff,
  0x80, 0x45, 0x32, 0x55, 0x80, 0x54, 0x0e, 0x00, 0x80, 0x3f, 0x0d, 0xff, 0x80, 0xc0, 0x07, 0x00,
  0x80, 0xbf, 0x10, 0xff, 0x80, 0xf0, 0x02, 0x00, 0x84, 0x15, 0x55, 0x54, 0x54, 0x7f, 0x05, 0xff,
  0x80, 0x85, 0x32, 0x55, 0x80, 0x54, 0x0e, 0x00, 0x80, 0x3f, 0x0d, 0xff, 0x80, 0x80, 0x07, 0x00,
  0x11, 0xff, 0x80, 0xf4, 0x02, 0x00, 0x84, 0x15, 0x55, 0x54, 0x55, 0x7f, 0x05, 0xff, 0x80, 0x85,
  0x32, 0x55, 0x80, 0x54, 0x0e, 0x00, 0x80, 0x3f, 0x0d, 0xff, 0x80, 0x40, 0x07, 0x00, 0x11, 0xff,
  0x80, 0xf4, 0x02, 0x00, 0x84, 0x15, 0x55, 0x54, 0x55, 0x7f, 0x05, 0xff, 0x80, 0x81, 0x32, 0x55,
  0x80, 0x54, 0x0e, 0x00, 0x80, 0x7f, 0x0c, 0xff, 0x80, 0xfe, 0x07, 0x00, 0x80, 0x01, 0x11, 0xff,
  0x80, 0xf4, 0x02, 0x00, 0x84, 0x15, 0x55, 0x54, 0x55, 0x6f, 0x05, 0xff, 0x80, 0x81, 0x32, 0x55,
  0x80, 0x54, 0x0e, 0x00, 0x80, 0xbf, 0x0c, 0xff, 0x80, 0xfd, 0x07, 0x00, 0x80, 0x02, 0x11, 0xff,
  0x80, 0xf8, 0x02, 0x00, 0x80, 0x05, 0x02, 0x55, 0x80, 0x2f, 0x05, 0xff, 0x80, 0xc1, 0x32, 0x55,
  0x80, 0x54, 0x0e, 0x00, 0x0d, 0xff, 0x83, 0xfc, 0x00, 0x00, 0x04, 0x04, 0x00, 0x80, 0x02, 0x11,
  0xff, 0x80, 0xf8, 0x02, 0x00, 0x80, 0x05, 0x02, 0x55, 0x80, 0x2f, 0x05, 0xff, 0x80, 0xd1, 0x32,
  0x55, 0x80, 0x54, 0x0e, 0x00, 0x0d, 0xff, 0x83, 0xf8, 0x00, 0x00, 0x04, 0x04, 0x00, 0x80, 0x03,
  0x11, 0xff, 0x80, 0xfc, 0x02, 0x00, 0x80, 0x05, 0x02, 0x55, 0x80, 0x1f, 0x05, 0xff, 0x80, 0xd1,
  0x32, 0x55, 0x80, 0x54, 0x0d, 0x00, 0x80, 0x01, 0x0d, 0xff, 0x83, 0xf0, 0x00, 0x00, 0x10, 0x04,
  0x00, 0x80, 0x07, 0x11, 0xff, 0x80, 0xfd, 0x02, 0x00, 0x80, 0x05, 0x02, 0x55, 0x80, 0x5f, 0x05,
  0xff, 0x80, 0xd1, 0x32, 0x55, 0x80, 0x54, 0x0d, 0x00, 0x80, 0x02, 0x0d, 0xff, 0x83, 0xe0, 0x00,
  0x00, 0x10, 0x04, 0x00, 0x80, 0x0b, 0x11, 0xff, 0x80, 0xfe, 0x02, 0x00, 0x80, 0x05, 0x02, 0x55,
  0x80, 0x4b, 0x05, 0xff, 0x80, 0xe1, 0x32, 0x55, 0x80, 0x54, 0x0d, 0x00, 0x80, 0x02, 0x0d, 0xff,
  0x83, 0xc0, 0x00, 0x00, 0x10, 0x04, 0x00, 0x80, 0x0f, 0x11, 0xff, 0x80, 0xfe, 0x02, 0x00, 0x80,
  0x01, 0x02, 0x55, 0x80, 0x4b, 0x05, 0xff, 0x80, 0xe1, 0x32, 0x55, 0x80, 0x50, 0x0d, 0x00, 0x80,
  0x07, 0x0d, 0xff, 0x83, 0x80, 0x00, 0x00, 0x50, 0x04, 0x00, 0x80, 0x2f, 0x12, 0xff, 0x02, 0x00,
  0x80, 0x01, 0x02, 0x55, 0x80, 0x57, 0x05, 0xff, 0x80, 0xe1, 0x32, 0x55, 0x80, 0x50, 0x0d, 0x00,
  0x80, 0x07, 0x0d, 0xff, 0x02, 0x00, 0x80, 0x40, 0x04, 0x00, 0x80, 0x3f, 0x12, 0xff, 0x02, 0x00,
  0x84, 0x01, 0x55, 0x54, 0x55, 0x53, 0x05, 0xff, 0x80, 0xf1, 0x32, 0x55, 0x80, 0x50, 0x0d, 0x00,
  0x80, 0x07, 0x0c, 0xff, 0x80, 0xfd, 0x02, 0x00, 0x80, 0x40, 0x04, 0x00, 0x80, 0x7f, 0x12, 0xff,
  0x87, 0x40, 0x00, 0x00, 0x01, 0x55, 0x54, 0x55, 0x52, 0x05, 0xff, 0x80, 0xf1, 0x32, 0x55, 0x80,
  0x50, 0x0d, 0x00, 0x80, 0x0b, 0x0c, 0xff, 0x84, 0xf8, 0x00, 0x00, 0x01, 0x40, 0x04, 0x00, 0x80,
  0xbf, 0x12, 0xff, 0x87, 0x80, 0x00, 0x00, 0x01, 0x55, 0x54, 0x55, 0x52, 0x05, 0xff, 0x80, 0xf4,
  0x32, 0x55, 0x80, 0x50, 0x0d, 0x00, 0x80, 0x0b, 0x0c, 0xff, 0x83, 0xe0, 0x00, 0x00, 0x01, 0x05,
  0x00, 0x13, 0xff, 0x80, 0x80, 0x02, 0x00, 0x83, 0x55, 0x54, 0x55, 0x55, 0x05, 0xff, 0x80, 0xf4,
  0x32, 0x55, 0x80, 0x50, 0x0d, 0x00, 0x80, 0x0f, 0x0c, 0xff, 0x83, 0xc0, 0x00, 0x00, 0x01, 0x04,
  0x00, 0x80, 0x02, 0x13, 0xff, 0x80, 0xc0, 0x02, 0x00, 0x83, 0x55, 0x54, 0x55, 0x55, 0x05, 0xff,
  0x80, 0xf4, 0x32, 0x55, 0x80, 0x50, 0x0d, 0x00, 0x80, 0x0f, 0x0c, 0xff, 0x83, 0x40, 0x00, 0x00,
  0x55, 0x04, 0x00, 0x80, 0x03, 0x13, 0xff, 0x80, 0xd0, 0x02, 0x00, 0x84, 0x55, 0x54, 0x55, 0x54,
  0xbf, 0x04, 0xff, 0x80, 0xf8, 0x32, 0x55, 0x80, 0x40, 0x0d, 0x00, 0x80, 0x1f, 0x0b, 0xff, 0x80,
  0xfe, 0x02, 0x00, 0x80, 0x54, 0x04, 0x00, 0x80, 0x07, 0x13, 0xff, 0x80, 0xd0, 0x02, 0x00, 0x84,
  0x15, 0x54, 0x55, 0x54, 0xbf, 0x04, 0xff, 0x80, 0xf8, 0x32, 0x55, 0x80, 0x40, 0x0d, 0x00, 0x80,
  0x2f, 0x0b, 0xff, 0x84, 0xf8, 0x00, 0x00, 0x01, 0x54, 0x04, 0x00, 0x80, 0x0b, 0x13, 0xff, 0x80,
  0xe0, 0x02, 0x00, 0x84, 0x15, 0x54, 0x15, 0x54, 0x7f, 0x04, 0xff, 0x80, 0xf8, 0x32, 0x55, 0x80,
  0x40, 0x0d, 0x00, 0x80, 0x2f, 0x0b, 0xff, 0x84, 0xf0, 0x00, 0x00, 0x01, 0x54, 0x04, 0x00, 0x80,
  0x0f, 0x13, 0xff, 0x80, 0xf0, 0x02, 0x00, 0x84, 0x15, 0x54, 0x15, 0x55, 0x7f, 0x04, 0xff, 0x80,
  0xfd, 0x32, 0x55, 0x80, 0x40, 0x0d, 0x00, 0x80, 0x3f, 0x0b, 0xff, 0x84, 0xd0, 0x00, 0x00, 0x05,
  0x50, 0x04, 0x00, 0x80, 0x2f, 0x13, 0xff, 0x80, 0xf0, 0x02, 0x00, 0x84, 0x15, 0x54, 0x15, 0x55,
  0x2f, 0x04, 0xff, 0x81, 0xfd, 0x15, 0x31, 0x55, 0x80, 0x40, 0x0d, 0x00, 0x80, 0x3f, 0x0b, 0xff,
  0x84, 0x40, 0x00, 0x00, 0x05, 0x50, 0x04, 0x00, 0x80, 0x3f, 0x13, 0xff, 0x80, 0xf4, 0x02, 0x00,
  0x84, 0x05, 0x54, 0x15, 0x55, 0x2f, 0x04, 0xff, 0x81, 0xfe, 0x15, 0x31, 0x55, 0x80, 0x40, 0x0d,
  0x00, 0x80, 0x7f, 0x0a, 0xff, 0x80, 0xfd, 0x02, 0x00, 0x81, 0x15, 0x40, 0x04, 0x00, 0x80, 0xbf,
  0x13, 0xff, 0x80, 0xf8, 0x02, 0x00, 0x80, 0x05, 0x02, 0x55, 0x80, 0x5f, 0x04, 0xff, 0x81, 0xfe,
  0x15, 0x31, 0x55, 0x80, 0x40, 0x0d, 0x00, 0x80, 0xbf, 0x0a, 0xff, 0x80, 0xf8, 0x02, 0x00, 0x80,
  0x55, 0x04, 0x00, 0x80, 0x01, 0x14, 0xff, 0x80, 0xfc, 0x02, 0x00, 0x80, 0x05, 0x02, 0x55, 0x80,
  0x4f, 0x04, 0xff, 0x81, 0xfe, 0x15, 0x31, 0x55, 0x80, 0x40, 0x0d, 0x00, 0x80, 0xbf, 0x0a, 0xff,
  0x84, 0xe0, 0x00, 0x00, 0x01, 0x55, 0x04, 0x00, 0x80, 0x02, 0x14, 0xff, 0x80, 0xfd, 0x02, 0x00,
  0x80, 0x05, 0x02, 0x55, 0x80, 0x4b, 0x05, 0xff, 0x32, 0x55, 0x0e, 0x00, 0x0b, 0xff, 0x84, 0x80,
  0x00, 0x00, 0x01, 0x55, 0x04, 0x00, 0x80, 0x03, 0x14, 0xff, 0x80, 0xfd, 0x02, 0x00, 0x80, 0x01,
  0x02, 0x55, 0x80, 0x47, 0x05, 0xff, 0x32, 0x55, 0x0d, 0x00, 0x80, 0x01, 0x0a, 0xff, 0x80, 0xfe,
  0x02, 0x00, 0x81, 0x05, 0x54, 0x04, 0x00, 0x80, 0x0b, 0x14, 0xff, 0x80, 0xfe, 0x02, 0x00, 0x80,
  0x01, 0x02, 0x55, 0x80, 0x57, 0x05, 0xff, 0x80, 0x45, 0x31, 0x55, 0x0d, 0x00, 0x80, 0x02, 0x0a,
  0xff, 0x80, 0xf8, 0x02, 0x00, 0x81, 0x15, 0x50, 0x04, 0x00, 0x80, 0x0f, 0x15, 0xff, 0x02, 0x00,
  0x80, 0x01, 0x02, 0x55, 0x80, 0x57, 0x05, 0xff, 0x80, 0x85, 0x31, 0x55, 0x0d, 0x00, 0x80, 0x03,
  0x0a, 0xff, 0x80, 0xe0, 0x02, 0x00, 0x81, 0x55, 0x50, 0x04, 0x00, 0x80, 0x1f, 0x15, 0xff, 0x02,
  0x00, 0x80, 0x01, 0x02, 0x55, 0x80, 0x52, 0x05, 0xff, 0x80, 0x85, 0x31, 0x55, 0x0d, 0x00, 0x80,
  0x07, 0x0a, 0xff, 0x85, 0x80, 0x00, 0x00, 0x01, 0x55, 0x40, 0x04, 0x00, 0x80, 0x7f, 0x15, 0xff,
  0x80, 0x40, 0x02, 0x00, 0x02, 0x55, 0x80, 0x51, 0x05, 0xff, 0x80, 0x85, 0x31, 0x55, 0x0d, 0x00,
  0x80, 0x0b, 0x09, 0xff, 0x80, 0xfe, 0x02, 0x00, 0x81, 0x05, 0x55, 0x05, 0x00, 0x80, 0xbf, 0x15,
  0xff, 0x80, 0x80, 0x02, 0x00, 0x03, 0x55, 0x05, 0xff, 0x80, 0xc5, 0x30, 0x55, 0x80, 0x54, 0x0d,
  0x00, 0x80, 0x0b, 0x09, 0xff, 0x80, 0xf4, 0x02, 0x00, 0x81, 0x15, 0x55, 0x04, 0x00, 0x80, 0x01,
  0x16, 0xff, 0x80, 0xc0, 0x02, 0x00, 0x02, 0x55, 0x81, 0x54, 0xbf, 0x04, 0xff, 0x80, 0xd5, 0x30,
  0x55, 0x80, 0x58, 0x0d, 0x00, 0x80, 0x0f, 0x09, 0xff, 0x80, 0xd0, 0x02, 0x00, 0x81, 0x15, 0x54,
  0x04, 0x00, 0x80, 0x03, 0x16, 0xff, 0x80, 0xd0, 0x02, 0x00, 0x84, 0x15, 0x55, 0x55, 0x54, 0xbf,
  0x04, 0xff, 0x80, 0xd5, 0x30, 0x55, 0x80, 0x54, 0x0d, 0x00, 0x80, 0x1f, 0x08, 0xff, 0x80, 0xfe,
  0x03, 0x00, 0x81, 0x55, 0x50, 0x04, 0x00, 0x80, 0x0b, 0x16, 0xff, 0x80, 0xe0, 0x02, 0x00, 0x84,
  0x15, 0x55, 0x55, 0x54, 0x7f, 0x04, 0xff, 0x80, 0xe1, 0x30, 0x55, 0x80, 0x54, 0x0d, 0x00, 0x80,
  0x2f, 0x08, 0xff, 0x80, 0xf4, 0x02, 0x00, 0x82, 0x01, 0x55, 0x50, 0x04, 0x00, 0x80, 0x0f, 0x16,
  0xff, 0x80, 0xe0, 0x02, 0x00, 0x80, 0x15, 0x02, 0x55, 0x80, 0x3f, 0x04, 0xff, 0x80, 0xe1, 0x30,
  0x55, 0x80, 0x54, 0x0d, 0x00, 0x80, 0x3f, 0x08, 0xff, 0x80, 0xd0, 0x02, 0x00, 0x82, 0x05, 0x55,
  0x40, 0x04, 0x00, 0x80, 0x3f, 0x16, 0xff, 0x80, 0xf0, 0x02, 0x00, 0x80, 0x15, 0x02, 0x55, 0x80,
  0x2f, 0x04, 0xff, 0x80, 0xf1, 0x30, 0x55, 0x80, 0x54, 0x0d, 0x00, 0x80, 0x7f, 0x08, 0xff, 0x80,
  0x40, 0x02, 0x00, 0x81, 0x55, 0x55, 0x05, 0x00, 0x80, 0xbf, 0x16, 0xff, 0x80, 0xf4, 0x02, 0x00,
  0x80, 0x05, 0x02, 0x55, 0x80, 0x1f, 0x04, 0xff, 0x80, 0xf5, 0x30, 0x55, 0x80, 0x50, 0x0d, 0x00,
  0x80, 0xbf, 0x07, 0xff, 0x80, 0xf8, 0x02, 0x00, 0x82, 0x01, 0x55, 0x54, 0x04, 0x00, 0x80, 0x02,
  0x17, 0xff, 0x80, 0xf8, 0x02, 0x00, 0x80, 0x05, 0x02, 0x55, 0x80, 0x5f, 0x04, 0xff, 0x80, 0xf5,
  0x30, 0x55, 0x80, 0x50, 0x0d, 0x00, 0x08, 0xff, 0x80, 0xd0, 0x02, 0x00, 0x82, 0x05, 0x55, 0x50,
  0x04, 0x00, 0x80, 0x07, 0x17, 0xff, 0x80, 0xfc, 0x02, 0x00, 0x80, 0x05, 0x02, 0x55, 0x80, 0x4f,
  0x04, 0xff, 0x80, 0xf8, 0x30, 0x55, 0x80, 0x50, 0x0c, 0x00, 0x80, 0x01, 0x07, 0xff, 0x80, 0xfe,
  0x03, 0x00, 0x82, 0x15, 0x55, 0x40, 0x04, 0x00, 0x80, 0x1f, 0x17, 0xff, 0x80, 0xfd, 0x02, 0x00,
  0x80, 0x01, 0x02, 0x55, 0x80, 0x5b, 0x04, 0xff, 0x80, 0xf8, 0x30, 0x55, 0x80, 0x50, 0x0c, 0x00,
  0x80, 0x02, 0x07, 0xff, 0x80, 0xe4, 0x03, 0x00, 0x81, 0x55, 0x55, 0x05, 0x00, 0x80, 0x3f, 0x17,
  0xff, 0x80, 0xfe, 0x02, 0x00, 0x80, 0x01, 0x02, 0x55, 0x80, 0x57, 0x04, 0xff, 0x82, 0xf9, 0x55,
  0x51, 0x2e, 0x55, 0x80, 0x50, 0x0c, 0x00, 0x80, 0x03, 0x07, 0xff, 0x80, 0x40, 0x02, 0x00, 0x82,
  0x05, 0x55, 0x54, 0x05, 0x00, 0x19, 0xff, 0x02, 0x00, 0x80, 0x01, 0x02, 0x55, 0x80, 0x57, 0x04,
  0xff, 0x80, 0xfd, 0x30, 0x55, 0x80, 0x40, 0x0c, 0x00, 0x80, 0x07, 0x06, 0xff, 0x80, 0xf9, 0x03,
  0x00, 0x82, 0x15, 0x55, 0x50, 0x04, 0x00, 0x80, 0x02, 0x19, 0xff, 0x80, 0x40, 0x02, 0x00, 0x02,
  0x55, 0x80, 0x56, 0x04, 0xff, 0x80, 0xfd, 0x30, 0x55, 0x80, 0x40, 0x0c, 0x00, 0x80, 0x0b, 0x06,
  0xff, 0x80, 0x90, 0x03, 0x00, 0x82, 0x55, 0x55, 0x40, 0x04, 0x00, 0x80, 0x07, 0x19, 0xff, 0x80,
  0x40, 0x02, 0x00, 0x02, 0x55, 0x80, 0x52, 0x04, 0xff, 0x82, 0xfe, 0x15, 0x51, 0x2e, 0x55, 0x80,
  0x40, 0x0c, 0x00, 0x80, 0x0f, 0x05, 0xff, 0x80, 0xfd, 0x03, 0x00, 0x82, 0x01, 0x55, 0x55, 0x05,
  0x00, 0x80, 0x1f, 0x19, 0xff, 0x80, 0x80, 0x02, 0x00, 0x03, 0x55, 0x04, 0xff, 0x82, 0xfe, 0x15,
  0x51, 0x2e, 0x55, 0x80, 0x40, 0x0c, 0x00, 0x80, 0x1f, 0x05, 0xff, 0x80, 0xd0, 0x03, 0x00, 0x82,
  0x15, 0x55, 0x54, 0x05, 0x00, 0x80, 0x7f, 0x19, 0xff, 0x80, 0xc0, 0x02, 0x00, 0x83, 0x15, 0x55,
  0x55, 0x54, 0x05, 0xff, 0x81, 0x55, 0x51, 0x2e, 0x55, 0x80, 0x40, 0x0c, 0x00, 0x80, 0x1f, 0x04,
  0xff, 0x80, 0xfe, 0x04, 0x00, 0x82, 0x55, 0x55, 0x50, 0x04, 0x00, 0x80, 0x01, 0x1a, 0xff, 0x80,
  0xe0, 0x02, 0x00, 0x84, 0x15, 0x55, 0x55, 0x54, 0xbf, 0x04, 0xff, 0x81, 0x55, 0x51, 0x2e, 0x55,
  0x80, 0x40, 0x0c, 0x00, 0x80, 0x2f, 0x04, 0xff, 0x80, 0xe4, 0x03, 0x00, 0x82, 0x05, 0x55, 0x55,
  0x05, 0x00, 0x80, 0x07, 0x1a, 0xff, 0x80, 0xf0, 0x02, 0x00, 0x80, 0x15, 0x02, 0x55, 0x80, 0x7f,
  0x04, 0xff, 0x81, 0x45, 0x51, 0x2e, 0x55, 0x0d, 0x00, 0x80, 0x3f, 0x03, 0xff, 0x80, 0xfd, 0x04,
  0x00, 0x82, 0x15, 0x55, 0x54, 0x05, 0x00, 0x80, 0x0f, 0x1a, 0xff, 0x80, 0xf4, 0x02, 0x00, 0x80,
  0x05, 0x02, 0x55, 0x80, 0x3f, 0x04, 0xff, 0x81, 0x85, 0x51, 0x2e, 0x55, 0x0d, 0x00, 0x80, 0x7f,
  0x03, 0xff, 0x80, 0xd0, 0x03, 0x00, 0x83, 0x01, 0x55, 0x55, 0x40, 0x05, 0x00, 0x80, 0x3f, 0x1a,
  0xff, 0x80, 0xf8, 0x02, 0x00, 0x80, 0x05, 0x02, 0x55, 0x80, 0x2f, 0x04, 0xff, 0x81, 0x85, 0x51,
  0x2e, 0x55, 0x0d, 0x00, 0x80, 0x7f, 0x02, 0xff, 0x80, 0xf9, 0x04, 0x00, 0x82, 0x05, 0x55, 0x55,
  0x06, 0x00, 0x1b, 0xff, 0x80, 0xfc, 0x02, 0x00, 0x80, 0x05, 0x02, 0x55, 0x80, 0x5f, 0x04, 0xff,
  0x80, 0xc5, 0x2f, 0x55, 0x0d, 0x00, 0x80, 0xbf, 0x02, 0xff, 0x80, 0x40, 0x04, 0x00, 0x82, 0x15,
  0x55, 0x54, 0x05, 0x00, 0x80, 0x03, 0x1b, 0xff, 0x80, 0xfd, 0x02, 0x00, 0x80, 0x01, 0x02, 0x55,
  0x80, 0x5b, 0x04, 0xff, 0x80, 0xd1, 0x2f, 0x55, 0x0d, 0x00, 0x02, 0xff, 0x80, 0xe4, 0x04, 0x00,
  0x83, 0x01, 0x55, 0x55, 0x40, 0x05, 0x00, 0x80, 0x0b, 0x1b, 0xff, 0x80, 0xfe, 0x02, 0x00, 0x80,
  0x01, 0x02, 0x55, 0x80, 0x57, 0x04, 0xff, 0x81, 0xd1, 0x51, 0x2d, 0x55, 0x80, 0x54, 0x0c, 0x00,
  0x83, 0x01, 0xff, 0xff, 0xe9, 0x05, 0x00, 0x82, 0x15, 0x55, 0x55, 0x06, 0x00, 0x80, 0x2f, 0x1c,
  0xff, 0x03, 0x00, 0x02, 0x55, 0x80, 0x57, 0x04, 0xff, 0x80, 0xe1, 0x2e, 0x55, 0x80, 0x54, 0x0c,
  0x00, 0x83, 0x02, 0xff, 0xfe, 0x40, 0x04, 0x00, 0x83, 0x01, 0x55, 0x55, 0x50, 0x06, 0x00, 0x1d,
  0xff, 0x80, 0x40, 0x02, 0x00, 0x02, 0x55, 0x80, 0x52, 0x04, 0xff, 0x80, 0xe1, 0x2e, 0x55, 0x80,
  0x54, 0x0c, 0x00, 0x82, 0x01, 0xff, 0xa4, 0x05, 0x00, 0x82, 0x05, 0x55, 0x55, 0x06, 0x00, 0x80,
  0x07, 0x1d, 0xff, 0x80, 0x80, 0x02, 0x00, 0x03, 0x55, 0x04, 0xff, 0x80, 0xf4, 0x2e, 0x55, 0x80,
  0x54, 0x15, 0x00, 0x82, 0x55, 0x55, 0x50, 0x06, 0x00, 0x80, 0x1f, 0x1d, 0xff, 0x80, 0xd0, 0x02,
  0x00, 0x84, 0x15, 0x55, 0x55, 0x54, 0xbf, 0x03, 0xff, 0x81, 0xf4, 0x51, 0x2d, 0x55, 0x80, 0x50,
  0x14, 0x00, 0x82, 0x05, 0x55, 0x55, 0x07, 0x00, 0x80, 0xbf, 0x1d, 0xff, 0x80, 0xe0, 0x02, 0x00,
  0x80, 0x15, 0x02, 0x55, 0x80, 0x7f, 0x03, 0xff, 0x81, 0xf8, 0x51, 0x2d, 0x55, 0x80, 0x50, 0x14,
  0x00, 0x81, 0x55, 0x55, 0x07, 0x00, 0x80, 0x07, 0x1e, 0xff, 0x80, 0xf0, 0x02, 0x00, 0x80, 0x05,
  0x02, 0x55, 0x80, 0x7f, 0x03, 0xff, 0x81, 0xf8, 0x51, 0x2d, 0x55, 0x80, 0x50, 0x13, 0x00, 0x82,
  0x05, 0x55, 0x50, 0x07, 0x00, 0x80, 0x1f, 0x1e, 0xff, 0x80, 0xf4, 0x02, 0x00, 0x80, 0x05, 0x02,
  0x55, 0x80, 0x6f, 0x03, 0xff, 0x81, 0xfc, 0x51, 0x2d, 0x55, 0x80, 0x50, 0x13, 0x00, 0x81, 0x55,
  0x54, 0x08, 0x00, 0x80, 0xbf, 0x1e, 0xff, 0x80, 0xf8, 0x02, 0x00, 0x80, 0x05, 0x02, 0x55, 0x80,
  0x5f, 0x03, 0xff, 0x81, 0xfd, 0x15, 0x2d, 0x55, 0x80, 0x40, 0x12, 0x00, 0x81, 0x05, 0x50, 0x08,
  0x00, 0x80, 0x07, 0x1f, 0xff, 0x80, 0xfc, 0x02, 0x00, 0x80, 0x01, 0x02, 0x55, 0x80, 0x4b, 0x03,
  0xff, 0x81, 0xfd, 0x15, 0x2d, 0x55, 0x80, 0x40, 0x12, 0x00, 0x80, 0x14, 0x09, 0x00, 0x80, 0x1f,
  0x1f, 0xff, 0x80, 0xfd, 0x02, 0x00, 0x80, 0x01, 0x02, 0x55, 0x80, 0x47, 0x03, 0xff, 0x81, 0xfe,
  0x15, 0x2d, 0x55, 0x80, 0x40, 0x1d, 0x00, 0x20, 0xff, 0x80, 0xfe, 0x03, 0x00, 0x02, 0x55, 0x80,
  0x57, 0x04, 0xff, 0x80, 0x15, 0x2d, 0x55, 0x80, 0x40, 0x1c, 0x00, 0x80, 0x07, 0x21, 0xff, 0x03,
  0x00, 0x02, 0x55, 0x80, 0x52, 0x04, 0xff, 0x80, 0x45, 0x2d, 0x55, 0x1d, 0x00, 0x80, 0x2f, 0x21,
  0xff, 0x80, 0x40, 0x02, 0x00, 0x03, 0x55, 0x04, 0xff, 0x80, 0x85, 0x2d, 0x55, 0x1c, 0x00, 0x80,
  0x01, 0x22, 0xff, 0x80, 0xc0, 0x02, 0x00, 0x84, 0x15, 0x55, 0x55, 0x54, 0xbf, 0x03, 0xff, 0x80,
  0x85, 0x2d, 0x55, 0x1c, 0x00, 0x80, 0x0b, 0x22, 0xff, 0x80, 0xd0, 0x02, 0x00, 0x80, 0x15, 0x02,
  0x55, 0x80, 0x7f, 0x03, 0xff, 0x80, 0xc5, 0x2d, 0x55, 0x1c, 0x00, 0x80, 0xbf, 0x22, 0xff, 0x80,
  0xe0, 0x02, 0x00, 0x80, 0x05, 0x02, 0x55, 0x80, 0x2f, 0x03, 0xff, 0x80, 0xd1, 0x2c, 0x55, 0x80,
  0x54, 0x1b, 0x00, 0x80, 0x0b, 0x23, 0xff, 0x80, 0xf0, 0x02, 0x00, 0x80, 0x05, 0x02, 0x55, 0x80,
  0x5f, 0x03, 0xff, 0x80, 0xe1, 0x2c, 0x55, 0x80, 0x54, 0x1b, 0x00, 0x80, 0x6f, 0x23, 0xff, 0x80,
  0xf4, 0x02, 0x00, 0x80, 0x05, 0x02, 0x55, 0x80, 0x5b, 0x03, 0xff, 0x80, 0xe1, 0x2c, 0x55, 0x80,
  0x54, 0x1a, 0x00, 0x80, 0x06, 0x24, 0xff, 0x80, 0xf8, 0x02, 0x00, 0x80, 0x01, 0x02, 0x55, 0x80,
  0x47, 0x03, 0xff, 0x80, 0xf5, 0x2c, 0x55, 0x80, 0x50, 0x1a, 0x00, 0x80, 0x6f, 0x24, 0xff, 0x80,
  0xfc, 0x02, 0x00, 0x80, 0x01, 0x02, 0x55, 0x80, 0x57, 0x03, 0xff, 0x80, 0xf4, 0x2c, 0x55, 0x80,
  0x50, 0x19, 0x00, 0x80, 0x02, 0x25, 0xff, 0x80, 0xfd, 0x02, 0x00, 0x80, 0x01, 0x03, 0x55, 0x03,
  0xff, 0x80, 0xf8, 0x2c, 0x55, 0x80, 0x50, 0x19, 0x00, 0x80, 0x2f, 0x25, 0xff, 0x80, 0xfe, 0x03,
  0x00, 0x02, 0x55, 0x80, 0x54, 0x03, 0xff, 0x80, 0xf8, 0x2c, 0x55, 0x80, 0x40, 0x18, 0x00, 0x80,
  0x01, 0x27, 0xff, 0x03, 0x00, 0x02, 0x55, 0x81, 0x54, 0xbf, 0x02, 0xff, 0x80, 0xfd, 0x2c, 0x55,
  0x80, 0x40, 0x18, 0x00, 0x80, 0x1f, 0x27, 0xff, 0x80, 0x40, 0x02, 0x00, 0x80, 0x15, 0x02, 0x55,
  0x80, 0x7f, 0x02, 0xff, 0x80, 0xfe, 0x2c, 0x55, 0x80, 0x40, 0x17, 0x00, 0x81, 0x01, 0xbf, 0x27,
  0xff, 0x80, 0x80, 0x02, 0x00, 0x80, 0x15, 0x02, 0x55, 0x80, 0x2f, 0x03, 0xff, 0x2c, 0x55, 0x80,
  0x40, 0x17, 0x00, 0x80, 0x1b, 0x28, 0xff, 0x80, 0xc0, 0x02, 0x00, 0x80, 0x05, 0x02, 0x55, 0x80,
  0x5f, 0x03, 0xff, 0x2c, 0x55, 0x17, 0x00, 0x81, 0x01, 0xbf, 0x28, 0xff, 0x80, 0xe0, 0x02, 0x00,
  0x80, 0x05, 0x02, 0x55, 0x80, 0x4b, 0x03, 0xff, 0x80, 0x95, 0x2b, 0x55, 0x17, 0x00, 0x80, 0x6f,
  0x29, 0xff, 0x80, 0x90, 0x02, 0x00, 0x80, 0x01, 0x02, 0x55, 0x80, 0x57, 0x03, 0xff, 0x80, 0x85,
  0x2b, 0x55, 0x16, 0x00, 0x80, 0x06, 0x29, 0xff, 0x80, 0x94, 0x03, 0x00, 0x80, 0x01, 0x02, 0x55,
  0x80, 0x56, 0x03, 0xff, 0x80, 0xd5, 0x2a, 0x55, 0x80, 0x54, 0x16, 0x00, 0x80, 0x6f, 0x28, 0xff,
  0x80, 0xe0, 0x05, 0x00, 0x83, 0x55, 0x55, 0x15, 0x55, 0x03, 0xff, 0x80, 0xd5, 0x2a, 0x55, 0x80,
  0x54, 0x15, 0x00, 0x80, 0x1b, 0x28, 0xff, 0x80, 0xa4, 0x06, 0x00, 0x84, 0x55, 0x55, 0x15, 0x55,
  0xbf, 0x02, 0xff, 0x80, 0xe5, 0x2a, 0x55, 0x80, 0x54, 0x14, 0x00, 0x80, 0x01, 0x28, 0xff, 0x80,
  0xe4, 0x07, 0x00, 0x80, 0x15, 0x02, 0x55, 0x80, 0x7f, 0x02, 0xff, 0x80, 0xf5, 0x2a, 0x55, 0x80,
  0x54, 0x14, 0x00, 0x80, 0x2f, 0x27, 0xff, 0x81, 0xf9, 0x40, 0x07, 0x00, 0x84, 0x15, 0x55, 0x15,
  0x55, 0x6f, 0x02, 0xff, 0x80, 0xf5, 0x2a, 0x55, 0x80, 0x50, 0x13, 0x00, 0x80, 0x1a, 0x27, 0xff,
  0x81, 0xfe, 0x80, 0x08, 0x00, 0x80, 0x05, 0x02, 0x55, 0x80, 0x5b, 0x02, 0xff, 0x80, 0xf9, 0x2a,
  0x55, 0x80, 0x50, 0x13, 0x00, 0x80, 0x1f, 0x27, 0xff, 0x80, 0xe0, 0x09, 0x00, 0x84, 0x05, 0x55,
  0x15, 0x55, 0x57, 0x02, 0xff, 0x80, 0xf8, 0x2a, 0x55, 0x80, 0x50, 0x13, 0x00, 0x80, 0x07, 0x26,
  0xff, 0x80, 0xe9, 0x0a, 0x00, 0x80, 0x01, 0x02, 0x55, 0x80, 0x56, 0x02, 0xff, 0x80, 0xfd, 0x2a,
  0x55, 0x80, 0x40, 0x14, 0x00, 0x80, 0x6f, 0x24, 0xff, 0x80, 0xfe, 0x0b, 0x00, 0x80, 0x01, 0x03,
  0x55, 0x02, 0xff, 0x81, 0xfe, 0x15, 0x29, 0x55, 0x80, 0x40, 0x14, 0x00, 0x81, 0x01, 0xbf, 0x23,
  0xff, 0x80, 0x80, 0x0c, 0x00, 0x03, 0x55, 0x80, 0xbf, 0x02, 0xff, 0x81, 0x55, 0x54, 0x28, 0x55,
  0x80, 0x40, 0x15, 0x00, 0x80, 0x0a, 0x22, 0xff, 0x80, 0xe5, 0x08, 0x00, 0x80, 0x05, 0x03, 0x00,
  0x03, 0x55, 0x80, 0x7f, 0x02, 0xff, 0x81, 0x45, 0x51, 0x28, 0x55, 0x17, 0x00, 0x80, 0x6f, 0x20,
  0xff, 0x80, 0xfe, 0x08, 0x00, 0x82, 0x0b, 0xff, 0x40, 0x02, 0x00, 0x80, 0x15, 0x02, 0x55, 0x80,
  0x2f, 0x02, 0xff, 0x81, 0x85, 0x41, 0x28, 0x55, 0x18, 0x00, 0x80, 0x7f, 0x1f, 0xff, 0x80, 0x90,
  0x07, 0x00, 0x83, 0x1a, 0xff, 0xff, 0x80, 0x02, 0x00, 0x80, 0x15, 0x02, 0x55, 0x80, 0x5f, 0x02,
  0xff, 0x80, 0xd1, 0x28, 0x55, 0x80, 0x54, 0x18, 0x00, 0x80, 0x1a, 0x1e, 0xff, 0x80, 0xe4, 0x07,
  0x00, 0x80, 0x5a, 0x02, 0xff, 0x80, 0xd0, 0x02, 0x00, 0x80, 0x05, 0x02, 0x55, 0x80, 0x4b, 0x02,
  0xff, 0x80, 0xd1, 0x28, 0x55, 0x80, 0x54, 0x10, 0x00, 0x80, 0x14, 0x07, 0x00, 0x80, 0x6f, 0x1c,
  0xff, 0x81, 0xfa, 0x40, 0x05, 0x00, 0x81, 0x01, 0xab, 0x03, 0xff, 0x80, 0xe0, 0x02, 0x00, 0x80,
  0x05, 0x02, 0x55, 0x80, 0x57, 0x02, 0xff, 0x80, 0xe1, 0x28, 0x55, 0x80, 0x50, 0x10, 0x00, 0x81,
  0xbf, 0xa4, 0x06, 0x00, 0x80, 0x02, 0x1c, 0xff, 0x80, 0xd0, 0x06, 0x00, 0x80, 0x0f, 0x04, 0xff,
  0x80, 0xf4, 0x02, 0x00, 0x80, 0x01, 0x02, 0x55, 0x80, 0x51, 0x02, 0xff, 0x80, 0xf5, 0x28, 0x55,
  0x80, 0x50, 0x0f, 0x00, 0x83, 0x02, 0xff, 0xff, 0x40, 0x06, 0x00, 0x80, 0x6f, 0x1a, 0xff, 0x80,
  0xf9, 0x06, 0x00, 0x81, 0x05, 0xbf, 0x04, 0xff, 0x80, 0xf8, 0x02, 0x00, 0x80, 0x01, 0x02, 0x55,
  0x84, 0x54, 0xbf, 0xff, 0xff, 0xf9, 0x28, 0x55, 0x80, 0x50, 0x0f, 0x00, 0x84, 0x0b, 0xff, 0xff,
  0xfe, 0x50, 0x05, 0x00, 0x81, 0x01, 0xbf, 0x19, 0xff, 0x80, 0x50, 0x05, 0x00, 0x81, 0x01, 0xbf,
  0x05, 0xff, 0x80, 0xfd, 0x03, 0x00, 0x03, 0x55, 0x83, 0x3f, 0xff, 0xff, 0xfd, 0x28, 0x55, 0x80,
  0x40, 0x0f, 0x00, 0x80, 0x3f, 0x02, 0xff, 0x81, 0xfa, 0x40, 0x05, 0x00, 0x80, 0x1b, 0x18, 0xff,
  0x80, 0xfd, 0x06, 0x00, 0x80, 0x6f, 0x06, 0xff, 0x80, 0xfe, 0x03, 0x00, 0x80, 0x15, 0x02, 0x55,
  0x84, 0x2f, 0xff, 0xff, 0xfd, 0x15, 0x27, 0x55, 0x80, 0x40, 0x0f, 0x00, 0x80, 0xbf, 0x03, 0xff,
  0x80, 0xf4, 0x05, 0x00, 0x80, 0x01, 0x18, 0xff, 0x80, 0xd0, 0x05, 0x00, 0x80, 0x07, 0x06, 0xff,
  0x82, 0xaa, 0xab, 0x40, 0x02, 0x00, 0x80, 0x15, 0x02, 0x55, 0x84, 0x5f, 0xff, 0xff, 0xfe, 0x15,
  0x27, 0x55, 0x80, 0x40, 0x0e, 0x00, 0x80, 0x01, 0x04, 0xff, 0x81, 0xfe, 0x40, 0x05, 0x00, 0x80,
  0x1f, 0x16, 0xff, 0x80, 0xfe, 0x05, 0x00, 0x81, 0x01, 0xbf, 0x05, 0xff, 0x83, 0xea, 0xaa, 0xab,
  0x80, 0x02, 0x00, 0x80, 0x05, 0x02, 0x55, 0x80, 0x47, 0x02, 0xff, 0x28, 0x55, 0x0f, 0x00, 0x81,
  0x06, 0xab, 0x04, 0xff, 0x80, 0xf9, 0x05, 0x00, 0x81, 0x01, 0xbf, 0x15, 0xff, 0x80, 0xe4, 0x05,
  0x00, 0x80, 0x1b, 0x05, 0xff, 0x03, 0xaa, 0x80, 0x90, 0x02, 0x00, 0x80, 0x01, 0x02, 0x55, 0x80,
  0x56, 0x02, 0xff, 0x80, 0x45, 0x27, 0x55, 0x0f, 0x00, 0x82, 0x2a, 0xaa, 0xaf, 0x04, 0xff, 0x80,
  0xe0, 0x05, 0x00, 0x80, 0x1f, 0x14, 0xff, 0x80, 0xfe, 0x05, 0x00, 0x80, 0x06, 0x05, 0xff, 0x80,
  0xea, 0x03, 0xaa, 0x80, 0xb4, 0x02, 0x00, 0x80, 0x01, 0x03, 0x55, 0x02, 0xff, 0x80, 0x85, 0x27,
  0x55, 0x0f, 0x00, 0x82, 0xba, 0xaa, 0xaa, 0x04, 0xff, 0x81, 0xfe, 0x40, 0x04, 0x00, 0x80, 0x01,
  0x14, 0xff, 0x80, 0xe0, 0x04, 0x00, 0x81, 0x01, 0xbf, 0x04, 0xff, 0x80, 0xea, 0x04, 0xaa, 0x80,
  0xb8, 0x03, 0x00, 0x02, 0x55, 0x84, 0x54, 0xbf, 0xff, 0xff, 0xd5, 0x26, 0x55, 0x80, 0x54, 0x0e,
  0x00, 0x81, 0x02, 0xea, 0x02, 0xaa, 0x04, 0xff, 0x80, 0xf9, 0x05, 0x00, 0x80, 0x3f, 0x13, 0xff,
  0x80, 0x40, 0x04, 0x00, 0x80, 0x1b, 0x04, 0xff, 0x80, 0xea, 0x05, 0xaa, 0x80, 0xad, 0x03, 0x00,
  0x80, 0x15, 0x02, 0x55, 0x83, 0x2f, 0xff, 0xff, 0xe1, 0x26, 0x55, 0x80, 0x54, 0x0e, 0x00, 0x80,
  0x0b, 0x03, 0xaa, 0x80, 0xab, 0x04, 0xff, 0x80, 0x90, 0x04, 0x00, 0x80, 0x07, 0x12, 0xff, 0x80,
  0xf4, 0x04, 0x00, 0x81, 0x01, 0xbf, 0x03, 0xff, 0x80, 0xfa, 0x06, 0xaa, 0x81, 0xab, 0x40, 0x02,
  0x00, 0x80, 0x15, 0x02, 0x55, 0x83, 0x5f, 0xff, 0xff, 0xf5, 0x26, 0x55, 0x80, 0x50, 0x0e, 0x00,
  0x80, 0x2e, 0x04, 0xaa, 0x80, 0xaf, 0x03, 0xff, 0x80, 0xfd, 0x05, 0x00, 0x80, 0x7f, 0x11, 0xff,
  0x80, 0x80, 0x04, 0x00, 0x80, 0x6f, 0x03, 0xff, 0x80, 0xfe, 0x07, 0xaa, 0x81, 0xab, 0x80, 0x02,
  0x00, 0x80, 0x05, 0x02, 0x55, 0x83, 0x4b, 0xff, 0xff, 0xf8, 0x26, 0x55, 0x80, 0x50, 0x0d, 0x00,
  0x81, 0x02, 0xea, 0x05, 0xaa, 0x80, 0xaf, 0x03, 0xff, 0x80, 0xe4, 0x04, 0x00, 0x80, 0x0b, 0x10,
  0xff, 0x80, 0xfd, 0x04, 0x00, 0x80, 0x06, 0x04, 0xff, 0x09, 0xaa, 0x80, 0xd0, 0x02, 0x00, 0x80,
  0x01, 0x02, 0x55, 0x83, 0x52, 0xff, 0xff, 0xfd, 0x26, 0x55, 0x80, 0x40, 0x0d, 0x00, 0x80, 0x1b,
  0x07, 0xaa, 0x03, 0xff, 0x81, 0xfe, 0x40, 0x03, 0x00, 0x80, 0x02, 0x10, 0xff, 0x80, 0xe0, 0x04,
  0x00, 0x80, 0x6f, 0x03, 0xff, 0x80, 0xfa, 0x09, 0xaa, 0x80, 0xb0, 0x02, 0x00, 0x80, 0x01, 0x03,
  0x55, 0x82, 0xff, 0xff, 0xfe, 0x26, 0x55, 0x80, 0x40, 0x0a, 0x00, 0x83, 0x05, 0x40, 0x02, 0xba,
  0x07, 0xaa, 0x80, 0xab, 0x03, 0xff, 0x80, 0xe0, 0x04, 0x00, 0x80, 0x7f, 0x0f, 0xff, 0x80, 0x80,
  0x03, 0x00, 0x80, 0x06, 0x03, 0xff, 0x80, 0xfe, 0x0a, 0xaa, 0x80, 0xb8, 0x03, 0x00, 0x02, 0x55,
  0x83, 0x54, 0xbf, 0xff, 0xfe, 0x26, 0x55, 0x0b, 0x00, 0x84, 0x3f, 0xf9, 0xaf, 0xaa, 0xba, 0x07,
  0xaa, 0x03, 0xff, 0x81, 0xfe, 0x40, 0x03, 0x00, 0x80, 0x0b, 0x0e, 0xff, 0x80, 0xfd, 0x04, 0x00,
  0x80, 0x6f, 0x03, 0xff, 0x80, 0xfa, 0x0a, 0xaa, 0x80, 0xbd, 0x03, 0x00, 0x80, 0x15, 0x02, 0x55,
  0x82, 0x2f, 0xff, 0xff, 0x26, 0x55, 0x0b, 0x00, 0x84, 0xbb, 0xab, 0xea, 0xaa, 0xba, 0x07, 0xaa,
  0x80, 0xaf, 0x03, 0xff, 0x80, 0xf4, 0x03, 0x00, 0x80, 0x02, 0x0e, 0xff, 0x80, 0xf0, 0x03, 0x00,
  0x80, 0x01, 0x03, 0xff, 0x80, 0xfa, 0x0b, 0xaa, 0x80, 0xbe, 0x03, 0x00, 0x80, 0x15, 0x02, 0x55,
  0x85, 0x5f, 0xff, 0xff, 0x95, 0x55, 0x54, 0x22, 0x55, 0x80, 0x54, 0x0b, 0x00, 0x80, 0xeb, 0x02,
  0xaa, 0x80, 0xba, 0x08, 0xaa, 0x80, 0xbf, 0x02, 0xff, 0x80, 0xfe, 0x04, 0x00, 0x80, 0xbf, 0x0d,
  0xff, 0x80, 0x80, 0x03, 0x00, 0x80, 0x1b, 0x02, 0xff, 0x80, 0xfe, 0x0c, 0xaa, 0x81, 0xba, 0x40,
  0x02, 0x00, 0x80, 0x05, 0x02, 0x55, 0x85, 0x47, 0xff, 0xff, 0xd5, 0x55, 0x54, 0x22, 0x55, 0x80,
  0x54, 0x0a, 0x00, 0x81, 0x02, 0xab, 0x0d, 0xaa, 0x03, 0xff, 0x80, 0xd0, 0x03, 0x00, 0x80, 0x1f,
  0x0c, 0xff, 0x80, 0xfe, 0x04, 0x00, 0x80, 0xbf, 0x02, 0xff, 0x80, 0xea, 0x0c, 0xaa, 0x81, 0xba,
  0xd0, 0x02, 0x00, 0x80, 0x01, 0x02, 0x55, 0x85, 0x52, 0xff, 0xff, 0xf5, 0x55, 0x54, 0x22, 0x55,
  0x80, 0x64, 0x0a, 0x00, 0x81, 0x07, 0xab, 0x0d, 0xaa, 0x80, 0xab, 0x02, 0xff, 0x80, 0xf8, 0x03,
  0x00, 0x80, 0x07, 0x0c, 0xff, 0x80, 0xf8, 0x03, 0x00, 0x80, 0x07, 0x02, 0xff, 0x80, 0xfe, 0x0d,
  0xaa, 0x81, 0xba, 0xe0, 0x02, 0x00, 0x80, 0x01, 0x02, 0x55, 0x85, 0x54, 0xff, 0xff, 0xf8, 0x55,
  0x54, 0x22, 0x55, 0x80, 0x50, 0x0a, 0x00, 0x82, 0x0a, 0xab, 0xea, 0x0d, 0xaa, 0x80, 0xbf, 0x02,
  0xff, 0x80, 0x40, 0x02, 0x00, 0x80, 0x01, 0x0c, 0xff, 0x80, 0xe0, 0x03, 0x00, 0x80, 0x2f, 0x02,
  0xff, 0x80, 0xea, 0x0d, 0xaa, 0x81, 0xba, 0xb8, 0x03, 0x00, 0x03, 0x55, 0x84, 0x7f, 0xff, 0xf8,
  0x55, 0x54, 0x22, 0x55, 0x80, 0x50, 0x0a, 0x00, 0x82, 0x2e, 0xaa, 0xea, 0x0d, 0xaa, 0x80, 0xab,
  0x02, 0xff, 0x80, 0xe0, 0x03, 0x00, 0x80, 0x7f, 0x0b, 0xff, 0x80, 0x80, 0x02, 0x00, 0x80, 0x01,
  0x02, 0xff, 0x81, 0xfe, 0xae, 0x0e, 0xaa, 0x80, 0xac, 0x03, 0x00, 0x80, 0x15, 0x02, 0x55, 0x84,
  0x2f, 0xff, 0xfd, 0x55, 0x54, 0x22, 0x55, 0x80, 0x80, 0x0a, 0x00, 0x82, 0x2a, 0xaa, 0xea, 0x0e,
  0xaa, 0x02, 0xff, 0x80, 0xfd, 0x03, 0x00, 0x80, 0x1f, 0x0a, 0xff, 0x80, 0xfe, 0x03, 0x00, 0x80,
  0x1b, 0x02, 0xff, 0x81, 0xfa, 0xea, 0x0e, 0xaa, 0x80, 0xae, 0x03, 0x00, 0x80, 0x15, 0x02, 0x55,
  0x82, 0x5f, 0xff, 0xfe, 0x24, 0x55, 0x80, 0x40, 0x0a, 0x00, 0x82, 0xaa, 0xaa, 0xea, 0x0e, 0xaa,
  0x80, 0xaf, 0x02, 0xff, 0x80, 0xc0, 0x02, 0x00, 0x80, 0x07, 0x0a, 0xff, 0x80, 0xfc, 0x03, 0x00,
  0x80, 0x7f, 0x02, 0xff, 0x10, 0xaa, 0x81, 0xab, 0x40, 0x02, 0x00, 0x80, 0x05, 0x02, 0x55, 0x82,
  0x57, 0xff, 0xff, 0x24, 0x55, 0x0a, 0x00, 0x83, 0x02, 0xea, 0xaa, 0xea, 0x0f, 0xaa, 0x02, 0xff,
  0x80, 0xf4, 0x02, 0x00, 0x80, 0x01, 0x0a, 0xff, 0x80, 0xf0, 0x02, 0x00, 0x80, 0x01, 0x02, 0xff,
  0x80, 0xfa, 0x11, 0xaa, 0x80, 0x80, 0x02, 0x00, 0x80, 0x01, 0x02, 0x55, 0x83, 0x52, 0xff, 0xff,
  0x85, 0x23, 0x55, 0x0a, 0x00, 0x80, 0x07, 0x12, 0xaa, 0x83, 0xaf, 0xff, 0xff, 0xfd, 0x03, 0x00,
  0x80, 0x7f, 0x09, 0xff, 0x80, 0xd0, 0x02, 0x00, 0x80, 0x0b, 0x02, 0xff, 0x80, 0xea, 0x11, 0xaa,
  0x80, 0xa0, 0x03, 0x00, 0x02, 0x55, 0x83, 0x54, 0xbf, 0xff, 0xd5, 0x22, 0x55, 0x80, 0x54, 0x0a,
  0x00, 0x80, 0x0a, 0x12, 0xaa, 0x80, 0xab, 0x02, 0xff, 0x80, 0x80, 0x02, 0x00, 0x80, 0x1f, 0x09,
  0xff, 0x80, 0x80, 0x02, 0x00, 0x83, 0x2f, 0xff, 0xff, 0xfe, 0x12, 0xaa, 0x80, 0xb8, 0x03, 0x00,
  0x03, 0x55, 0x82, 0x3f, 0xff, 0xe1, 0x22, 0x55, 0x80, 0x54, 0x0a, 0x00, 0x80, 0x1e, 0x13, 0xaa,
  0x83, 0xbf, 0xff, 0xff, 0xe0, 0x02, 0x00, 0x80, 0x0b, 0x08, 0xff, 0x80, 0xfe, 0x03, 0x00, 0x83,
  0xbf, 0xff, 0xff, 0xfa, 0x12, 0xaa, 0x80, 0xa8, 0x03, 0x00, 0x80, 0x15, 0x02, 0x55, 0x82, 0x0f,
  0xff, 0xf5, 0x22, 0x55, 0x80, 0x50, 0x0a, 0x00, 0x80, 0x7a, 0x13, 0xaa, 0x83, 0xaf, 0xff, 0xff,
  0xf8, 0x02, 0x00, 0x80, 0x02, 0x08, 0xff, 0x80, 0xfc, 0x02, 0x00, 0x80, 0x02, 0x02, 0xff, 0x13,
  0xaa, 0x80, 0xae, 0x03, 0x00, 0x80, 0x05, 0x02, 0x55, 0x82, 0x47, 0xff, 0xf8, 0x22, 0x55, 0x80,
  0x50, 0x0a, 0x00, 0x80, 0xea, 0x14, 0xaa, 0x82, 0xff, 0xff, 0xfe, 0x03, 0x00, 0x08, 0xff, 0x80,
  0xf4, 0x02, 0x00, 0x83, 0x0b, 0xff, 0xff, 0xfe, 0x13, 0xaa, 0x81, 0xab, 0x40, 0x02, 0x00, 0x80,
  0x05, 0x02, 0x55, 0x82, 0x51, 0xff, 0xfd, 0x22, 0x55, 0x80, 0x40, 0x09, 0x00, 0x81, 0x02, 0xea,
  0x14, 0xaa, 0x83, 0xbf, 0xff, 0xff, 0x80, 0x02, 0x00, 0x80, 0x7f, 0x07, 0xff, 0x80, 0xe0, 0x02,
  0x00, 0x83, 0x2f, 0xff, 0xff, 0xea, 0x14, 0xaa, 0x80, 0x80, 0x02, 0x00, 0x80, 0x01, 0x02, 0x55,
  0x83, 0x54, 0xbf, 0xfe, 0x15, 0x21, 0x55, 0x0a, 0x00, 0x80, 0x0b, 0x15, 0xaa, 0x83, 0xaf, 0xff,
  0xff, 0xe0, 0x02, 0x00, 0x80, 0x2f, 0x07, 0xff, 0x80, 0x80, 0x02, 0x00, 0x82, 0xbf, 0xff, 0xff,
  0x15, 0xaa, 0x80, 0xa4, 0x03, 0x00, 0x03, 0x55, 0x81, 0x2f, 0xff, 0x22, 0x55, 0x0a, 0x00, 0x80,
  0x1e, 0x15, 0xaa, 0x83, 0xab, 0xff, 0xff, 0xf8, 0x02, 0x00, 0x80, 0x0f, 0x07, 0xff, 0x86, 0x40,
  0x00, 0x00, 0x02, 0xff, 0xff, 0xfe, 0x15, 0xaa, 0x80, 0xa8, 0x03, 0x00, 0x80, 0x15, 0x02, 0x55,
  0x82, 0x4b, 0xff, 0x95, 0x20, 0x55, 0x80, 0x54, 0x0a, 0x00, 0x80, 0x2e, 0x16, 0xaa, 0x82, 0xff,
  0xff, 0xfe, 0x02, 0x00, 0x80, 0x07, 0x07, 0xff, 0x02, 0x00, 0x83, 0x07, 0xff, 0xff, 0xfa, 0x15,
  0xaa, 0x80, 0xea, 0x03, 0x00, 0x80, 0x15, 0x02, 0x55, 0x82, 0x52, 0xff, 0xd5, 0x20, 0x55, 0x80,
  0x54, 0x0a, 0x00, 0x80, 0x7a, 0x16, 0xaa, 0x86, 0xbf, 0xff, 0xff, 0x40, 0x00, 0x00, 0x03, 0x06,
  0xff, 0x80, 0xfd, 0x02, 0x00, 0x83, 0x0f, 0xff, 0xff, 0xea, 0x15, 0xaa, 0x81, 0xeb, 0x40, 0x02,
  0x00, 0x80, 0x05, 0x02, 0x55, 0x82, 0x54, 0xbf, 0xe1, 0x20, 0x55, 0x80, 0x50, 0x09, 0x00, 0x81,
  0x01, 0xea, 0x16, 0xaa, 0x86, 0xaf, 0xff, 0xff, 0x80, 0x00, 0x00, 0x02, 0x06, 0xff, 0x80, 0xfc,
  0x02, 0x00, 0x82, 0x1f, 0xff, 0xff, 0x16, 0xaa, 0x81, 0xeb, 0xc0, 0x02, 0x00, 0x80, 0x01, 0x03,
  0x55, 0x81, 0x7f, 0xf5, 0x20, 0x55, 0x80, 0x40, 0x0a, 0x00, 0x80, 0x7e, 0x16, 0xaa, 0x83, 0xab,
  0xff, 0xff, 0xd0, 0x02, 0x00, 0x06, 0xff, 0x80, 0xf8, 0x02, 0x00, 0x82, 0x3f, 0xff, 0xff, 0x16,
  0xaa, 0x81, 0xeb, 0x80, 0x03, 0x00, 0x03, 0x55, 0x81, 0x5f, 0xf9, 0x20, 0x55, 0x80, 0x40, 0x0a,
  0x00, 0x80, 0x0b, 0x17, 0xaa, 0x82, 0xff, 0xff, 0xf0, 0x02, 0x00, 0x80, 0xbf, 0x05, 0xff, 0x80,
  0xf4, 0x02, 0x00, 0x82, 0x7f, 0xff, 0xfe, 0x16, 0xaa, 0x80, 0xb8, 0x04, 0x00, 0x80, 0x15, 0x02,
  0x55, 0x81, 0x57, 0xfd, 0x20, 0x55, 0x0b, 0x00, 0x81, 0x02, 0xea, 0x16, 0xaa, 0x82, 0xff, 0xff,
  0xf4, 0x02, 0x00, 0x80, 0x7f, 0x05, 0xff, 0x80, 0xf0, 0x02, 0x00, 0x82, 0xbf, 0xff, 0xfa, 0x16,
  0xaa, 0x80, 0xa0, 0x04, 0x00, 0x80, 0x05, 0x03, 0x55, 0x80, 0xbe, 0x1f, 0x55, 0x80, 0x54, 0x0c,
  0x00, 0x80, 0xba, 0x16, 0xaa, 0x82, 0xbf, 0xff, 0xfc, 0x02, 0x00, 0x80, 0x3f, 0x05, 0xff, 0x86,
  0xe0, 0x00, 0x00, 0x01, 0xff, 0xff, 0xfa, 0x16, 0xaa, 0x80, 0xd0, 0x04, 0x00, 0x80, 0x01, 0x03,
  0x55, 0x81, 0x6f, 0x95, 0x1e, 0x55, 0x80, 0x50, 0x0c, 0x00, 0x80, 0x2e, 0x16, 0xaa, 0x82, 0xaf,
  0xff, 0xfd, 0x02, 0x00, 0x80, 0x2f, 0x05, 0xff, 0x86, 0xe0, 0x00, 0x00, 0x02, 0xff, 0xff, 0xea,
  0x15, 0xaa, 0x81, 0xab, 0x80, 0x05, 0x00, 0x03, 0x55, 0x81, 0x4b, 0xd5, 0x1e, 0x55, 0x80, 0x50,
  0x0c, 0x00, 0x80, 0x06, 0x16, 0xaa, 0x82, 0xaf, 0xff, 0xfe, 0x02, 0x00, 0x80, 0x2f, 0x05, 0xff,
  0x86, 0xe0, 0x00, 0x00, 0x03, 0xff, 0xff, 0xea, 0x16, 0xaa, 0x06, 0x00, 0x80, 0x15, 0x02, 0x55,
  0x81, 0x52, 0xe1, 0x1e, 0x55, 0x80, 0x40, 0x0c, 0x00, 0x80, 0x02, 0x16, 0xaa, 0x82, 0xab, 0xff,
  0xff, 0x02, 0x00, 0x80, 0x1f, 0x05, 0xff, 0x86, 0xd0, 0x00, 0x00, 0x03, 0xff, 0xff, 0xea, 0x15,
  0xaa, 0x80, 0xac, 0x06, 0x00, 0x80, 0x05, 0x03, 0x55, 0x80, 0xb5, 0x1e, 0x55, 0x80, 0x40, 0x0c,
  0x00, 0x80, 0x01, 0x16, 0xaa, 0x86, 0xab, 0xff, 0xff, 0x40, 0x00, 0x00, 0x1f, 0x05, 0xff, 0x85,
  0xd0, 0x00, 0x00, 0x07, 0xff, 0xff, 0x16, 0xaa, 0x80, 0xa8, 0x06, 0x00, 0x80, 0x01, 0x03, 0x55,
  0x80, 0x59, 0x1e, 0x55, 0x0e, 0x00, 0x82, 0xba, 0xaa, 0xba, 0x13, 0xaa, 0x86, 0xab, 0xff, 0xff,
  0x40, 0x00, 0x00, 0x1f, 0x05, 0xff, 0x85, 0xd0, 0x00, 0x00, 0x07, 0xff, 0xff, 0x16, 0xaa, 0x80,
  0xb4, 0x07, 0x00, 0x03, 0x55, 0x80, 0x56, 0x1d, 0x55, 0x80, 0x58, 0x0e, 0x00, 0x82, 0x3a, 0xaa,
  0xba, 0x13, 0xaa, 0x86, 0xab, 0xff, 0xff, 0x40, 0x00, 0x00, 0x1f, 0x05, 0xff, 0x85, 0xd0, 0x00,
  0x00, 0x07, 0xff, 0xff, 0x16, 0xaa, 0x80, 0xb0, 0x07, 0x00, 0x80, 0x15, 0x21, 0x55, 0x80, 0x64,
  0x0e, 0x00, 0x82, 0x2a, 0xaa, 0xfa, 0x13, 0xaa, 0x86, 0xab, 0xff, 0xff, 0x40, 0x00, 0x00, 0x1f,
  0x05, 0xff, 0x85, 0xd0, 0x00, 0x00, 0x07, 0xff, 0xff, 0x16, 0xaa, 0x80, 0xa0, 0x07, 0x00, 0x80,
  0x01, 0x21, 0x55, 0x80, 0x50, 0x0e, 0x00, 0x82, 0x2a, 0xaa, 0xba, 0x13, 0xaa, 0x86, 0xab, 0xff,
  0xff, 0x40, 0x00, 0x00, 0x1f, 0x05, 0xff, 0x86, 0xd0, 0x00, 0x00, 0x07, 0xff, 0xff, 0xea, 0x15,
  0xaa, 0x80, 0xa0, 0x08, 0x00, 0x21, 0x55, 0x80, 0x40, 0x0e, 0x00, 0x82, 0x2a, 0xaa, 0xba, 0x13,
  0xaa, 0x86, 0xab, 0xff, 0xff, 0x40, 0x00, 0x00, 0x1f, 0x05, 0xff, 0x86, 0xd0, 0x00, 0x00, 0x07,
  0xff, 0xff, 0xea, 0x15, 0xaa, 0x80, 0xa0, 0x08, 0x00, 0x80, 0x05, 0x20, 0x55, 0x0f, 0x00, 0x82,
  0x2a, 0xaa, 0xba, 0x13, 0xaa, 0x86, 0xaf, 0xff, 0xff, 0x40, 0x00, 0x00, 0x2f, 0x05, 0xff, 0x86,
  0xe0, 0x00, 0x00, 0x07, 0xff, 0xff, 0xea, 0x15, 0xaa, 0x80, 0xa4, 0x08, 0x00, 0x80, 0x01, 0x1f,
  0x55, 0x80, 0x54, 0x0f, 0x00, 0x82, 0x2a, 0xaa, 0xba, 0x13, 0xaa, 0x82, 0xaf, 0xff, 0xff, 0x02,
  0x00, 0x80, 0x2f, 0x05, 0xff, 0x86, 0xe0, 0x00, 0x00, 0x03, 0xff, 0xff, 0xea, 0x15, 0xaa, 0x80,
  0xb4, 0x09, 0x00, 0x80, 0x15, 0x1e, 0x55, 0x80, 0x54, 0x0f, 0x00, 0x80, 0x3a, 0x15, 0xaa, 0x82,
  0xaf, 0xff, 0xfe, 0x02, 0x00, 0x80, 0x3f, 0x05, 0xff, 0x86, 0xe0, 0x00, 0x00, 0x02, 0xff, 0xff,
  0xfa, 0x15, 0xaa, 0x80, 0xa8, 0x09, 0x00, 0x80, 0x01, 0x1e, 0x55, 0x80, 0x50, 0x0f, 0x00, 0x82,
  0xba, 0xaa, 0xba, 0x13, 0xaa, 0x82, 0xbf, 0xff, 0xfe, 0x02, 0x00, 0x80, 0x3f, 0x05, 0xff, 0x86,
  0xf0, 0x00, 0x00, 0x01, 0xff, 0xff, 0xfa, 0x15, 0xaa, 0x80, 0xa8, 0x0a, 0x00, 0x81, 0x14, 0x15,
  0x1c, 0x55, 0x80, 0x40, 0x0e, 0x00, 0x81, 0x01, 0xea, 0x15, 0xaa, 0x82, 0xbf, 0xff, 0xfd, 0x02,
  0x00, 0x80, 0x7f, 0x05, 0xff, 0x80, 0xf0, 0x02, 0x00, 0x82, 0xff, 0xff, 0xfe, 0x15, 0xaa, 0x80,
  0xad, 0x0a, 0x00, 0x80, 0x01, 0x1c, 0x55, 0x80, 0x56, 0x0f, 0x00, 0x83, 0x02, 0xaa, 0xaa, 0xba,
  0x13, 0xaa, 0x82, 0xff, 0xff, 0xfc, 0x02, 0x00, 0x80, 0x7f, 0x05, 0xff, 0x80, 0xf0, 0x02, 0x00,
  0x82, 0xbf, 0xff, 0xfe, 0x16, 0xaa, 0x0b, 0x00, 0x80, 0x15, 0x1b, 0x55, 0x80, 0x59, 0x0f, 0x00,
  0x80, 0x0a, 0x16, 0xaa, 0x82, 0xff, 0xff, 0xf8, 0x02, 0x00, 0x80, 0xbf, 0x05, 0xff, 0x80, 0xf4,
  0x02, 0x00, 0x82, 0x7f, 0xff, 0xff, 0x16, 0xaa, 0x80, 0x40, 0x0a, 0x00, 0x80, 0x01, 0x1b, 0x55,
  0x80, 0x64, 0x0f, 0x00, 0x80, 0x1e, 0x15, 0xaa, 0x83, 0xab, 0xff, 0xff, 0xf0, 0x02, 0x00, 0x80,
  0xbf, 0x05, 0xff, 0x80, 0xf8, 0x02, 0x00, 0x82, 0x2f, 0xff, 0xff, 0x16, 0xaa, 0x80, 0x80, 0x0b,
  0x00, 0x80, 0x05, 0x1a, 0x55, 0x80, 0x50, 0x0f, 0x00, 0x80, 0x7a, 0x15, 0xaa, 0x83, 0xaf, 0xff,
  0xff, 0xe0, 0x02, 0x00, 0x06, 0xff, 0x80, 0xfa, 0x02, 0x00, 0x83, 0x0f, 0xff, 0xff, 0xea, 0x15,
  0xaa, 0x80, 0xa0, 0x0c, 0x00, 0x80, 0x15, 0x18, 0x55, 0x81, 0x56, 0x40, 0x0e, 0x00, 0x81, 0x01,
  0xea, 0x15, 0xaa, 0x86, 0xbf, 0xff, 0xff, 0xc0, 0x00, 0x00, 0x01, 0x07, 0xff, 0x02, 0x00, 0x83,
  0x07, 0xff, 0xff, 0xfa, 0x15, 0xaa, 0x80, 0xa8, 0x0d, 0x00, 0x19, 0x55, 0x0f, 0x00, 0x80, 0x07,
  0x16, 0xaa, 0x02, 0xff, 0x83, 0x40, 0x00, 0x00, 0x02, 0x07, 0xff, 0x86, 0x40, 0x00, 0x00, 0x02,
  0xff, 0xff, 0xfe, 0x15, 0xaa, 0x81, 0xaf, 0x40, 0x0d, 0x00, 0x17, 0x55, 0x80, 0x54, 0x0f, 0x00,
  0x80, 0x2e, 0x15, 0xaa, 0x83, 0xab, 0xff, 0xff, 0xfe, 0x02, 0x00, 0x80, 0x03, 0x07, 0xff, 0x80,
  0xc0, 0x02, 0x00, 0x02, 0xff, 0x80, 0xea, 0x14, 0xaa, 0x81, 0xfe, 0xe4, 0x0e, 0x00, 0x80, 0x15,
  0x15, 0x55, 0x80, 0x40, 0x0e, 0x00, 0x81, 0x01, 0xba, 0x15, 0xaa, 0x83, 0xaf, 0xff, 0xff, 0xf8,
  0x02, 0x00, 0x80, 0x0b, 0x07, 0xff, 0x80, 0xd0, 0x02, 0x00, 0x83, 0x3f, 0xff, 0xff, 0xfa, 0x14,
  0xaa, 0x81, 0xfe, 0xbd, 0x0f, 0x00, 0x80, 0x01, 0x12, 0x55, 0x80, 0x54, 0x10, 0x00, 0x81, 0x07,
  0xea, 0x15, 0xaa, 0x83, 0xbf, 0xff, 0xff, 0xe0, 0x02, 0x00, 0x80, 0x0f, 0x07, 0xff, 0x80, 0xf0,
  0x02, 0x00, 0x83, 0x0f, 0xff, 0xff, 0xfe, 0x14, 0xaa, 0x82, 0xbf, 0xeb, 0x80, 0x10, 0x00, 0x10,
  0x55, 0x12, 0x00, 0x80, 0x6e, 0x15, 0xaa, 0x80, 0xab, 0x02, 0xff, 0x80, 0x40, 0x02, 0x00, 0x80,
  0x3f, 0x07, 0xff, 0x80, 0xf8, 0x02, 0x00, 0x80, 0x03, 0x02, 0xff, 0x14, 0xaa, 0x82, 0xbf, 0xaf,
  0xe8, 0x12, 0x00, 0x80, 0x01, 0x0a, 0x55, 0x80, 0x54, 0x13, 0x00, 0x83, 0x06, 0xfa, 0xaa, 0xfa,
  0x13, 0xaa, 0x83, 0xaf, 0xff, 0xff, 0xfd, 0x03, 0x00, 0x80, 0xbf, 0x07, 0xff, 0x80, 0xfd, 0x03,
  0x00, 0x02, 0xff, 0x80, 0xfa, 0x13, 0xaa, 0x83, 0xbf, 0xaf, 0xbf, 0x90, 0x16, 0x00, 0x80, 0x05,
  0x02, 0x55, 0x17, 0x00, 0x82, 0x6f, 0xeb, 0xff, 0x12, 0xaa, 0x85, 0xae, 0xaa, 0xbf, 0xff, 0xff,
  0xf4, 0x03, 0x00, 0x09, 0xff, 0x03, 0x00, 0x80, 0x3f, 0x02, 0xff, 0x16, 0xaa, 0x80, 0xbe, 0x31,
  0x00, 0x81, 0x07, 0xfa, 0x15, 0xaa, 0x80, 0xab, 0x02, 0xff, 0x80, 0xe0, 0x02, 0x00, 0x80, 0x02,
  0x09, 0xff, 0x80, 0x80, 0x02, 0x00, 0x80, 0x0b, 0x02, 0xff, 0x80, 0xfa, 0x16, 0xaa, 0x80, 0xa5,
  0x2f, 0x00, 0x81, 0x06, 0xba, 0x16, 0xaa, 0x80, 0xbf, 0x02, 0xff, 0x80, 0x80, 0x02, 0x00, 0x80,
  0x0b, 0x09, 0xff, 0x80, 0xd0, 0x02, 0x00, 0x80, 0x02, 0x02, 0xff, 0x80, 0xfe, 0x16, 0xaa, 0x81,
  0xae, 0x90, 0x2e, 0x00, 0x80, 0x6f, 0x16, 0xaa, 0x80, 0xab, 0x02, 0xff, 0x80, 0xfd, 0x03, 0x00,
  0x80, 0x1f, 0x09, 0xff, 0x80, 0xf4, 0x03, 0x00, 0x80, 0x7f, 0x02, 0xff, 0x80, 0xea, 0x17, 0xaa,
  0x80, 0x40, 0x2c, 0x00, 0x80, 0x1a, 0x17, 0xaa, 0x80, 0xaf, 0x02, 0xff, 0x80, 0xe0, 0x03, 0x00,
  0x80, 0x7f, 0x09, 0xff, 0x80, 0xfc, 0x03, 0x00, 0x80, 0x0b, 0x02, 0xff, 0x80, 0xfa, 0x17, 0xaa,
  0x80, 0xa9, 0x2b, 0x00, 0x81, 0x05, 0xba, 0x17, 0xaa, 0x80, 0xbf, 0x02, 0xff, 0x80, 0x40, 0x03,
  0x00, 0x0b, 0xff, 0x03, 0x00, 0x80, 0x01, 0x02, 0xff, 0x80, 0xfe, 0x17, 0xaa, 0x81, 0xab, 0xa5,
  0x29, 0x00, 0x81, 0x01, 0xae, 0x17, 0xaa, 0x80, 0xab, 0x02, 0xff, 0x80, 0xf8, 0x03, 0x00, 0x80,
  0x03, 0x0b, 0xff, 0x80, 0x80, 0x03, 0x00, 0x80, 0x2f, 0x02, 0xff, 0x80, 0xfa, 0x18, 0xaa, 0x80,
  0xa4, 0x27, 0x00, 0x81, 0x05, 0x6b, 0x18, 0xaa, 0x80, 0xbf, 0x02, 0xff, 0x80, 0xd0, 0x03, 0x00,
  0x80, 0x0f, 0x0b, 0xff, 0x80, 0xe0, 0x03, 0x00, 0x80, 0x07, 0x02, 0xff, 0x80, 0xfe, 0x19, 0xaa,
  0x80, 0xa4, 0x25, 0x00, 0x81, 0x01, 0xae, 0x18, 0xaa, 0x80, 0xab, 0x02, 0xff, 0x80, 0xfe, 0x04,
  0x00, 0x80, 0x2f, 0x0b, 0xff, 0x80, 0xf8, 0x04, 0x00, 0x80, 0xbf, 0x02, 0xff, 0x80, 0xfa, 0x18,
  0xaa, 0x81, 0xaf, 0xa5, 0x23, 0x00, 0x82, 0x05, 0xaf, 0xea, 0x18, 0xaa, 0x80, 0xbf, 0x02, 0xff,
  0x80, 0xe4, 0x04, 0x00, 0x80, 0xbf, 0x0b, 0xff, 0x80, 0xfe, 0x04, 0x00, 0x80, 0x1f, 0x03, 0xff,
  0x19, 0xaa, 0x82, 0xbf, 0xea, 0x50, 0x20, 0x00, 0x84, 0x1a, 0xbf, 0xfe, 0xaf, 0xba, 0x16, 0xaa,
  0x80, 0xaf, 0x03, 0xff, 0x80, 0x40, 0x03, 0x00, 0x80, 0x03, 0x0d, 0xff, 0x80, 0x80, 0x03, 0x00,
  0x80, 0x02, 0x03, 0xff, 0x80, 0xfa, 0x19, 0xaa, 0x82, 0xbf, 0xfa, 0x40, 0x1e, 0x00, 0x86, 0x06,
  0xaa, 0xea, 0xaa, 0xbf, 0xab, 0xea, 0x15, 0xaa, 0x03, 0xff, 0x80, 0xf8, 0x04, 0x00, 0x80, 0x1f,
  0x0d, 0xff, 0x80, 0xe0, 0x04, 0x00, 0x80, 0x2f, 0x03, 0xff, 0x1a, 0xaa, 0x82, 0xab, 0xfe, 0x94,
  0x1c, 0x00, 0x81, 0x56, 0xbf, 0x1a, 0xaa, 0x80, 0xaf, 0x03, 0xff, 0x80, 0x80, 0x04, 0x00, 0x80,
  0x7f, 0x0d, 0xff, 0x80, 0xfd, 0x04, 0x00, 0x80, 0x02, 0x03, 0xff, 0x80, 0xfe, 0x1b, 0xaa, 0x82,
  0xff, 0xa9, 0x50, 0x17, 0x00, 0x83, 0x01, 0x5a, 0xab, 0xff, 0x1a, 0xaa, 0x80, 0xab, 0x03, 0xff,
  0x80, 0xf9, 0x04, 0x00, 0x80, 0x02, 0x0f, 0xff, 0x80, 0x40, 0x04, 0x00, 0x80, 0x2f, 0x04, 0xff,
  0x80, 0xea, 0x1a, 0xaa, 0x83, 0xbf, 0xbe, 0xa9, 0x40, 0x13, 0x00, 0x84, 0x01, 0x56, 0xaf, 0xff,
  0xea, 0x1a, 0xaa, 0x80, 0xab, 0x04, 0xff, 0x80, 0xe0, 0x04, 0x00, 0x80, 0x0f, 0x0f, 0xff, 0x80,
  0xe4, 0x04, 0x00, 0x80, 0x06, 0x04, 0xff, 0x80, 0xfa, 0x1d, 0xaa, 0x82, 0xfa, 0xa9, 0x54, 0x10,
  0x00, 0x82, 0x56, 0xab, 0xea, 0x1d, 0xaa, 0x04, 0xff, 0x80, 0xf9, 0x05, 0x00, 0x80, 0x7f, 0x0f,
  0xff, 0x80, 0xfd, 0x05, 0x00, 0x80, 0x2f, 0x04, 0xff, 0x1f, 0xaa, 0x83, 0xba, 0xaa, 0xa5, 0x55,
  0x09, 0x00, 0x82, 0x15, 0x55, 0x5a, 0x20, 0xaa, 0x80, 0xab, 0x04, 0xff, 0x80, 0x90, 0x04, 0x00,
  0x80, 0x07, 0x11, 0xff, 0x80, 0x80, 0x04, 0x00, 0x81, 0x01, 0xbf, 0x03, 0xff, 0x80, 0xfe, 0x20,
  0xaa, 0x81, 0xff, 0xff, 0x04, 0xaa, 0x80, 0x6a, 0x26, 0xaa, 0x80, 0xab, 0x04, 0xff, 0x80, 0xf8,
  0x05, 0x00, 0x80, 0x2f, 0x11, 0xff, 0x80, 0xf8, 0x05, 0x00, 0x80, 0x1b, 0x04, 0xff, 0x80, 0xfe,
  0x4e, 0xaa, 0x04, 0xff, 0x81, 0xfe, 0x40, 0x05, 0x00, 0x80, 0xbf, 0x11, 0xff, 0x81, 0xfe, 0x40,
  0x04, 0x00, 0x81, 0x01, 0xaf, 0x04, 0xff, 0x80, 0xfa, 0x4c, 0xaa, 0x80, 0xbf, 0x04, 0xff, 0x80,
  0x90, 0x05, 0x00, 0x80, 0x07, 0x13, 0xff, 0x80, 0xe0, 0x05, 0x00, 0x80, 0x06, 0x05, 0xff, 0x80,
  0xfe, 0x4a, 0xaa, 0x80, 0xbf, 0x04, 0xff, 0x80, 0xf9, 0x06, 0x00, 0x80, 0x6f, 0x13, 0xff, 0x80,
  0xfd, 0x06, 0x00, 0x80, 0x2f, 0x06, 0xff, 0x48, 0xaa, 0x05, 0xff, 0x81, 0xf9, 0x40, 0x05, 0x00,
  0x80, 0x02, 0x15, 0xff, 0x80, 0x90, 0x05, 0x00, 0x81, 0x01, 0xbf, 0x05, 0xff, 0x80, 0xfa, 0x45,
  0xaa, 0x80, 0xab, 0x06, 0xff, 0x80, 0x90, 0x06, 0x00, 0x80, 0x1f, 0x15, 0xff, 0x80, 0xf9, 0x06,
  0x00, 0x80, 0x06, 0x06, 0xff, 0x80, 0xfa, 0x44, 0xaa, 0x06, 0xff, 0x80, 0xe5, 0x06, 0x00, 0x80,
  0x01, 0x17, 0xff, 0x80, 0x90, 0x06, 0x00, 0x80, 0x1b, 0x06, 0xff, 0x80, 0xfa, 0x22, 0xaa, 0x83,
  0xea, 0xaf, 0xff, 0xea, 0x1b, 0xaa, 0x06, 0xff, 0x80, 0xf9, 0x07, 0x00, 0x80, 0x1f, 0x17, 0xff,
  0x80, 0xf9, 0x07, 0x00, 0x80, 0xaf, 0x06, 0xff, 0x80, 0xfe, 0x16, 0xaa, 0x83, 0xbb, 0xff, 0xff,
  0xbe, 0x0c, 0xff, 0x80, 0xfe, 0x16, 0xaa, 0x80, 0xab, 0x07, 0xff, 0x80, 0x80, 0x06, 0x00, 0x80,
  0x01, 0x19, 0xff, 0x80, 0xd0, 0x06, 0x00, 0x81, 0x01, 0xbf, 0x06, 0xff, 0x80, 0xfe, 0x3c, 0xaa,
  0x81, 0xae, 0xaf, 0x07, 0xff, 0x80, 0xa4, 0x07, 0x00, 0x80, 0x1f, 0x19, 0xff, 0x80, 0xfe, 0x07,
  0x00, 0x81, 0x06, 0xbf, 0x07, 0xff, 0x80, 0xfa, 0x39, 0xaa, 0x80, 0xbf, 0x08, 0xff, 0x80, 0xe4,
  0x07, 0x00, 0x80, 0x06, 0x1b, 0xff, 0x80, 0xe0, 0x07, 0x00, 0x80, 0x06, 0x08, 0xff, 0x80, 0xfa,
  0x38, 0xaa, 0x08, 0xff, 0x80, 0xf9, 0x08, 0x00, 0x80, 0x7f, 0x1b, 0xff, 0x80, 0xfe, 0x08, 0x00,
  0x80, 0x16, 0x08, 0xff, 0x80, 0xea, 0x36, 0xaa, 0x80, 0xbf, 0x07, 0xff, 0x80, 0xfa, 0x08, 0x00,
  0x80, 0x06, 0x1d, 0xff, 0x80, 0xe4, 0x08, 0x00, 0x80, 0x5a, 0x09, 0xff, 0x33, 0xaa, 0x80, 0xab,
  0x08, 0xff, 0x81, 0xfa, 0x40, 0x08, 0x00, 0x80, 0xbf, 0x1d, 0xff, 0x81, 0xfe, 0x40, 0x08, 0x00,
  0x80, 0x1b, 0x09, 0xff, 0x80, 0xfe, 0x30, 0xaa, 0x09, 0xff, 0x80, 0xf9, 0x09, 0x00, 0x80, 0x1b,
  0x1f, 0xff, 0x80, 0xf4, 0x09, 0x00, 0x80, 0x1a, 0x0a, 0xff, 0x80, 0xfa, 0x2c, 0xaa, 0x80, 0xbf,
  0x09, 0xff, 0x80, 0xe9, 0x09, 0x00, 0x81, 0x01, 0xbf, 0x20, 0xff, 0x80, 0x90, 0x09, 0x00, 0x81,
  0x16, 0xbf, 0x0a, 0xff, 0x80, 0xea, 0x28, 0xaa, 0x80, 0xaf, 0x0a, 0xff, 0x80, 0xa4, 0x0a, 0x00,
  0x80, 0x2f, 0x21, 0xff, 0x80, 0xf9, 0x0a, 0x00, 0x81, 0x05, 0xaf, 0x0b, 0xff, 0x80, 0xea, 0x24,
  0xaa, 0x80, 0xab, 0x0a, 0xff, 0x81, 0xfe, 0x94, 0x0a, 0x00, 0x80, 0x06, 0x23, 0xff, 0x80, 0x90,
  0x0a, 0x00, 0x81, 0x01, 0xbf, 0x0c, 0xff, 0x80, 0xfa, 0x20, 0xaa, 0x80, 0xbf, 0x0b, 0xff, 0x81,
  0xfe, 0x90, 0x0b, 0x00, 0x80, 0xbf, 0x23, 0xff, 0x80, 0xfd, 0x0b, 0x00, 0x81, 0x01, 0x6a, 0x0e,
  0xff, 0x80, 0xfe, 0x1a, 0xaa, 0x0e, 0xff, 0x81, 0xfa, 0x90, 0x0b, 0x00, 0x80, 0x07, 0x25, 0xff,
  0x80, 0x90, 0x0c, 0x00, 0x81, 0x16, 0xaf, 0x12, 0xff, 0x80, 0xfe, 0x0d, 0xaa, 0x81, 0xae, 0xbf,
  0x12, 0xff, 0x81, 0xa5, 0x40, 0x0c, 0x00, 0x80, 0x2f, 0x25, 0xff, 0x80, 0xf9, 0x0e, 0x00, 0x80,
  0x7f, 0x34, 0xff, 0x80, 0xa4, 0x0e, 0x00, 0x80, 0xbf, 0x26, 0xff, 0x80, 0x90, 0x0e, 0x00, 0x81,
  0x05, 0x6a, 0x2f, 0xff, 0x81, 0xfe, 0xa5, 0x0f, 0x00, 0x80, 0x6f, 0x27, 0xff, 0x80, 0xf9, 0x10,
  0x00, 0x81, 0x15, 0xab, 0x2c, 0xff, 0x81, 0xa9, 0x40, 0x0f, 0x00, 0x80, 0x02, 0x29, 0xff, 0x80,
  0x90, 0x11, 0x00, 0x81, 0x16, 0xbf, 0x28, 0xff, 0x81, 0xea, 0x50, 0x11, 0x00, 0x80, 0x6f, 0x29,
  0xff, 0x80, 0xf9, 0x13, 0x00, 0x81, 0x5a, 0xbf, 0x24, 0xff, 0x81, 0xea, 0x50, 0x12, 0x00, 0x80,
  0x06, 0x2b, 0xff, 0x80, 0xe4, 0x13, 0x00, 0x81, 0x01, 0x5a, 0x21, 0xff, 0x81, 0xaa, 0x54, 0x14,
  0x00, 0x80, 0x6f, 0x2b, 0xff, 0x81, 0xfe, 0x40, 0x15, 0x00, 0x82, 0x15, 0x6a, 0xbf, 0x1a, 0xff,
  0x82, 0xea, 0xa5, 0x50, 0x15, 0x00, 0x80, 0x06, 0x2d, 0xff, 0x80, 0xf9, 0x18, 0x00, 0x83, 0x05,
  0x6a, 0xaa, 0xaf, 0x12, 0xff, 0x82, 0xfa, 0xaa, 0x95, 0x18, 0x00, 0x81, 0x01, 0xbf, 0x2e, 0xff,
  0x80, 0x90, 0x1c, 0x00, 0x83, 0x15, 0x55, 0x55, 0x6a, 0x08, 0xaa, 0x80, 0xa9, 0x02, 0x55, 0x1c,
  0x00, 0x80, 0x6f, 0x2f, 0xff, 0x81, 0xfe, 0x40, 0x48, 0x00, 0x80, 0x0a, 0x31, 0xff, 0x80, 0xf8,
  0x48, 0x00, 0x80, 0xbf, 0x32, 0xff, 0x80, 0x90, 0x46, 0x00, 0x80, 0x1b, 0x33, 0xff, 0x81, 0xfe,
  0x40, 0x44, 0x00, 0x80, 0x06, 0x35, 0xff, 0x80, 0xf9, 0x43, 0x00, 0x81, 0x06, 0xbf, 0x36, 0xff,
  0x80, 0xe4, 0x41, 0x00, 0x81, 0x01, 0xbf, 0x38, 0xff, 0x80, 0x90, 0x40, 0x00, 0x80, 0x1b, 0x39,
  0xff, 0x81, 0xfa, 0x40, 0x3e, 0x00, 0x80, 0x1a, 0x3b, 0xff, 0x80, 0xe9, 0x3d, 0x00, 0x80, 0x06,
  0x3d, 0xff, 0x80, 0xe5, 0x3b, 0x00, 0x81, 0x05, 0xbf, 0x3e, 0xff, 0x81, 0xea, 0x40, 0x38, 0x00,
  0x81, 0x05, 0xbf, 0x40, 0xff, 0x81, 0xfa, 0x40, 0x36, 0x00, 0x80, 0x16, 0x43, 0xff, 0x81, 0xfe,
  0x90, 0x34, 0x00, 0x80, 0x06, 0x45, 0xff, 0x81, 0xfe, 0x40, 0x32, 0x00, 0x80, 0x16, 0x47, 0xff,
  0x81, 0xfa, 0x50, 0x30, 0x00, 0x80, 0x1a, 0x49, 0xff, 0x81, 0xfe, 0x90, 0x2e, 0x00, 0x80, 0x1a,
  0x4c, 0xff, 0x80, 0xa4, 0x2c, 0x00, 0x80, 0x5b, 0x4e, 0xff, 0x81, 0xa5, 0x40, 0x28, 0x00, 0x81,
  0x01, 0x6b, 0x50, 0xff, 0x81, 0xfa, 0x50, 0x26, 0x00, 0x81, 0x05, 0xaf, 0x53, 0xff, 0x80, 0xa4,
  0x24, 0x00, 0x81, 0x16, 0xbf, 0x55, 0xff, 0x81, 0xea, 0x54, 0x20, 0x00, 0x81, 0x05, 0x6b, 0x59,
  0xff, 0x81, 0xaa, 0x54, 0x1c, 0x00, 0x82, 0x01, 0x5a, 0xbf, 0x5c, 0xff, 0x81, 0xfa, 0x95, 0x18,
  0x00, 0x81, 0x55, 0xaa, 0x62, 0xff, 0x82, 0xea, 0xa5, 0x54, 0x10, 0x00, 0x82, 0x05, 0x56, 0xaa,
  0x68, 0xff, 0x89, 0xfe, 0xaa, 0xa9, 0x55, 0x55, 0x54, 0x15, 0x15, 0x04, 0x01, 0x03, 0x55, 0x82,
  0x5a, 0xaa, 0xbf, 0x70, 0xff, 0x80, 0xea, 0x05, 0xaa, 0x3d, 0xff,
};
#define COFFEE_MUG_LEN 12075

#define COFFEE_STEAM_0_W 400
#define COFFEE_STEAM_0_H 450
#define COFFEE_STEAM_0_STRIDE 100
#define COFFEE_STEAM_0_RAW_SIZE 45000
const uint8_t COFFEE_STEAM_0[] PROGMEM = {
  0x7f, 0xff, 0x7f, 0xff, 0x7f, 0xff, 0x7f, 0xff, 0x7f, 0xff, 0x7f, 0xff, 0x7f, 0xff, 0x7f, 0xff,
  0x7f, 0xff, 0x7f, 0xff, 0x7f, 0xff, 0x7f, 0xff, 0x7f, 0xff, 0x7f, 0xff, 0x7f, 0xff, 0x7f, 0xff,
  0x7f, 0xff, 0x7f, 0xff, 0x7f, 0xff, 0x7f, 0xff, 0x7f, 0xff, 0x7f, 0xff, 0x7f, 0xff, 0x7f, 0xff,
  0x7f, 0xff, 0x7f, 0xff, 0x7f, 0xff, 0x7f, 0xff, 0x7f, 0xff, 0x7f, 0xff, 0x7f, 0xff, 0x7f, 0xff,
  0x7f, 0xff, 0x7f, 0xff, 0x7f, 0xff, 0x7f, 0xff, 0x7f, 0xff, 0x7f, 0xff, 0x7f, 0xff, 0x7f, 0xff,
  0x7f, 0xff, 0x7f, 0xff, 0x7f, 0xff, 0x7f, 0xff, 0x7f, 0xff, 0x7f, 0xff, 0x7f, 0xff, 0x7f, 0xff,
  0x7f, 0xff, 0x7f, 0xff, 0x7f, 0xff, 0x7f, 0xff, 0x7f, 0xff, 0x7f, 0xff, 0x7f, 0xff, 0x7f, 0xff,
  0x7f, 0xff, 0x7f, 0xff, 0x7f, 0xff, 0x7f, 0xff, 0x7f, 0xff, 0x7f, 0xff, 0x7f, 0xff, 0x7f, 0xff,
  0x7f, 0xff, 0x7f, 0xff, 0x7f, 0xff, 0x7f, 0xff, 0x7f, 0xff, 0x7f, 0xff, 0x7f, 0xff, 0x7f, 0xff,
  0x7f, 0xff, 0x7f, 0xff, 0x7f, 0xff, 0x7f, 0xff, 0x7f, 0xff, 0x7f, 0xff, 0x7f, 0xff, 0x7f, 0xff,
  0x7f, 0xff, 0x7f, 0xff, 0x7f, 0xff, 0x7f, 0xff, 0x7f, 0xff, 0x7f, 0xff, 0x7f, 0xff, 0x7f, 0xff,
  0x7f, 0xff, 0x7f, 0xff, 0x7f, 0xff, 0x7f, 0xff, 0x7f, 0xff, 0x7f, 0xff, 0x7f, 0xff, 0x7f, 0xff,
  0x7f, 0xff, 0x7f, 0xff, 0x7f, 0xff, 0x7f, 0xff, 0x7f, 0xff, 0x7f, 0xff, 0x7f, 0xff, 0x7f, 0xff,
  0x7f, 0xff, 0x7f, 0xff, 0x7f, 0xff, 0x7f, 0xff, 0x7f, 0xff, 0x7f, 0xff, 0x7f, 0xff, 0x7f, 0xff,
  0x7f, 0xff, 0x7f, 0xff, 0x7f, 0xff, 0x7f, 0xff, 0x7f, 0xff, 0x7f, 0xff, 0x7f, 0xff, 0x7f, 0xff,
  0x7f, 0xff, 0x7f, 0xff, 0x7f, 0xff, 0x7f, 0xff, 0x7f, 0xff, 0x7f, 0xff, 0x7f, 0xff, 0x7f, 0xff,
  0x7f, 0xff, 0x7f, 0xff, 0x7f, 0xff, 0x7f, 0xff, 0x7f, 0xff, 0x7f, 0xff, 0x7f, 0xff, 0x7f, 0xff,
  0x7f, 0xff, 0x7f, 0xff, 0x7f, 0xff, 0x7f, 0xff, 0x7f, 0xff, 0x7f, 0xff, 0x7f, 0xff, 0x7f, 0xff,
  0x7f, 0xff, 0x7f, 0xff, 0x7f, 0xff, 0x7f, 0xff, 0x7f, 0xff, 0x7f, 0xff, 0x7f, 0xff, 0x7f, 0xff,
  0x7f, 0xff, 0x7f, 0xff, 0x7f, 0xff, 0x7f, 0xff, 0x7f, 0xff, 0x7f, 0xff, 0x7f, 0xff, 0x7f, 0xff,
  0x7f, 0xff, 0x7f, 0xff, 0x7f, 0xff, 0x7f, 0xff, 0x7f, 0xff, 0x7f, 0xff, 0x7f, 0xff, 0x7f, 0xff,
  0x7f, 0xff, 0x7f, 0xff, 0x7f, 0xff, 0x7f, 0xff, 0x7f, 0xff, 0x7f, 0xff, 0x7f, 0xff, 0x7f, 0xff,
  0x7f, 0xff, 0x7f, 0xff, 0x7f, 0xff, 0x7f, 0xff, 0x7f, 0xff, 0x7f, 0xff, 0x7f, 0xff, 0x7f, 0xff,
  0x7f, 0xff, 0x7f, 0xff, 0x7f, 0xff, 0x7f, 0xff, 0x7f, 0xff, 0x7f, 0xff, 0x7f, 0xff, 0x7f, 0xff,
  0x7f, 0xff, 0x7f, 0xff, 0x7f, 0xff, 0x7f, 0xff, 0x7f, 0xff, 0x7f, 0xff, 0x7f, 0xff, 0x7f, 0xff,
  0x7f, 0xff, 0x7f, 0xff, 0x7f, 0xff, 0x7f, 0xff, 0x7f, 0xff, 0x7f, 0xff, 0x7f, 0xff, 0x7f, 0xff,
  0x7f, 0xff, 0x7f, 0xff, 0x7f, 0xff, 0x7f, 0xff, 0x7f, 0xff, 0x7f, 0xff, 0x7f, 0xff, 0x7f, 0xff,
  0x7f, 0xff, 0x7f, 0xff, 0x7f, 0xff, 0x7f, 0xff, 0x7f, 0xff, 0x7f, 0xff, 0x7f, 0xff, 0x7f, 0xff,
  0x7f, 0xff, 0x7f, 0xff, 0x7f, 0xff, 0x7f, 0xff, 0x7f, 0xff, 0x7f, 0xff, 0x7f, 0xff, 0x7f, 0xff,
  0x7f, 0xff, 0x7f, 0xff, 0x7f, 0xff, 0x7f, 0xff, 0x7f, 0xff, 0x7f, 0xff, 0x7f, 0xff, 0x7f, 0xff,
  0x7f, 0xff, 0x7f, 0xff, 0x7f, 0xff, 0x7f, 0xff, 0x7f, 0xff, 0x7f, 0xff, 0x3d, 0xff, 0x81, 0xfe,
  0xbf, 0x61, 0xff, 0x80, 0xd1, 0x61, 0xff, 0x81, 0xf9, 0x07, 0x61, 0xff, 0x81, 0x90, 0x2f, 0x60,
  0xff, 0x82, 0xfd, 0x00, 0x7f, 0x60, 0xff, 0x81, 0xe0, 0x01, 0x61, 0xff, 0x81, 0x40, 0x03, 0x60,
  0xff, 0x82, 0xfd, 0x00, 0x0b, 0x60, 0xff, 0x82, 0xf0, 0x00, 0x1f, 0x60, 0xff, 0x82, 0xc0, 0x00,
  0x3f, 0x5f, 0xff, 0x83, 0xfe, 0x00, 0x00, 0xbf, 0x5f, 0xff, 0x82, 0xfc, 0x00, 0x01, 0x60, 0xff,
  0x82, 0xf0, 0x00, 0x03, 0x60, 0xff, 0x82, 0xd0, 0x00, 0x07, 0x60, 0xff, 0x82, 0x80, 0x00, 0x0f,
  0x5f, 0xff, 0x83, 0xfe, 0x00, 0x00, 0x1f, 0x5f, 0xff, 0x83, 0xfd, 0x00, 0x00, 0x2f, 0x5f, 0xff,
  0x83, 0xf8, 0x00, 0x00, 0x3f, 0x5f, 0xff, 0x83, 0xf0, 0x00, 0x00, 0x7f, 0x5f, 0xff, 0x83, 0xe0,
  0x00, 0x00, 0xbf, 0x5f, 0xff, 0x83, 0xc0, 0x00, 0x00, 0xbf, 0x5f, 0xff, 0x83, 0x80, 0x00, 0x00,
  0xbf, 0x5f, 0xff, 0x02, 0x00, 0x5f, 0xff, 0x80, 0xfe, 0x02, 0x00, 0x5f, 0xff, 0x80, 0xfd, 0x02,
  0x00, 0x5f, 0xff, 0x83, 0xfc, 0x00, 0x00, 0x01, 0x5f, 0xff, 0x80, 0xf8, 0x02, 0x00, 0x5f, 0xff,
  0x80, 0xf8, 0x02, 0x00, 0x5f, 0xff, 0x80, 0xf4, 0x02, 0x00, 0x5f, 0xff, 0x80, 0xf4, 0x02, 0x00,
  0x80, 0xbf, 0x5e, 0xff, 0x80, 0xf0, 0x02, 0x00, 0x80, 0xbf, 0x5e, 0xff, 0x80, 0xf0, 0x02, 0x00,
  0x80, 0x7f, 0x5e, 0xff, 0x80, 0xf0, 0x02, 0x00, 0x80, 0x3f, 0x5e, 0xff, 0x80, 0xf0, 0x02, 0x00,
  0x80, 0x2f, 0x5e, 0xff, 0x80, 0xf4, 0x02, 0x00, 0x80, 0x1f, 0x0a, 0xff, 0x80, 0xef, 0x52, 0xff,
  0x80, 0xf4, 0x02, 0x00, 0x80, 0x0f, 0x09, 0xff, 0x81, 0xfe, 0x2f, 0x52, 0xff, 0x80, 0xf4, 0x02,
  0x00, 0x80, 0x07, 0x09, 0xff, 0x81, 0xf4, 0xbf, 0x52, 0xff, 0x80, 0xf4, 0x02, 0x00, 0x80, 0x02,
  0x09, 0xff, 0x80, 0x81, 0x53, 0xff, 0x80, 0xf8, 0x03, 0x00, 0x08, 0xff, 0x81, 0xfe, 0x03, 0x53,
  0xff, 0x80, 0xf8, 0x03, 0x00, 0x80, 0x7f, 0x07, 0xff, 0x81, 0xf8, 0x0b, 0x53, 0xff, 0x80, 0xfc,
  0x03, 0x00, 0x80, 0x1f, 0x07, 0xff, 0x81, 0xf0, 0x0f, 0x53, 0xff, 0x80, 0xfd, 0x03, 0x00, 0x80,
  0x0b, 0x07, 0xff, 0x81, 0xc0, 0x1f, 0x53, 0xff, 0x80, 0xfe, 0x03, 0x00, 0x80, 0x02, 0x07, 0xff,
  0x81, 0x40, 0x3f, 0x4e, 0xff, 0x80, 0xfb, 0x04, 0xff, 0x04, 0x00, 0x80, 0xbf, 0x05, 0xff, 0x82,
  0xfe, 0x00, 0x7f, 0x4e, 0xff, 0x80, 0xd7, 0x04, 0xff, 0x80, 0x80, 0x03, 0x00, 0x80, 0x1f, 0x05,
  0xff, 0x82, 0xfd, 0x00, 0xbf, 0x4e, 0xff, 0x80, 0x4f, 0x04, 0xff, 0x80, 0xc0, 0x03, 0x00, 0x80,
  0x07, 0x05, 0xff, 0x82, 0xf8, 0x00, 0xbf, 0x4d, 0xff, 0x81, 0xfd, 0x2f, 0x04, 0xff, 0x80, 0xe0,
  0x04, 0x00, 0x05, 0xff, 0x82, 0xf4, 0x00, 0xbf, 0x4d, 0xff, 0x81, 0xf4, 0x3f, 0x04, 0xff, 0x80,
  0xf0, 0x04, 0x00, 0x80, 0x2f, 0x04, 0xff, 0x82, 0xf0, 0x00, 0xbf, 0x4d, 0xff, 0x81, 0xe0, 0x7f,
  0x04, 0xff, 0x80, 0xf8, 0x04, 0x00, 0x80, 0x0b, 0x04, 0xff, 0x81, 0xe0, 0x00, 0x4e, 0xff, 0x81,
  0x80, 0xbf, 0x04, 0xff, 0x80, 0xfd, 0x04, 0x00, 0x80, 0x02, 0x04, 0xff, 0x81, 0xd0, 0x00, 0x4e,
  0xff, 0x80, 0x00, 0x06, 0xff, 0x80, 0x40, 0x04, 0x00, 0x80, 0x7f, 0x03, 0xff, 0x82, 0xd0, 0x00,
  0xbf, 0x4c, 0xff, 0x81, 0xfd, 0x00, 0x06, 0xff, 0x80, 0xc0, 0x04, 0x00, 0x80, 0x1f, 0x03, 0xff,
  0x82, 0xc0, 0x00, 0xbf, 0x4c, 0xff, 0x81, 0xf8, 0x01, 0x06, 0xff, 0x80, 0xe0, 0x04, 0x00, 0x80,
  0x07, 0x03, 0xff, 0x82, 0xc0, 0x00, 0x3f, 0x4c, 0xff, 0x81, 0xf0, 0x01, 0x06, 0xff, 0x80, 0xf4,
  0x04, 0x00, 0x80, 0x01, 0x03, 0xff, 0x82, 0xc0, 0x00, 0x2f, 0x4c, 0xff, 0x81, 0xf0, 0x01, 0x06,
  0xff, 0x80, 0xfc, 0x05, 0x00, 0x80, 0xbf, 0x02, 0xff, 0x82, 0xc0, 0x00, 0x1f, 0x4c, 0xff, 0x81,
  0xe0, 0x01, 0x07, 0xff, 0x05, 0x00, 0x80, 0x2f, 0x02, 0xff, 0x82, 0xc0, 0x00, 0x0b, 0x4c, 0xff,
  0x81, 0xd0, 0x01, 0x07, 0xff, 0x80, 0xc0, 0x04, 0x00, 0x80, 0x0f, 0x02, 0xff, 0x82, 0xc0, 0x00,
  0x07, 0x4c, 0xff, 0x81, 0xc0, 0x01, 0x07, 0xff, 0x80, 0xf0, 0x04, 0x00, 0x80, 0x07, 0x02, 0xff,
  0x82, 0xd0, 0x00, 0x02, 0x4c, 0xff, 0x81, 0x80, 0x01, 0x07, 0xff, 0x80, 0xfc, 0x04, 0x00, 0x80,
  0x02, 0x02, 0xff, 0x82, 0xe0, 0x00, 0x00, 0x4c, 0xff, 0x81, 0x80, 0x00, 0x07, 0xff, 0x80, 0xfe,
  0x05, 0x00, 0x02, 0xff, 0x83, 0xf0, 0x00, 0x00, 0x7f, 0x4b, 0xff, 0x81, 0x80, 0x00, 0x08, 0xff,
  0x80, 0x80, 0x04, 0x00, 0x86, 0x7f, 0xff, 0xff, 0xf0, 0x00, 0x00, 0x1f, 0x4b, 0xff, 0x82, 0x80,
  0x00, 0x7f, 0x07, 0xff, 0x80, 0xe0, 0x04, 0x00, 0x86, 0x2f, 0xff, 0xff, 0xf8, 0x00, 0x00, 0x0b,
  0x4b, 0xff, 0x82, 0x80, 0x00, 0x3f, 0x07, 0xff, 0x80, 0xf8, 0x04, 0x00, 0x86, 0x1f, 0xff, 0xff,
  0xfc, 0x00, 0x00, 0x02, 0x4b, 0xff, 0x82, 0xc0, 0x00, 0x1f, 0x07, 0xff, 0x80, 0xfe, 0x04, 0x00,
  0x83, 0x0b, 0xff, 0xff, 0xfd, 0x02, 0x00, 0x80, 0xbf, 0x4a, 0xff, 0x82, 0xc0, 0x00, 0x0b, 0x08,
  0xff, 0x80, 0x80, 0x03, 0x00, 0x83, 0x07, 0xff, 0xff, 0xfe, 0x02, 0x00, 0x80, 0x3f, 0x4a, 0xff,
  0x82, 0xc0, 0x00, 0x02, 0x08, 0xff, 0x80, 0xe0, 0x03, 0x00, 0x80, 0x03, 0x02, 0xff, 0x83, 0x40,
  0x00, 0x00, 0x0f, 0x4a, 0xff, 0x83, 0xd0, 0x00, 0x00, 0xbf, 0x07, 0xff, 0x80, 0xf4, 0x03, 0x00,
  0x80, 0x02, 0x02, 0xff, 0x83, 0xc0, 0x00, 0x00, 0x07, 0x4a, 0xff, 0x83, 0xd0, 0x00, 0x00, 0x1f,
  0x07, 0xff, 0x80, 0xfc, 0x03, 0x00, 0x80, 0x01, 0x02, 0xff, 0x83, 0xd0, 0x00, 0x00, 0x01, 0x4a,
  0xff, 0x83, 0xe0, 0x00, 0x00, 0x07, 0x07, 0xff, 0x80, 0xfd, 0x03, 0x00, 0x80, 0x01, 0x02, 0xff,
  0x80, 0xf0, 0x02, 0x00, 0x80, 0xbf, 0x49, 0xff, 0x80, 0xf4, 0x02, 0x00, 0x80, 0x7f, 0x07, 0xff,
  0x04, 0x00, 0x02, 0xff, 0x80, 0xf8, 0x02, 0x00, 0x80, 0x3f, 0x49, 0xff, 0x80, 0xf8, 0x02, 0x00,
  0x80, 0x0b, 0x07, 0xff, 0x80, 0x80, 0x03, 0x00, 0x02, 0xff, 0x80, 0xfd, 0x02, 0x00, 0x80, 0x0f,
  0x49, 0xff, 0x80, 0xfd, 0x02, 0x00, 0x81, 0x01, 0xbf, 0x06, 0xff, 0x80, 0xc0, 0x03, 0x00, 0x03,
  0xff, 0x02, 0x00, 0x80, 0x0b, 0x4a, 0xff, 0x03, 0x00, 0x80, 0x2f, 0x06, 0xff, 0x80, 0xd0, 0x03,
  0x00, 0x80, 0xbf, 0x02, 0xff, 0x83, 0x80, 0x00, 0x00, 0x03, 0x4a, 0xff, 0x80, 0x80, 0x02, 0x00,
  0x80, 0x07, 0x06, 0xff, 0x80, 0xe0, 0x03, 0x00, 0x80, 0xbf, 0x02, 0xff, 0x83, 0xc0, 0x00, 0x00,
  0x02, 0x4a, 0xff, 0x80, 0xd0, 0x03, 0x00, 0x80, 0xbf, 0x05, 0xff, 0x80, 0xf0, 0x03, 0x00, 0x80,
  0xbf, 0x02, 0xff, 0x80, 0xd0, 0x02, 0x00, 0x4a, 0xff, 0x80, 0xf4, 0x03, 0x00, 0x80, 0x1f, 0x05,
  0xff, 0x80, 0xf0, 0x03, 0x00, 0x03, 0xff, 0x80, 0xe0, 0x02, 0x00, 0x80, 0xbf, 0x49, 0xff, 0x80,
  0xfd, 0x03, 0x00, 0x80, 0x07, 0x05, 0xff, 0x80, 0xf0, 0x03, 0x00, 0x03, 0xff, 0x80, 0xf0, 0x02,
  0x00, 0x80, 0x7f, 0x4a, 0xff, 0x80, 0x40, 0x02, 0x00, 0x80, 0x01, 0x05, 0xff, 0x80, 0xf0, 0x03,
  0x00, 0x03, 0xff, 0x80, 0xf4, 0x02, 0x00, 0x80, 0x3f, 0x4a, 0xff, 0x80, 0xd0, 0x03, 0x00, 0x80,
  0xbf, 0x04, 0xff, 0x80, 0xf0, 0x02, 0x00, 0x80, 0x01, 0x03, 0xff, 0x80, 0xf4, 0x02, 0x00, 0x80,
  0x3f, 0x4a, 0xff, 0x80, 0xf4, 0x03, 0x00, 0x80, 0x2f, 0x04, 0xff, 0x80, 0xf0, 0x02, 0x00, 0x80,
  0x02, 0x03, 0xff, 0x80, 0xf4, 0x02, 0x00, 0x80, 0x3f, 0x4a, 0xff, 0x80, 0xfd, 0x03, 0x00, 0x80,
  0x0f, 0x04, 0xff, 0x80, 0xe0, 0x02, 0x00, 0x80, 0x02, 0x03, 0xff, 0x80, 0xf4, 0x02, 0x00, 0x80,
  0x2f, 0x4b, 0xff, 0x80, 0x40, 0x02, 0x00, 0x80, 0x0b, 0x04, 0xff, 0x80, 0xe0, 0x02, 0x00, 0x80,
  0x03, 0x03, 0xff, 0x80, 0xf4, 0x02, 0x00, 0x80, 0x2f, 0x4b, 0xff, 0x80, 0xe0, 0x02, 0x00, 0x80,
  0x07, 0x04, 0xff, 0x80, 0xd0, 0x02, 0x00, 0x80, 0x07, 0x03, 0xff, 0x80, 0xf4, 0x02, 0x00, 0x80,
  0x2f, 0x4b, 0xff, 0x80, 0xf4, 0x02, 0x00, 0x80, 0x02, 0x04, 0xff, 0x80, 0xc0, 0x02, 0x00, 0x80,
  0x0f, 0x03, 0xff, 0x80, 0xf0, 0x02, 0x00, 0x80, 0x2f, 0x4b, 0xff, 0x80, 0xfd, 0x02, 0x00, 0x80,
  0x02, 0x04, 0xff, 0x80, 0x40, 0x02, 0x00, 0x80, 0x1f, 0x03, 0xff, 0x80, 0xe0, 0x02, 0x00, 0x80,
  0x3f, 0x4c, 0xff, 0x02, 0x00, 0x80, 0x01, 0x04, 0xff, 0x03, 0x00, 0x80, 0x3f, 0x03, 0xff, 0x80,
  0xd0, 0x02, 0x00, 0x80, 0x3f, 0x4c, 0xff, 0x80, 0x40, 0x02, 0x00, 0x03, 0xff, 0x80, 0xfe, 0x03,
  0x00, 0x80, 0x7f, 0x03, 0xff, 0x80, 0x80, 0x02, 0x00, 0x80, 0x3f, 0x4c, 0xff, 0x80, 0xc0, 0x02,
  0x00, 0x03, 0xff, 0x80, 0xfc, 0x03, 0x00, 0x04, 0xff, 0x03, 0x00, 0x80, 0x7f, 0x4c, 0xff, 0x80,
  0xd0, 0x02, 0x00, 0x03, 0xff, 0x80, 0xf8, 0x02, 0x00, 0x80, 0x02, 0x03, 0xff, 0x80, 0xfd, 0x03,
  0x00, 0x80, 0xbf, 0x4c, 0xff, 0x80, 0xd0, 0x02, 0x00, 0x80, 0xbf, 0x02, 0xff, 0x80, 0xf0, 0x02,
  0x00, 0x80, 0x07, 0x03, 0xff, 0x80, 0xf4, 0x03, 0x00, 0x4d, 0xff, 0x80, 0xd0, 0x02, 0x00, 0x03,
  0xff, 0x80, 0xd0, 0x02, 0x00, 0x80, 0x0f, 0x03, 0xff, 0x80, 0xe0, 0x02, 0x00, 0x80, 0x01, 0x4d,
  0xff, 0x80, 0xd0, 0x02, 0x00, 0x03, 0xff, 0x80, 0xc0, 0x02, 0x00, 0x80, 0x3f, 0x03, 0xff, 0x80,
  0x80, 0x02, 0x00, 0x80, 0x03, 0x4d, 0xff, 0x83, 0xc0, 0x00, 0x00, 0x01, 0x03, 0xff, 0x03, 0x00,
  0x80, 0xbf, 0x02, 0xff, 0x80, 0xfe, 0x03, 0x00, 0x80, 0x07, 0x4d, 0xff, 0x83, 0x80, 0x00, 0x00,
  0x02, 0x02, 0xff, 0x80, 0xfd, 0x02, 0x00, 0x80, 0x02, 0x03, 0xff, 0x80, 0xf4, 0x03, 0x00, 0x80,
  0x0f, 0x4d, 0xff, 0x83, 0x40, 0x00, 0x00, 0x02, 0x02, 0xff, 0x80, 0xf8, 0x02, 0x00, 0x80, 0x0b,
  0x03, 0xff, 0x80, 0xd0, 0x03, 0x00, 0x80, 0x2f, 0x4d, 0xff, 0x02, 0x00, 0x80, 0x03, 0x02, 0xff,
  0x80, 0xf0, 0x02, 0x00, 0x80, 0x2f, 0x03, 0xff, 0x80, 0x40, 0x03, 0x00, 0x80, 0x7f, 0x4c, 0xff,
  0x80, 0xfd, 0x02, 0x00, 0x80, 0x07, 0x02, 0xff, 0x80, 0xd0, 0x02, 0x00, 0x80, 0xbf, 0x02, 0xff,
  0x80, 0xfd, 0x03, 0x00, 0x80, 0x01, 0x4d, 0xff, 0x80, 0xf8, 0x02, 0x00, 0x80, 0x0f, 0x02, 0xff,
  0x83, 0x80, 0x00, 0x00, 0x03, 0x03, 0xff, 0x80, 0xf4, 0x03, 0x00, 0x80, 0x07, 0x4d, 0xff, 0x80,
  0xf0, 0x02, 0x00, 0x80, 0x2f, 0x02, 0xff, 0x83, 0x40, 0x00, 0x00, 0x0f, 0x03, 0xff, 0x80, 0xe0,
  0x03, 0x00, 0x80, 0x1f, 0x4d, 0xff, 0x80, 0xd0, 0x02, 0x00, 0x83, 0x7f, 0xff, 0xff, 0xfe, 0x02,
  0x00, 0x80, 0x3f, 0x03, 0xff, 0x80, 0x80, 0x03, 0x00, 0x80, 0x7f, 0x4d, 0xff, 0x80, 0x80, 0x02,
  0x00, 0x02, 0xff, 0x83, 0xfd, 0x00, 0x00, 0x01, 0x04, 0xff, 0x03, 0x00, 0x80, 0x02, 0x4e, 0xff,
  0x02, 0x00, 0x80, 0x02, 0x02, 0xff, 0x83, 0xfc, 0x00, 0x00, 0x03, 0x03, 0xff, 0x80, 0xfc, 0x03,
  0x00, 0x80, 0x1f, 0x4d, 0xff, 0x80, 0xfd, 0x02, 0x00, 0x80, 0x0b, 0x02, 0xff, 0x83, 0xf4, 0x00,
  0x00, 0x0f, 0x03, 0xff, 0x80, 0xf8, 0x03, 0x00, 0x80, 0xbf, 0x4d, 0xff, 0x80, 0xf8, 0x02, 0x00,
  0x80, 0x2f, 0x02, 0xff, 0x83, 0xf0, 0x00, 0x00, 0x3f, 0x03, 0xff, 0x80, 0xf4, 0x02, 0x00, 0x80,
  0x07, 0x4e, 0xff, 0x80, 0xf0, 0x02, 0x00, 0x80, 0xbf, 0x02, 0xff, 0x83, 0xe0, 0x00, 0x00, 0xbf,
  0x03, 0xff, 0x80, 0xe0, 0x02, 0x00, 0x80, 0x2f, 0x4e, 0xff, 0x83, 0xe0, 0x00, 0x00, 0x01, 0x03,
  0xff, 0x82, 0xe0, 0x00, 0x01, 0x04, 0xff, 0x80, 0xd0, 0x02, 0x00, 0x80, 0xbf, 0x4e, 0xff, 0x83,
  0xd0, 0x00, 0x00, 0x07, 0x03, 0xff, 0x82, 0xd0, 0x00, 0x03, 0x04, 0xff, 0x83, 0xd0, 0x00, 0x00,
  0x07, 0x4f, 0xff, 0x83, 0xc0, 0x00, 0x00, 0x0f, 0x03, 0xff, 0x82, 0xc0, 0x00, 0x0b, 0x04, 0xff,
  0x83, 0xc0, 0x00, 0x00, 0x2f, 0x4f, 0xff, 0x83, 0x80, 0x00, 0x00, 0x3f, 0x03, 0xff, 0x82, 0xc0,
  0x00, 0x1f, 0x04, 0xff, 0x83, 0x80, 0x00, 0x00, 0xbf, 0x4f, 0xff, 0x83, 0x40, 0x00, 0x00, 0xbf,
  0x03, 0xff, 0x82, 0x80, 0x00, 0x2f, 0x04, 0xff, 0x82, 0x80, 0x00, 0x01, 0x50, 0xff, 0x82, 0x00,
  0x00, 0x02, 0x04, 0xff, 0x82, 0x80, 0x00, 0x3f, 0x04, 0xff, 0x82, 0x40, 0x00, 0x07, 0x50, 0xff,
  0x82, 0x00, 0x00, 0x03, 0x04, 0xff, 0x82, 0x80, 0x00, 0x7f, 0x04, 0xff, 0x82, 0x40, 0x00, 0x0f,
  0x4f, 0xff, 0x83, 0xfe, 0x00, 0x00, 0x0b, 0x04, 0xff, 0x82, 0x80, 0x00, 0xbf, 0x04, 0xff, 0x82,
  0x40, 0x00, 0x1f, 0x4f, 0xff, 0x83, 0xfe, 0x00, 0x00, 0x1f, 0x04, 0xff, 0x81, 0x80, 0x00, 0x05,
  0xff, 0x82, 0x80, 0x00, 0x3f, 0x4f, 0xff, 0x83, 0xfe, 0x00, 0x00, 0x2f, 0x04, 0xff, 0x81, 0x80,
  0x01, 0x05, 0xff, 0x82, 0x80, 0x00, 0x7f, 0x4f, 0xff, 0x83, 0xfe, 0x00, 0x00, 0x3f, 0x04, 0xff,
  0x81, 0xc0, 0x01, 0x05, 0xff, 0x82, 0x80, 0x00, 0xbf, 0x50, 0xff, 0x82, 0x00, 0x00, 0x7f, 0x04,
  0xff, 0x81, 0xc0, 0x01, 0x05, 0xff, 0x82, 0xc0, 0x00, 0xbf, 0x50, 0xff, 0x82, 0x00, 0x00, 0xbf,
  0x04, 0xff, 0x81, 0xc0, 0x02, 0x05, 0xff, 0x82, 0xc0, 0x00, 0xbf, 0x50, 0xff, 0x82, 0x40, 0x00,
  0xbf, 0x04, 0xff, 0x81, 0xd0, 0x02, 0x05, 0xff, 0x82, 0xd0, 0x00, 0xbf, 0x50, 0xff, 0x82, 0x80,
  0x00, 0xbf, 0x04, 0xff, 0x81, 0xf0, 0x02, 0x05, 0xff, 0x82, 0xe0, 0x00, 0xbf, 0x50, 0xff, 0x82,
  0xc0, 0x00, 0xbf, 0x04, 0xff, 0x81, 0xf4, 0x01, 0x05, 0xff, 0x82, 0xf0, 0x00, 0xbf, 0x50, 0xff,
  0x82, 0xd0, 0x00, 0xbf, 0x04, 0xff, 0x81, 0xf8, 0x01, 0x05, 0xff, 0x82, 0xf8, 0x00, 0xbf, 0x50,
  0xff, 0x82, 0xf0, 0x00, 0x7f, 0x04, 0xff, 0x81, 0xfd, 0x01, 0x05, 0xff, 0x82, 0xfd, 0x00, 0x7f,
  0x50, 0xff, 0x82, 0xf4, 0x00, 0x3f, 0x04, 0xff, 0x81, 0xfe, 0x00, 0x05, 0xff, 0x82, 0xfe, 0x00,
  0x3f, 0x50, 0xff, 0x82, 0xfc, 0x00, 0x2f, 0x05, 0xff, 0x81, 0x00, 0xbf, 0x05, 0xff, 0x81, 0x80,
  0x2f, 0x50, 0xff, 0x82, 0xfe, 0x00, 0x0f, 0x05, 0xff, 0x81, 0xc0, 0xbf, 0x05, 0xff, 0x81, 0xd0,
  0x1f, 0x51, 0xff, 0x81, 0x80, 0x0b, 0x05, 0xff, 0x81, 0xe0, 0x7f, 0x05, 0xff, 0x81, 0xf0, 0x0f,
  0x51, 0xff, 0x81, 0xe0, 0x07, 0x05, 0xff, 0x81, 0xf8, 0x3f, 0x05, 0xff, 0x81, 0xf8, 0x0b, 0x51,
  0xff, 0x81, 0xf8, 0x02, 0x05, 0xff, 0x81, 0xfd, 0x2f, 0x05, 0xff, 0x81, 0xfe, 0x03, 0x52, 0xff,
  0x80, 0x40, 0x06, 0xff, 0x80, 0x5f, 0x06, 0xff, 0x80, 0x81, 0x52, 0xff, 0x81, 0xe0, 0x7f, 0x05,
  0xff, 0x80, 0xef, 0x06, 0xff, 0x80, 0xf4, 0x52, 0xff, 0x81, 0xfd, 0x2f, 0x0d, 0xff, 0x81, 0xfe,
  0x7f, 0x7f, 0xff, 0x7f, 0xff, 0x54, 0xff,
};
#define COFFEE_STEAM_0_LEN 2583

#define COFFEE_STEAM_1_W 400
#define COFFEE_STEAM_1_H 450
#define COFFEE_STEAM_1_STRIDE 100
#define COFFEE_STEAM_1_RAW_SIZE 45000
const uint8_t COFFEE_STEAM_1[] PROGMEM = {
  0x7f, 0xff, 0x7f, 0xff, 0x7f, 0xff, 0x7f, 0xff, 0x7f, 0xff, 0x7f, 0xff, 0x7f, 0xff, 0x7f, 0xff,
  0x7f, 0xff, 0x7f, 0xff, 0x7f, 0xff, 0x7f, 0xff, 0x7f, 0xff, 0x7f, 0xff, 0x7f, 0xff, 0x7f, 0xff,
  0x7f, 0xff, 0x7f, 0xff, 0x7f, 0xff, 0x7f, 0xff, 0x7f, 0xff, 0x7f, 0xff, 0x7f, 0xff, 0x7f, 0xff,
  0x7f, 0xff, 0x7f, 0xff, 0x7f, 0xff, 0x7f, 0xff, 0x7f, 0xff, 0x7f, 0xff, 0x7f, 0xff, 0x7f, 0xff,
  0x7f, 0xff, 0x7f, 0xff, 0x7f, 0xff, 0x7f, 0xff, 0x7f, 0xff, 0x7f, 0xff, 0x7f, 0xff, 0x7f, 0xff,
  0x7f, 0xff, 0x7f, 0xff, 0x7f, 0xff, 0x7f, 0xff, 0x7f, 0xff, 0x7f, 0xff, 0x7f, 0xff, 0x7f, 0xff,
  0x7f, 0xff, 0x7f, 0xff, 0x7f, 0xff, 0x7f, 0xff, 0x7f, 0xff, 0x7f, 0xff, 0x7f, 0xff, 0x7f, 0xff,
  0x7f, 0xff, 0x7f, 0xff, 0x7f, 0xff, 0x7f, 0xff, 0x7f, 0xff, 0x7f, 0xff, 0x7f, 0xff, 0x7f, 0xff,
  0x7f, 0xff, 0x7f, 0xff, 0x7f, 0xff, 0x7f, 0xff, 0x7f, 0xff, 0x7f, 0xff, 0x7f, 0xff, 0x7f, 0xff,
  0x7f, 0xff, 0x7f, 0xff, 0x4e, 0xff, 0x80, 0xef, 0x62, 0xff, 0x80, 0xdf, 0x62, 0xff, 0x80, 0xdb,
  0x62, 0xff, 0x80, 0xd3, 0x62, 0xff, 0x80, 0xe1, 0x62, 0xff, 0x80, 0xf0, 0x62, 0xff, 0x81, 0xf0,
  0xbf, 0x61, 0xff, 0x81, 0xe0, 0x7f, 0x61, 0xff, 0x81, 0xe0, 0x7f, 0x61, 0xff, 0x81, 0xe0, 0x3f,
  0x61, 0xff, 0x81, 0xe0, 0x2f, 0x61, 0xff, 0x81, 0xd0, 0x2f, 0x61, 0xff, 0x81, 0xd0, 0x2f, 0x61,
  0xff, 0x81, 0xc0, 0x2f, 0x61, 0xff, 0x81, 0x80, 0x1f, 0x61, 0xff, 0x81, 0x40, 0x1f, 0x61, 0xff,
  0x81, 0x00, 0x2f, 0x60, 0xff, 0x82, 0xfe, 0x00, 0x2f, 0x60, 0xff, 0x82, 0xfd, 0x00, 0x2f, 0x60,
  0xff, 0x82, 0xf8, 0x00, 0x3f, 0x60, 0xff, 0x82, 0xf4, 0x00, 0x3f, 0x60, 0xff, 0x82, 0xf0, 0x00,
  0x7f, 0x60, 0xff, 0x82, 0xd0, 0x00, 0x7f, 0x60, 0xff, 0x82, 0x80, 0x00, 0xbf, 0x60, 0xff, 0x81,
  0x40, 0x00, 0x60, 0xff, 0x82, 0xfe, 0x00, 0x02, 0x60, 0xff, 0x82, 0xf8, 0x00, 0x03, 0x60, 0xff,
  0x82, 0xf0, 0x00, 0x07, 0x60, 0xff, 0x82, 0xc0, 0x00, 0x0b, 0x60, 0xff, 0x82, 0x00, 0x00, 0x1f,
  0x5f, 0xff, 0x83, 0xfc, 0x00, 0x00, 0x2f, 0x5f, 0xff, 0x83, 0xf4, 0x00, 0x00, 0x7f, 0x5f, 0xff,
  0x82, 0xd0, 0x00, 0x00, 0x60, 0xff, 0x82, 0x00, 0x00, 0x02, 0x5f, 0xff, 0x83, 0xfc, 0x00, 0x00,
  0x03, 0x5f, 0xff, 0x83, 0xe0, 0x00, 0x00, 0x0b, 0x5f, 0xff, 0x83, 0x80, 0x00, 0x00, 0x1f, 0x5e,
  0xff, 0x80, 0xfe, 0x02, 0x00, 0x80, 0x3f, 0x5e, 0xff, 0x80, 0xf8, 0x02, 0x00, 0x80, 0xbf, 0x5e,
  0xff, 0x80, 0xe0, 0x02, 0x00, 0x5f, 0xff, 0x83, 0xc0, 0x00, 0x00, 0x03, 0x5f, 0xff, 0x02, 0x00,
  0x80, 0x0b, 0x5e, 0xff, 0x80, 0xfc, 0x02, 0x00, 0x80, 0x1f, 0x5e, 0xff, 0x80, 0xf0, 0x02, 0x00,
  0x80, 0x2f, 0x5e, 0xff, 0x80, 0xd0, 0x02, 0x00, 0x80, 0x7f, 0x5e, 0xff, 0x80, 0x80, 0x02, 0x00,
  0x5f, 0xff, 0x02, 0x00, 0x80, 0x02, 0x5e, 0xff, 0x80, 0xfd, 0x02, 0x00, 0x80, 0x07, 0x5e, 0xff,
  0x80, 0xf8, 0x02, 0x00, 0x80, 0x0f, 0x5e, 0xff, 0x80, 0xf0, 0x02, 0x00, 0x80, 0x1f, 0x5e, 0xff,
  0x80, 0xe0, 0x02, 0x00, 0x80, 0x2f, 0x5e, 0xff, 0x80, 0xc0, 0x02, 0x00, 0x80, 0x3f, 0x5e, 0xff,
  0x80, 0x80, 0x02, 0x00, 0x80, 0xbf, 0x5e, 0xff, 0x80, 0x40, 0x02, 0x00, 0x80, 0xbf, 0x5d, 0xff,
  0x80, 0xfe, 0x03, 0x00, 0x5e, 0xff, 0x80, 0xfd, 0x02, 0x00, 0x80, 0x01, 0x05, 0xff, 0x80, 0xbf,
  0x57, 0xff, 0x80, 0xfc, 0x02, 0x00, 0x80, 0x01, 0x04, 0xff, 0x81, 0xfe, 0xbf, 0x57, 0xff, 0x80,
  0xf8, 0x02, 0x00, 0x80, 0x02, 0x04, 0xff, 0x80, 0xf8, 0x58, 0xff, 0x80, 0xf8, 0x02, 0x00, 0x80,
  0x02, 0x04, 0xff, 0x80, 0xf1, 0x58, 0xff, 0x80, 0xf4, 0x02, 0x00, 0x80, 0x02, 0x04, 0xff, 0x80,
  0xe2, 0x58, 0xff, 0x80, 0xf4, 0x02, 0x00, 0x80, 0x02, 0x04, 0xff, 0x80, 0xd2, 0x58, 0xff, 0x80,
  0xf0, 0x02, 0x00, 0x80, 0x02, 0x04, 0xff, 0x80, 0xc3, 0x58, 0xff, 0x80, 0xf0, 0x02, 0x00, 0x80,
  0x02, 0x04, 0xff, 0x80, 0x83, 0x58, 0xff, 0x80, 0xf0, 0x02, 0x00, 0x80, 0x01, 0x04, 0xff, 0x80,
  0x43, 0x58, 0xff, 0x80, 0xf0, 0x02, 0x00, 0x80, 0x01, 0x04, 0xff, 0x80, 0x03, 0x58, 0xff, 0x80,
  0xf0, 0x03, 0x00, 0x03, 0xff, 0x81, 0xfe, 0x03, 0x58, 0xff, 0x80, 0xf0, 0x03, 0x00, 0x03, 0xff,
  0x81, 0xfe, 0x03, 0x58, 0xff, 0x80, 0xf0, 0x03, 0x00, 0x80, 0xbf, 0x02, 0xff, 0x81, 0xfe, 0x02,
  0x58, 0xff, 0x80, 0xf0, 0x03, 0x00, 0x80, 0x7f, 0x02, 0xff, 0x81, 0xfd, 0x02, 0x58, 0xff, 0x80,
  0xf4, 0x03, 0x00, 0x80, 0x3f, 0x02, 0xff, 0x81, 0xfd, 0x01, 0x58, 0xff, 0x80, 0xf4, 0x03, 0x00,
  0x80, 0x2f, 0x02, 0xff, 0x81, 0xfd, 0x00, 0x58, 0xff, 0x80, 0xf8, 0x03, 0x00, 0x80, 0x1f, 0x02,
  0xff, 0x81, 0xfd, 0x00, 0x58, 0xff, 0x80, 0xfc, 0x03, 0x00, 0x80, 0x0b, 0x02, 0xff, 0x82, 0xfd,
  0x00, 0xbf, 0x57, 0xff, 0x80, 0xfd, 0x03, 0x00, 0x80, 0x07, 0x02, 0xff, 0x82, 0xfd, 0x00, 0x3f,
  0x57, 0xff, 0x80, 0xfe, 0x03, 0x00, 0x80, 0x02, 0x02, 0xff, 0x82, 0xfe, 0x00, 0x2f, 0x57, 0xff,
  0x80, 0xfe, 0x04, 0x00, 0x02, 0xff, 0x82, 0xfe, 0x00, 0x0f, 0x58, 0xff, 0x80, 0x40, 0x03, 0x00,
  0x80, 0xbf, 0x02, 0xff, 0x81, 0x00, 0x0b, 0x58, 0xff, 0x80, 0x80, 0x03, 0x00, 0x80, 0x3f, 0x02,
  0xff, 0x81, 0x40, 0x03, 0x58, 0xff, 0x80, 0xd0, 0x03, 0x00, 0x80, 0x0f, 0x02, 0xff, 0x81, 0x80,
  0x01, 0x58, 0xff, 0x80, 0xe0, 0x03, 0x00, 0x80, 0x07, 0x02, 0xff, 0x82, 0xc0, 0x00, 0xbf, 0x57,
  0xff, 0x80, 0xf4, 0x03, 0x00, 0x80, 0x01, 0x02, 0xff, 0x82, 0xd0, 0x00, 0x3f, 0x57, 0xff, 0x80,
  0xf8, 0x04, 0x00, 0x85, 0xbf, 0xff, 0xff, 0xf0, 0x00, 0x1f, 0x57, 0xff, 0x80, 0xfd, 0x04, 0x00,
  0x85, 0x3f, 0xff, 0xff, 0xf4, 0x00, 0x0b, 0x58, 0xff, 0x04, 0x00, 0x85, 0x0f, 0xff, 0xff, 0xfc,
  0x00, 0x02, 0x58, 0xff, 0x80, 0x80, 0x03, 0x00, 0x86, 0x07, 0xff, 0xff, 0xfd, 0x00, 0x00, 0xbf,
  0x57, 0xff, 0x80, 0xd0, 0x03, 0x00, 0x86, 0x01, 0xff, 0xff, 0xfe, 0x00, 0x00, 0x3f, 0x57, 0xff,
  0x80, 0xf0, 0x04, 0x00, 0x85, 0x7f, 0xff, 0xff, 0x40, 0x00, 0x0f, 0x57, 0xff, 0x80, 0xf8, 0x04,
  0x00, 0x85, 0x2f, 0xff, 0xff, 0xc0, 0x00, 0x03, 0x57, 0xff, 0x80, 0xfe, 0x04, 0x00, 0x85, 0x0b,
  0xff, 0xff, 0xf0, 0x00, 0x00, 0x58, 0xff, 0x80, 0x80, 0x03, 0x00, 0x86, 0x03, 0xff, 0xff, 0xf4,
  0x00, 0x00, 0x3f, 0x57, 0xff, 0x80, 0xe0, 0x04, 0x00, 0x85, 0xff, 0xff, 0xfd, 0x00, 0x00, 0x0f,
  0x57, 0xff, 0x80, 0xf8, 0x04, 0x00, 0x85, 0x7f, 0xff, 0xff, 0x00, 0x00, 0x03, 0x57, 0xff, 0x80,
  0xfe, 0x04, 0x00, 0x86, 0x3f, 0xff, 0xff, 0x80, 0x00, 0x00, 0xbf, 0x57, 0xff, 0x80, 0x80, 0x03,
  0x00, 0x86, 0x1f, 0xff, 0xff, 0xe0, 0x00, 0x00, 0x2f, 0x57, 0xff, 0x80, 0xe0, 0x03, 0x00, 0x86,
  0x0b, 0xff, 0xff, 0xf4, 0x00, 0x00, 0x0b, 0x57, 0xff, 0x80, 0xfc, 0x03, 0x00, 0x86, 0x03, 0xff,
  0xff, 0xfc, 0x00, 0x00, 0x02, 0x58, 0xff, 0x80, 0x40, 0x02, 0x00, 0x83, 0x01, 0xff, 0xff, 0xfe,
  0x02, 0x00, 0x80, 0xbf, 0x57, 0xff, 0x80, 0xd0, 0x03, 0x00, 0x86, 0xbf, 0xff, 0xff, 0x80, 0x00,
  0x00, 0x2f, 0x57, 0xff, 0x80, 0xf4, 0x03, 0x00, 0x86, 0x7f, 0xff, 0xff, 0xd0, 0x00, 0x00, 0x0b,
  0x57, 0xff, 0x80, 0xfd, 0x03, 0x00, 0x86, 0x2f, 0xff, 0xff, 0xf4, 0x00, 0x00, 0x02, 0x58, 0xff,
  0x80, 0x80, 0x02, 0x00, 0x83, 0x0f, 0xff, 0xff, 0xfc, 0x02, 0x00, 0x80, 0xbf, 0x52, 0xff, 0x80,
  0xfb, 0x03, 0xff, 0x80, 0xe0, 0x02, 0x00, 0x80, 0x0b, 0x02, 0xff, 0x02, 0x00, 0x80, 0x2f, 0x52,
  0xff, 0x80, 0xf8, 0x03, 0xff, 0x80, 0xf8, 0x02, 0x00, 0x80, 0x07, 0x02, 0xff, 0x83, 0x80, 0x00,
  0x00, 0x0b, 0x52, 0xff, 0x81, 0xfd, 0x3f, 0x02, 0xff, 0x80, 0xfd, 0x02, 0x00, 0x80, 0x02, 0x02,
  0xff, 0x83, 0xd0, 0x00, 0x00, 0x02, 0x53, 0xff, 0x80, 0x1f, 0x03, 0xff, 0x83, 0x80, 0x00, 0x00,
  0x01, 0x02, 0xff, 0x80, 0xf4, 0x02, 0x00, 0x53, 0xff, 0x80, 0x4b, 0x03, 0xff, 0x80, 0xd0, 0x02,
  0x00, 0x02, 0xff, 0x80, 0xfc, 0x02, 0x00, 0x80, 0x3f, 0x52, 0xff, 0x80, 0x83, 0x03, 0xff, 0x80,
  0xf4, 0x02, 0x00, 0x83, 0xbf, 0xff, 0xff, 0xfe, 0x02, 0x00, 0x80, 0x1f, 0x52, 0xff, 0x80, 0xc1,
  0x03, 0xff, 0x80, 0xfc, 0x02, 0x00, 0x80, 0xbf, 0x02, 0xff, 0x83, 0x80, 0x00, 0x00, 0x0b, 0x52,
  0xff, 0x81, 0xd0, 0xbf, 0x02, 0xff, 0x80, 0xfe, 0x02, 0x00, 0x80, 0x7f, 0x02, 0xff, 0x83, 0xd0,
  0x00, 0x00, 0x03, 0x52, 0xff, 0x81, 0xd0, 0x3f, 0x03, 0xff, 0x83, 0x40, 0x00, 0x00, 0x7f, 0x02,
  0xff, 0x83, 0xe5, 0x00, 0x00, 0x01, 0x52, 0xff, 0x81, 0xd0, 0x2f, 0x03, 0xff, 0x83, 0x80, 0x00,
  0x00, 0x3f, 0x02, 0xff, 0x80, 0xf5, 0x02, 0x00, 0x80, 0xbf, 0x51, 0xff, 0x81, 0xd0, 0x1f, 0x03,
  0xff, 0x83, 0xd0, 0x00, 0x00, 0x3f, 0x02, 0xff, 0x84, 0xfd, 0x40, 0x00, 0x00, 0x3f, 0x51, 0xff,
  0x81, 0xd0, 0x0f, 0x03, 0xff, 0x83, 0xf0, 0x00, 0x00, 0x3f, 0x02, 0xff, 0x87, 0xfe, 0x50, 0x00,
  0x00, 0x1f, 0xff, 0xfd, 0xbf, 0x4e, 0xff, 0x81, 0xd0, 0x0b, 0x03, 0xff, 0x83, 0xf4, 0x00, 0x00,
  0x3f, 0x03, 0xff, 0x86, 0x54, 0x00, 0x00, 0x0b, 0xff, 0xfe, 0x2f, 0x4e, 0xff, 0x81, 0xd0, 0x07,
  0x03, 0xff, 0x83, 0xf8, 0x00, 0x00, 0x3f, 0x03, 0xff, 0x86, 0x84, 0x00, 0x00, 0x07, 0xff, 0xff,
  0x47, 0x4e, 0xff, 0x81, 0xd0, 0x07, 0x03, 0xff, 0x83, 0xfc, 0x00, 0x00, 0x3f, 0x03, 0xff, 0x86,
  0xd5, 0x00, 0x00, 0x02, 0xff, 0xff, 0xc1, 0x4e, 0xff, 0x81, 0xd0, 0x03, 0x03, 0xff, 0x83, 0xfd,
  0x00, 0x00, 0x3f, 0x03, 0xff, 0x80, 0xd5, 0x02, 0x00, 0x83, 0xff, 0xff, 0xe0, 0xbf, 0x4d, 0xff,
  0x81, 0xc0, 0x03, 0x03, 0xff, 0x83, 0xfd, 0x00, 0x00, 0x3f, 0x03, 0xff, 0x87, 0xe5, 0x40, 0x00,
  0x00, 0xbf, 0xff, 0xf0, 0x2f, 0x4d, 0xff, 0x81, 0x80, 0x03, 0x03, 0xff, 0x83, 0xfe, 0x00, 0x00,
  0x3f, 0x03, 0xff, 0x87, 0xf5, 0x50, 0x00, 0x00, 0x7f, 0xff, 0xf4, 0x0b, 0x4d, 0xff, 0x81, 0x40,
  0x03, 0x03, 0xff, 0x83, 0xfe, 0x00, 0x00, 0x7f, 0x03, 0xff, 0x87, 0xf9, 0x50, 0x00, 0x00, 0x3f,
  0xff, 0xf8, 0x03, 0x4d, 0xff, 0x81, 0x40, 0x03, 0x03, 0xff, 0x83, 0xfe, 0x00, 0x00, 0x7f, 0x03,
  0xff, 0x87, 0xfd, 0x54, 0x00, 0x00, 0x2f, 0xff, 0xfc, 0x01, 0x4c, 0xff, 0x82, 0xfe, 0x00, 0x03,
  0x03, 0xff, 0x83, 0xfe, 0x00, 0x00, 0xbf, 0x03, 0xff, 0x88, 0xfd, 0x54, 0x00, 0x00, 0x1f, 0xff,
  0xfd, 0x00, 0x7f, 0x4b, 0xff, 0x82, 0xfd, 0x00, 0x03, 0x04, 0xff, 0x82, 0x00, 0x00, 0xbf, 0x03,
  0xff, 0x88, 0xfe, 0x55, 0x00, 0x00, 0x0f, 0xff, 0xff, 0x00, 0x2f, 0x4b, 0xff, 0x82, 0xfc, 0x00,
  0x07, 0x03, 0xff, 0x85, 0xfe, 0x00, 0x00, 0xff, 0xff, 0xfa, 0x02, 0xff, 0x87, 0x55, 0x00, 0x00,
  0x0b, 0xff, 0xff, 0x40, 0x0f, 0x4b, 0xff, 0x82, 0xf4, 0x00, 0x07, 0x03, 0xff, 0x85, 0xfe, 0x00,
  0x01, 0xff, 0xff, 0xfd, 0x02, 0xff, 0x87, 0x55, 0x40, 0x00, 0x07, 0xff, 0xff, 0x80, 0x07, 0x4b,
  0xff, 0x82, 0xe0, 0x00, 0x0b, 0x03, 0xff, 0x90, 0xfe, 0x00, 0x03, 0xff, 0xff, 0xfe, 0x7f, 0xff,
  0xff, 0x55, 0x40, 0x00, 0x03, 0xff, 0xff, 0x80, 0x02, 0x4b, 0xff, 0x82, 0x80, 0x00, 0x0f, 0x03,
  0xff, 0x82, 0xfd, 0x00, 0x07, 0x02, 0xff, 0x8a, 0x2f, 0xff, 0xff, 0x95, 0x40, 0x00, 0x02, 0xff,
  0xff, 0xc0, 0x00, 0x4a, 0xff, 0x83, 0xfe, 0x00, 0x00, 0x1f, 0x03, 0xff, 0x82, 0xfd, 0x00, 0x0b,
  0x02, 0xff, 0x8b, 0x5b, 0xff, 0xff, 0x95, 0x50, 0x00, 0x01, 0xff, 0xff, 0xd0, 0x00, 0x7f, 0x49,
  0xff, 0x83, 0xf8, 0x00, 0x00, 0x2f, 0x03, 0xff, 0x82, 0xfc, 0x00, 0x1f, 0x02, 0xff, 0x8b, 0x97,
  0xff, 0xff, 0xd5, 0x50, 0x00, 0x01, 0xff, 0xff, 0xe0, 0x00, 0x3f, 0x49, 0xff, 0x83, 0xe0, 0x00,
  0x00, 0x3f, 0x03, 0xff, 0x82, 0xf8, 0x00, 0x2f, 0x02, 0xff, 0x8b, 0x95, 0xff, 0xff, 0xd5, 0x50,
  0x00, 0x00, 0xff, 0xff, 0xf0, 0x00, 0x1f, 0x49, 0xff, 0x83, 0x40, 0x00, 0x00, 0x7f, 0x03, 0xff,
  0x82, 0xf8, 0x00, 0x7f, 0x02, 0xff, 0x8b, 0xd5, 0xbf, 0xff, 0xd5, 0x50, 0x00, 0x00, 0xbf, 0xff,
  0xf0, 0x00, 0x0f, 0x48, 0xff, 0x80, 0xf8, 0x02, 0x00, 0x80, 0xbf, 0x03, 0xff, 0x81, 0xf4, 0x00,
  0x03, 0xff, 0x8b, 0xd5, 0x6f, 0xff, 0xe5, 0x54, 0x00, 0x00, 0xbf, 0xff, 0xf4, 0x00, 0x07, 0x47,
  0xff, 0x84, 0xfe, 0x40, 0x00, 0x00, 0x01, 0x04, 0xff, 0x81, 0xf0, 0x02, 0x03, 0xff, 0x8b, 0xe5,
  0x5f, 0xff, 0xe5, 0x54, 0x00, 0x00, 0x7f, 0xff, 0xf8, 0x00, 0x03, 0x47, 0xff, 0x80, 0x90, 0x02,
  0x00, 0x80, 0x03, 0x04, 0xff, 0x81, 0xe0, 0x07, 0x03, 0xff, 0x8b, 0xe5, 0x5b, 0xff, 0xe5, 0x54,
  0x00, 0x00, 0x3f, 0xff, 0xf8, 0x00, 0x02, 0x46, 0xff, 0x80, 0xe4, 0x03, 0x00, 0x80, 0x0b, 0x04,
  0xff, 0x81, 0xc0, 0x1f, 0x03, 0xff, 0x8b, 0xf5, 0x57, 0xff, 0xe5, 0x54, 0x00, 0x00, 0x3f, 0xff,
  0xfc, 0x00, 0x00, 0x45, 0xff, 0x80, 0xf9, 0x04, 0x00, 0x80, 0x1f, 0x04, 0xff, 0x81, 0xc0, 0x7f,
  0x03, 0xff, 0x8c, 0xf5, 0x52, 0xff, 0xe5, 0x55, 0x00, 0x00, 0x2f, 0xff, 0xfc, 0x00, 0x00, 0xbf,
  0x43, 0xff, 0x81, 0xfa, 0x40, 0x04, 0x00, 0x80, 0x3f, 0x04, 0xff, 0x80, 0x40, 0x04, 0xff, 0x8c,
  0xf5, 0x51, 0xff, 0xe5, 0x55, 0x00, 0x00, 0x2f, 0xff, 0xfc, 0x00, 0x00, 0xbf, 0x43, 0xff, 0x80,
  0x80, 0x05, 0x00, 0x80, 0xbf, 0x04, 0xff, 0x80, 0x03, 0x04, 0xff, 0x8c, 0xf5, 0x51, 0xff, 0xe5,
  0x55, 0x00, 0x00, 0x2f, 0xff, 0xfc, 0x00, 0x00, 0x7f, 0x42, 0xff, 0x80, 0xe4, 0x05, 0x00, 0x80,
  0x02, 0x04, 0xff, 0x81, 0xfd, 0x0b, 0x04, 0xff, 0x8c, 0xf5, 0x54, 0xbf, 0xe5, 0x55, 0x00, 0x00,
  0x2f, 0xff, 0xfd, 0x00, 0x00, 0x2f, 0x41, 0xff, 0x81, 0xfe, 0x40, 0x05, 0x00, 0x80, 0x0b, 0x04,
  0xff, 0x81, 0xf8, 0x2f, 0x04, 0xff, 0x8c, 0xf9, 0x54, 0x7f, 0xe5, 0x55, 0x00, 0x00, 0x1f, 0xff,
  0xfd, 0x00, 0x00, 0x2f, 0x41, 0xff, 0x80, 0xe0, 0x06, 0x00, 0x80, 0x2f, 0x04, 0xff, 0x80, 0xf0,
  0x02, 0xff, 0x8f, 0xfa, 0xff, 0xff, 0xf9, 0x55, 0x7f, 0xe5, 0x55, 0x00, 0x00, 0x1f, 0xff, 0xfd,
  0x00, 0x00, 0x1f, 0x41, 0xff, 0x80, 0x80, 0x05, 0x00, 0x80, 0x01, 0x05, 0xff, 0x80, 0xe7, 0x02,
  0xff, 0x8f, 0xf1, 0xff, 0xff, 0xf8, 0x55, 0x2f, 0xe5, 0x55, 0x00, 0x00, 0x1f, 0xff, 0xfd, 0x00,
  0x00, 0x0f, 0x40, 0xff, 0x80, 0xf8, 0x06, 0x00, 0x80, 0x0b, 0x09, 0xff, 0x8f, 0xe1, 0xff, 0xff,
  0xf8, 0x55, 0x2f, 0xd5, 0x55, 0x00, 0x00, 0x1f, 0xff, 0xfd, 0x00, 0x00, 0x0b, 0x40, 0xff, 0x80,
  0xe0, 0x06, 0x00, 0x80, 0x6f, 0x09, 0xff, 0x8f, 0xd2, 0xff, 0xff, 0xf9, 0x55, 0x2f, 0xd5, 0x55,
  0x00, 0x00, 0x1f, 0xff, 0xfd, 0x00, 0x00, 0x0b, 0x40, 0xff, 0x80, 0x40, 0x05, 0x00, 0x80, 0x06,
  0x0a, 0xff, 0x8f, 0x83, 0xff, 0xff, 0xf9, 0x55, 0x1f, 0xd5, 0x55, 0x00, 0x00, 0x1f, 0xff, 0xfd,
  0x00, 0x00, 0x07, 0x3f, 0xff, 0x80, 0xfd, 0x06, 0x00, 0x80, 0x7f, 0x09, 0xff, 0x90, 0xfe, 0x0b,
  0xff, 0xff, 0xf5, 0x45, 0x1f, 0x95, 0x55, 0x00, 0x00, 0x2f, 0xff, 0xfd, 0x00, 0x00, 0x03, 0x3f,
  0xff, 0x80, 0xf0, 0x05, 0x00, 0x80, 0x1a, 0x0a, 0xff, 0x90, 0xfc, 0x0f, 0xff, 0xff, 0xf5, 0x45,
  0x1f, 0x95, 0x55, 0x00, 0x00, 0x2f, 0xff, 0xfd, 0x00, 0x00, 0x03, 0x3f, 0xff, 0x80, 0xc0, 0x04,
  0x00, 0x81, 0x06, 0xbf, 0x0a, 0xff, 0x90, 0xf4, 0x1f, 0xff, 0xff, 0xf4, 0x45, 0x1f, 0x55, 0x55,
  0x00, 0x00, 0x2f, 0xff, 0xfd, 0x00, 0x00, 0x03, 0x3f, 0xff, 0x80, 0x40, 0x04, 0x00, 0x80, 0xbf,
  0x0b, 0xff, 0x90, 0xd0, 0x2f, 0xff, 0xff, 0xf4, 0x45, 0x1e, 0x55, 0x54, 0x00, 0x00, 0x3f, 0xff,
  0xfd, 0x00, 0x00, 0x02, 0x3e, 0xff, 0x80, 0xfd, 0x04, 0x00, 0x80, 0x1b, 0x0c, 0xff, 0x90, 0x80,
  0x7f, 0xff, 0xff, 0xf0, 0x45, 0x1e, 0x55, 0x54, 0x00, 0x00, 0x3f, 0xff, 0xfd, 0x00, 0x00, 0x02,
  0x3e, 0xff, 0x80, 0xf8, 0x03, 0x00, 0x80, 0x06, 0x0c, 0xff, 0x91, 0xfd, 0x00, 0xbf, 0xff, 0xff,
  0xe0, 0x41, 0x2d, 0x55, 0x54, 0x00, 0x00, 0x3f, 0xff, 0xfd, 0x00, 0x00, 0x02, 0x3e, 0xff, 0x80,
  0xe0, 0x03, 0x00, 0x80, 0x6f, 0x0c, 0xff, 0x81, 0xf4, 0x01, 0x02, 0xff, 0x8c, 0xe0, 0x45, 0x29,
  0x55, 0x54, 0x00, 0x00, 0x7f, 0xff, 0xfc, 0x00, 0x00, 0x02, 0x3e, 0xff, 0x80, 0xc0, 0x02, 0x00,
  0x80, 0x06, 0x0d, 0xff, 0x81, 0xd0, 0x03, 0x02, 0xff, 0x8c, 0xe0, 0x55, 0x65, 0x55, 0x50, 0x00,
  0x00, 0xbf, 0xff, 0xf8, 0x00, 0x00, 0x02, 0x3e, 0xff, 0x80, 0x80, 0x02, 0x00, 0x80, 0x6f, 0x0c,
  0xff, 0x82, 0xfe, 0x00, 0x0b, 0x02, 0xff, 0x8c, 0xd0, 0x55, 0x65, 0x55, 0x50, 0x00, 0x00, 0xbf,
  0xff, 0xf8, 0x00, 0x00, 0x02, 0x3e, 0xff, 0x02, 0x00, 0x80, 0x02, 0x0d, 0xff, 0x82, 0xf8, 0x00,
  0x1f, 0x02, 0xff, 0x80, 0xd0, 0x02, 0x55, 0x88, 0x50, 0x00, 0x00, 0xff, 0xff, 0xf8, 0x00, 0x00,
  0x02, 0x3d, 0xff, 0x80, 0xfd, 0x02, 0x00, 0x80, 0x2f, 0x0d, 0xff, 0x82, 0xd0, 0x00, 0x3f, 0x02,
  0xff, 0x80, 0x80, 0x02, 0x55, 0x88, 0x40, 0x00, 0x01, 0xff, 0xff, 0xf4, 0x00, 0x00, 0x02, 0x3d,
  0xff, 0x80, 0xfc, 0x02, 0x00, 0x80, 0xbf, 0x0c, 0xff, 0x83, 0xfd, 0x00, 0x00, 0xbf, 0x02, 0xff,
  0x80, 0x80, 0x02, 0x55, 0x88, 0x40, 0x00, 0x01, 0xff, 0xff, 0xf0, 0x00, 0x00, 0x02, 0x3d, 0xff,
  0x83, 0xf4, 0x00, 0x00, 0x07, 0x0d, 0xff, 0x82, 0xe0, 0x00, 0x02, 0x03, 0xff, 0x80, 0x00, 0x02,
  0x55, 0x88, 0x40, 0x00, 0x02, 0xff, 0xff, 0xf0, 0x00, 0x00, 0x02, 0x3d, 0xff, 0x83, 0xf0, 0x00,
  0x00, 0x1f, 0x0c, 0xff, 0x83, 0xfe, 0x40, 0x00, 0x0b, 0x02, 0xff, 0x81, 0xfe, 0x00, 0x02, 0x55,
  0x88, 0x00, 0x00, 0x03, 0xff, 0xff, 0xe0, 0x00, 0x00, 0x02, 0x3d, 0xff, 0x83, 0xe0, 0x00, 0x00,
  0xbf, 0x0c, 0xff, 0x83, 0xe0, 0x00, 0x00, 0x2f, 0x02, 0xff, 0x81, 0xfc, 0x00, 0x02, 0x55, 0x88,
  0x00, 0x00, 0x07, 0xff, 0xff, 0xd0, 0x00, 0x00, 0x02, 0x3d, 0xff, 0x82, 0xd0, 0x00, 0x02, 0x0c,
  0xff, 0x80, 0xf9, 0x02, 0x00, 0x80, 0xbf, 0x02, 0xff, 0x81, 0xf8, 0x00, 0x02, 0x55, 0x88, 0x00,
  0x00, 0x0b, 0xff, 0xff, 0xc0, 0x00, 0x00, 0x03, 0x3d, 0xff, 0x82, 0xc0, 0x00, 0x07, 0x0b, 0xff,
  0x84, 0xfe, 0x40, 0x00, 0x00, 0x0b, 0x03, 0xff, 0x8d, 0xf4, 0x00, 0x55, 0x55, 0x54, 0x00, 0x00,
  0x0f, 0xff, 0xff, 0x80, 0x00, 0x00, 0x07, 0x3d, 0xff, 0x82, 0x80, 0x00, 0x1f, 0x0b, 0xff, 0x80,
  0x90, 0x02, 0x00, 0x80, 0x2f, 0x03, 0xff, 0x8d, 0xe0, 0x00, 0x55, 0x55, 0x54, 0x00, 0x00, 0x2f,
  0xff, 0xff, 0x80, 0x00, 0x00, 0x07, 0x3d, 0xff, 0x82, 0x40, 0x00, 0x7f, 0x0a, 0xff, 0x80, 0xe4,
  0x02, 0x00, 0x80, 0x01, 0x04, 0xff, 0x89, 0xc0, 0x01, 0x55, 0x55, 0x50, 0x00, 0x00, 0x3f, 0xff,
  0xff, 0x02, 0x00, 0x80, 0x0b, 0x3d, 0xff, 0x81, 0x40, 0x00, 0x0a, 0xff, 0x80, 0xf9, 0x03, 0x00,
  0x80, 0x0b, 0x04, 0xff, 0x89, 0x40, 0x01, 0x55, 0x55, 0x40, 0x00, 0x00, 0x7f, 0xff, 0xff, 0x02,
  0x00, 0x80, 0x0b, 0x3d, 0xff, 0x81, 0x00, 0x02, 0x09, 0xff, 0x81, 0xfa, 0x40, 0x03, 0x00, 0x80,
  0x7f, 0x04, 0xff, 0x89, 0x00, 0x01, 0x55, 0x55, 0x40, 0x00, 0x00, 0xbf, 0xff, 0xfd, 0x02, 0x00,
  0x80, 0x0f, 0x3d, 0xff, 0x81, 0x00, 0x07, 0x08, 0xff, 0x81, 0xfe, 0x40, 0x03, 0x00, 0x80, 0x07,
  0x04, 0xff, 0x8a, 0xfd, 0x00, 0x01, 0x55, 0x55, 0x00, 0x00, 0x01, 0xff, 0xff, 0xfc, 0x02, 0x00,
  0x80, 0x1f, 0x3c, 0xff, 0x82, 0xfe, 0x00, 0x0f, 0x08, 0xff, 0x80, 0x90, 0x04, 0x00, 0x80, 0x6f,
  0x04, 0xff, 0x8a, 0xf8, 0x00, 0x05, 0x55, 0x54, 0x00, 0x00, 0x02, 0xff, 0xff, 0xf4, 0x02, 0x00,
  0x80, 0x2f, 0x3c, 0xff, 0x82, 0xfe, 0x00, 0x1f, 0x07, 0xff, 0x80, 0xe4, 0x04, 0x00, 0x80, 0x0b,
  0x05, 0xff, 0x8a, 0xe0, 0x00, 0x05, 0x55, 0x54, 0x00, 0x00, 0x07, 0xff, 0xff, 0xf0, 0x02, 0x00,
  0x80, 0x3f, 0x3c, 0xff, 0x82, 0xfe, 0x00, 0x3f, 0x06, 0xff, 0x80, 0xfe, 0x05, 0x00, 0x80, 0xbf,
  0x05, 0xff, 0x8a, 0xc0, 0x00, 0x15, 0x55, 0x50, 0x00, 0x00, 0x0f, 0xff, 0xff, 0xe0, 0x02, 0x00,
  0x80, 0x7f, 0x3c, 0xff, 0x82, 0xfe, 0x00, 0xbf, 0x06, 0xff, 0x80, 0x90, 0x04, 0x00, 0x80, 0x1b,
  0x06, 0xff, 0x8a, 0x40, 0x00, 0x15, 0x55, 0x40, 0x00, 0x00, 0x2f, 0xff, 0xff, 0xc0, 0x02, 0x00,
  0x80, 0xbf, 0x3c, 0xff, 0x81, 0xfe, 0x01, 0x06, 0xff, 0x80, 0xf9, 0x04, 0x00, 0x81, 0x01, 0xbf,
  0x05, 0xff, 0x84, 0xfd, 0x00, 0x00, 0x15, 0x55, 0x02, 0x00, 0x83, 0x7f, 0xff, 0xff, 0x80, 0x02,
  0x00, 0x3d, 0xff, 0x81, 0xfd, 0x02, 0x06, 0xff, 0x80, 0x90, 0x04, 0x00, 0x80, 0x2f, 0x06, 0xff,
  0x84, 0xf4, 0x00, 0x00, 0x55, 0x54, 0x02, 0x00, 0x02, 0xff, 0x02, 0x00, 0x80, 0x01, 0x3d, 0xff,
  0x81, 0xfd, 0x03, 0x05, 0xff, 0x80, 0xfd, 0x04, 0x00, 0x80, 0x02, 0x07, 0xff, 0x8a, 0xc0, 0x00,
  0x00, 0x55, 0x50, 0x00, 0x00, 0x02, 0xff, 0xff, 0xfd, 0x02, 0x00, 0x80, 0x02, 0x3d, 0xff, 0x81,
  0xfd, 0x07, 0x05, 0xff, 0x80, 0xe0, 0x04, 0x00, 0x80, 0x6f, 0x07, 0xff, 0x8a, 0x00, 0x00, 0x01,
  0x55, 0x40, 0x00, 0x00, 0x07, 0xff, 0xff, 0xf8, 0x02, 0x00, 0x80, 0x03, 0x3d, 0xff, 0x81, 0xfe,
  0x0b, 0x05, 0xff, 0x80, 0x40, 0x03, 0x00, 0x80, 0x07, 0x07, 0xff, 0x84, 0xfc, 0x00, 0x00, 0x01,
  0x55, 0x02, 0x00, 0x83, 0x0f, 0xff, 0xff, 0xf0, 0x02, 0x00, 0x80, 0x0b, 0x3d, 0xff, 0x81, 0xfe,
  0x0f, 0x04, 0xff, 0x80, 0xf8, 0x03, 0x00, 0x81, 0x01, 0xbf, 0x07, 0xff, 0x84, 0xe0, 0x00, 0x00,
  0x05, 0x54, 0x02, 0x00, 0x83, 0x3f, 0xff, 0xff, 0xd0, 0x02, 0x00, 0x80, 0x0f, 0x3d, 0xff, 0x81,
  0xfe, 0x1f, 0x04, 0xff, 0x80, 0xd0, 0x03, 0x00, 0x80, 0x5b, 0x08, 0xff, 0x84, 0x80, 0x00, 0x00,
  0x15, 0x40, 0x02, 0x00, 0x83, 0xbf, 0xff, 0xff, 0x80, 0x02, 0x00, 0x80, 0x2f, 0x3e, 0xff, 0x80,
  0x1f, 0x04, 0xff, 0x80, 0x40, 0x02, 0x00, 0x81, 0x14, 0x6f, 0x07, 0xff, 0x80, 0xfd, 0x02, 0x00,
  0x80, 0x15, 0x02, 0x00, 0x80, 0x02, 0x02, 0xff, 0x03, 0x00, 0x80, 0x3f, 0x3e, 0xff, 0x80, 0x2f,
  0x03, 0xff, 0x80, 0xf8, 0x02, 0x00, 0x81, 0x01, 0x42, 0x08, 0xff, 0x80, 0xe0, 0x02, 0x00, 0x80,
  0x54, 0x02, 0x00, 0x83, 0x0b, 0xff, 0xff, 0xfd, 0x03, 0x00, 0x80, 0xbf, 0x3e, 0xff, 0x80, 0xbf,
  0x03, 0xff, 0x80, 0xe0, 0x02, 0x00, 0x81, 0x05, 0x1f, 0x05, 0xff, 0x87, 0xab, 0xff, 0xff, 0x80,
  0x00, 0x00, 0x01, 0x40, 0x02, 0x00, 0x83, 0x2f, 0xff, 0xff, 0xf8, 0x02, 0x00, 0x80, 0x01, 0x44,
  0xff, 0x80, 0x80, 0x02, 0x00, 0x81, 0x50, 0xbf, 0x04, 0xff, 0x83, 0xe5, 0xbf, 0xff, 0xf8, 0x02,
  0x00, 0x80, 0x05, 0x03, 0x00, 0x83, 0xbf, 0xff, 0xff, 0xe0, 0x02, 0x00, 0x80, 0x03, 0x43, 0xff,
  0x80, 0xfe, 0x02, 0x00, 0x81, 0x05, 0x42, 0x04, 0xff, 0x84, 0xe9, 0x0b, 0xff, 0xff, 0xd0, 0x02,
  0x00, 0x80, 0x10, 0x02, 0x00, 0x80, 0x02, 0x02, 0xff, 0x80, 0x80, 0x02, 0x00, 0x80, 0x0b, 0x43,
  0xff, 0x80, 0xf8, 0x02, 0x00, 0x81, 0x55, 0x1b, 0x03, 0xff, 0x84, 0xfa, 0x40, 0xbf, 0xff, 0xfe,
  0x07, 0x00, 0x83, 0x0b, 0xff, 0xff, 0xfe, 0x03, 0x00, 0x80, 0x1f, 0x43, 0xff, 0x85, 0xe0, 0x00,
  0x00, 0x01, 0x55, 0x7f, 0x02, 0xff, 0x85, 0xfe, 0x50, 0x07, 0xff, 0xff, 0xf4, 0x07, 0x00, 0x83,
  0x7f, 0xff, 0xff, 0xf8, 0x03, 0x00, 0x80, 0x7f, 0x43, 0xff, 0x85, 0x80, 0x00, 0x00, 0x05, 0x55,
  0xbf, 0x02, 0xff, 0x85, 0x94, 0x14, 0x6f, 0xff, 0xff, 0x80, 0x06, 0x00, 0x80, 0x01, 0x02, 0xff,
  0x80, 0xe0, 0x03, 0x00, 0x44, 0xff, 0x02, 0x00, 0x81, 0x15, 0x56, 0x02, 0xff, 0x85, 0xf9, 0x55,
  0x41, 0xff, 0xff, 0xfd, 0x07, 0x00, 0x80, 0x0b, 0x02, 0xff, 0x80, 0x80, 0x02, 0x00, 0x80, 0x02,
  0x43, 0xff, 0x80, 0xfd, 0x02, 0x00, 0x81, 0x55, 0x4b, 0x02, 0xff, 0x85, 0x95, 0x55, 0x1b, 0xff,
  0xff, 0xe0, 0x07, 0x00, 0x83, 0x7f, 0xff, 0xff, 0xfe, 0x03, 0x00, 0x80, 0x0b, 0x43, 0xff, 0x8e,
  0xf8, 0x00, 0x00, 0x05, 0x55, 0x5f, 0xff, 0xff, 0xf9, 0x55, 0x54, 0x7f, 0xff, 0xff, 0x40, 0x06,
  0x00, 0x80, 0x06, 0x02, 0xff, 0x80, 0xf8, 0x03, 0x00, 0x80, 0x2f, 0x43, 0xff, 0x8d, 0xf0, 0x00,
  0x00, 0x15, 0x55, 0x7f, 0xff, 0xff, 0x95, 0x55, 0x52, 0xff, 0xff, 0xf8, 0x07, 0x00, 0x80, 0x2f,
  0x02, 0xff, 0x80, 0xe0, 0x03, 0x00, 0x80, 0xbf, 0x43, 0xff, 0x8d, 0xd0, 0x00, 0x00, 0x55, 0x55,
  0xbf, 0xff, 0xfd, 0x05, 0x55, 0x5b, 0xff, 0xff, 0xe0, 0x06, 0x00, 0x80, 0x01, 0x03, 0xff, 0x80,
  0x40, 0x02, 0x00, 0x80, 0x02, 0x44, 0xff, 0x8d, 0x80, 0x00, 0x00, 0x55, 0x56, 0xff, 0xff, 0xe5,
  0x55, 0x55, 0x7f, 0xff, 0xff, 0x40, 0x06, 0x00, 0x80, 0x1b, 0x02, 0xff, 0x80, 0xfd, 0x03, 0x00,
  0x80, 0x0b, 0x44, 0xff, 0x8c, 0x00, 0x00, 0x01, 0x55, 0x57, 0xff, 0xff, 0x95, 0x55, 0x55, 0xff,
  0xff, 0xfd, 0x06, 0x00, 0x80, 0x01, 0x03, 0xff, 0x80, 0xe0, 0x03, 0x00, 0x80, 0x3f, 0x43, 0xff,
  0x8d, 0xfe, 0x00, 0x00, 0x05, 0x55, 0x5b, 0xff, 0xfe, 0x55, 0x55, 0x57, 0xff, 0xff, 0xf0, 0x06,
  0x00, 0x80, 0x1f, 0x03, 0xff, 0x80, 0x80, 0x02, 0x00, 0x80, 0x01, 0x42, 0xff, 0x8f, 0x9f, 0xff,
  0xfd, 0x00, 0x00, 0x05, 0x55, 0x5f, 0xff, 0xf9, 0x55, 0x55, 0x5f, 0xff, 0xff, 0x80, 0x05, 0x00,
  0x80, 0x02, 0x03, 0xff, 0x80, 0xfd, 0x03, 0x00, 0x80, 0x0b, 0x41, 0xff, 0x8f, 0xfe, 0x3f, 0xff,
  0xf8, 0x00, 0x00, 0x15, 0x55, 0x6f, 0xff, 0xe5, 0x55, 0x55, 0x6f, 0xff, 0xff, 0x06, 0x00, 0x80,
  0x1f, 0x03, 0xff, 0x80, 0xe0, 0x03, 0x00, 0x80, 0x2f, 0x41, 0xff, 0x8f, 0xfc, 0x7f, 0xff, 0xf4,
  0x00, 0x00, 0x55, 0x55, 0x7f, 0xff, 0x95, 0x55, 0x55, 0xbf, 0xff, 0xfc, 0x05, 0x00, 0x80, 0x06,
  0x04, 0xff, 0x80, 0x40, 0x02, 0x00, 0x80, 0x01, 0x02, 0xff, 0x80, 0xef, 0x3e, 0xff, 0x8f, 0xf0,
  0xbf, 0xff, 0xf0, 0x00, 0x00, 0x55, 0x55, 0xbf, 0xfe, 0x15, 0x55, 0x56, 0xff, 0xff, 0xf0, 0x05,
  0x00, 0x80, 0x6f, 0x03, 0xff, 0x80, 0xf8, 0x03, 0x00, 0x80, 0x0b, 0x02, 0xff, 0x80, 0xcb, 0x3e,
  0xff, 0x8f, 0xd0, 0xff, 0xff, 0xe0, 0x00, 0x01, 0x55, 0x55, 0xff, 0xf8, 0x55, 0x55, 0x57, 0xff,
  0xff, 0xd0, 0x04, 0x00, 0x80, 0x07, 0x04, 0xff, 0x80, 0x80, 0x03, 0x00, 0x80, 0x7f, 0x02, 0xff,
  0x80, 0x8f, 0x3e, 0xff, 0x8f, 0x40, 0xff, 0xff, 0xd0, 0x00, 0x01, 0x55, 0x55, 0xff, 0xe1, 0x55,
  0x55, 0x5f, 0xff, 0xff, 0x40, 0x04, 0x00, 0x80, 0x7f, 0x03, 0xff, 0x80, 0xf8, 0x03, 0x00, 0x80,
  0x06, 0x03, 0xff, 0x80, 0x0f, 0x3d, 0xff, 0x8f, 0xfe, 0x01, 0xff, 0xff, 0xc0, 0x00, 0x05, 0x55,
  0x56, 0xff, 0xd1, 0x55, 0x55, 0x6f, 0xff, 0xfe, 0x04, 0x00, 0x80, 0x0b, 0x04, 0xff, 0x80, 0x80,
  0x03, 0x00, 0x80, 0x6f, 0x02, 0xff, 0x81, 0xfe, 0x0b, 0x3d, 0xff, 0x8f, 0xfc, 0x02, 0xff, 0xff,
  0x80, 0x00, 0x05, 0x55, 0x57, 0xff, 0x85, 0x55, 0x50, 0x7f, 0xff, 0xfc, 0x04, 0x00, 0x80, 0xbf,
  0x03, 0xff, 0x80, 0xf8, 0x03, 0x00, 0x80, 0x02, 0x03, 0xff, 0x81, 0xfd, 0x0f, 0x3d, 0xff, 0x8f,
  0xf4, 0x02, 0xff, 0xff, 0x40, 0x00, 0x05, 0x55, 0x57, 0xff, 0x55, 0x55, 0x50, 0xbf, 0xff, 0xf4,
  0x03, 0x00, 0x80, 0x07, 0x03, 0xff, 0x81, 0xfe, 0x40, 0x03, 0x00, 0x80, 0x6f, 0x03, 0xff, 0x81,
  0xf8, 0x0f, 0x3d, 0xff, 0x8f, 0xe0, 0x03, 0xff, 0xff, 0x40, 0x00, 0x05, 0x55, 0x5b, 0xfe, 0x15,
  0x55, 0x51, 0xff, 0xff, 0xf0, 0x03, 0x00, 0x80, 0x2f, 0x03, 0xff, 0x80, 0xe4, 0x03, 0x00, 0x80,
  0x07, 0x04, 0xff, 0x81, 0xf0, 0x1f, 0x3d, 0xff, 0x8f, 0xd0, 0x07, 0xff, 0xff, 0x00, 0x00, 0x15,
  0x55, 0x5b, 0xfc, 0x55, 0x55, 0x57, 0xff, 0xff, 0xd0, 0x02, 0x00, 0x80, 0x01, 0x03, 0xff, 0x81,
  0xfe, 0x40, 0x02, 0x00, 0x81, 0x01, 0xbf, 0x04, 0xff, 0x81, 0xd0, 0x1f, 0x3d, 0xff, 0x8f, 0x80,
  0x0b, 0xff, 0xff, 0x00, 0x00, 0x15, 0x55, 0x5b, 0xf8, 0x55, 0x55, 0x4b, 0xff, 0xff, 0xc0, 0x02,
  0x00, 0x80, 0x0b, 0x03, 0xff, 0x80, 0xe0, 0x03, 0x00, 0x80, 0x6f, 0x05, 0xff, 0x81, 0x40, 0x2f,
  0x3d, 0xff, 0x8f, 0x40, 0x0b, 0xff, 0xfe, 0x00, 0x00, 0x15, 0x55, 0x5f, 0xf5, 0x55, 0x55, 0x5f,
  0xff, 0xff, 0x40, 0x02, 0x00, 0x80, 0x2f, 0x02, 0xff, 0x81, 0xfe, 0x40, 0x02, 0x00, 0x80, 0x2b,
  0x05, 0xff, 0x82, 0xfd, 0x00, 0x2f, 0x3c, 0xff, 0x8f, 0xfe, 0x00, 0x0f, 0xff, 0xfd, 0x00, 0x00,
  0x15, 0x55, 0x5f, 0xe1, 0x45, 0x55, 0x6f, 0xff, 0xff, 0x03, 0x00, 0x03, 0xff, 0x80, 0xf4, 0x02,
  0x00, 0x80, 0x1a, 0x06, 0xff, 0x82, 0xf4, 0x00, 0x3f, 0x3c, 0xff, 0x8f, 0xfc, 0x00, 0x0f, 0xff,
  0xfd, 0x00, 0x00, 0x15, 0x55, 0x5f, 0xd5, 0x45, 0x55, 0x6f, 0xff, 0xff, 0x02, 0x00, 0x80, 0x03,
  0x03, 0xff, 0x83, 0x80, 0x00, 0x00, 0x06, 0x07, 0xff, 0x82, 0x80, 0x00, 0x7f, 0x3c, 0xff, 0x8f,
  0xf8, 0x00, 0x1f, 0xff, 0xfd, 0x00, 0x00, 0x15, 0x55, 0x5f, 0xd5, 0x05, 0x55, 0x7f, 0xff, 0xfe,
  0x02, 0x00, 0x80, 0x0f, 0x02, 0xff, 0x83, 0xfd, 0x00, 0x00, 0x06, 0x07, 0xff, 0x82, 0xfd, 0x00,
  0x00, 0x3d, 0xff, 0x8f, 0xf4, 0x00, 0x1f, 0xff, 0xfd, 0x00, 0x00, 0x55, 0x55, 0x5f, 0x95, 0x05,
  0x55, 0xbf, 0xff, 0xfd, 0x02, 0x00, 0x80, 0x2f, 0x02, 0xff, 0x83, 0xe0, 0x00, 0x01, 0xbf, 0x07,
  0xff, 0x82, 0xe0, 0x00, 0x01, 0x3d, 0xff, 0x8f, 0xf0, 0x00, 0x1f, 0xff, 0xfd, 0x00, 0x00, 0x55,
  0x55, 0x5f, 0x94, 0x05, 0x55, 0xff, 0xff, 0xfd, 0x02, 0x00, 0x80, 0x7f, 0x02, 0xff, 0x82, 0x80,
  0x00, 0x6f, 0x07, 0xff, 0x83, 0xfe, 0x40, 0x00, 0x02, 0x3d, 0xff, 0x8f, 0xe0, 0x00, 0x1f, 0xff,
  0xfd, 0x00, 0x00, 0x55, 0x55, 0x5f, 0x54, 0x05, 0x55, 0xff, 0xff, 0xfc, 0x02, 0x00, 0x02, 0xff,
  0x82, 0xfd, 0x00, 0x1b, 0x08, 0xff, 0x83, 0x90, 0x00, 0x00, 0x07, 0x3d, 0xff, 0x92, 0xc0, 0x00,
  0x1f, 0xff, 0xfd, 0x00, 0x00, 0x55, 0x55, 0x5b, 0x50, 0x05, 0x56, 0xff, 0xff, 0xf8, 0x00, 0x00,
  0x02, 0x02, 0xff, 0x81, 0xf4, 0x01, 0x08, 0xff, 0x80, 0xf9, 0x02, 0x00, 0x80, 0x0f, 0x3d, 0xff,
  0x92, 0x80, 0x00, 0x1f, 0xff, 0xfd, 0x00, 0x00, 0x55, 0x55, 0x5a, 0x50, 0x04, 0x56, 0xff, 0xff,
  0xf8, 0x00, 0x00, 0x03, 0x02, 0xff, 0x81, 0xd0, 0x0b, 0x07, 0xff, 0x80, 0xf9, 0x03, 0x00, 0x80,
  0x2f, 0x3d, 0xff, 0x92, 0x80, 0x00, 0x1f, 0xff, 0xfd, 0x00, 0x00, 0x55, 0x55, 0x5a, 0x50, 0x05,
  0x57, 0xff, 0xff, 0xf8, 0x00, 0x00, 0x0b, 0x02, 0xff, 0x81, 0x80, 0xbf, 0x06, 0xff, 0x81, 0xfe,
  0x40, 0x03, 0x00, 0x80, 0x7f, 0x3d, 0xff, 0x86, 0x40, 0x00, 0x1f, 0xff, 0xfd, 0x00, 0x00, 0x02,
  0x55, 0x88, 0x50, 0x04, 0x57, 0xff, 0xff, 0xf8, 0x00, 0x00, 0x0f, 0x02, 0xff, 0x80, 0x03, 0x07,
  0xff, 0x80, 0xe0, 0x03, 0x00, 0x80, 0x01, 0x3e, 0xff, 0x96, 0x40, 0x00, 0x1f, 0xff, 0xfd, 0x00,
  0x00, 0x15, 0x55, 0x55, 0x50, 0x04, 0x57, 0xff, 0xff, 0xf8, 0x00, 0x00, 0x1f, 0xff, 0xff, 0xfd,
  0x1f, 0x06, 0xff, 0x80, 0xfd, 0x04, 0x00, 0x80, 0x0b, 0x3e, 0xff, 0x96, 0x00, 0x00, 0x1f, 0xff,
  0xfe, 0x00, 0x00, 0x15, 0x55, 0x55, 0x40, 0x04, 0x57, 0xff, 0xff, 0xf8, 0x00, 0x00, 0x2f, 0xff,
  0xff, 0xf8, 0xbf, 0x06, 0xff, 0x80, 0xe0, 0x04, 0x00, 0x80, 0x2f, 0x3d, 0xff, 0x96, 0xfe, 0x00,
  0x00, 0x0f, 0xff, 0xfe, 0x00, 0x00, 0x15, 0x55, 0x55, 0x40, 0x04, 0x5b, 0xff, 0xff, 0xf8, 0x00,
  0x00, 0x3f, 0xff, 0xff, 0xf2, 0x07, 0xff, 0x80, 0x40, 0x03, 0x00, 0x81, 0x01, 0xbf, 0x3d, 0xff,
  0x96, 0xfe, 0x00, 0x00, 0x0f, 0xff, 0xff, 0x00, 0x00, 0x15, 0x55, 0x55, 0x40, 0x04, 0x5b, 0xff,
  0xff, 0xfc, 0x00, 0x00, 0x7f, 0xff, 0xff, 0xeb, 0x06, 0xff, 0x80, 0xf8, 0x04, 0x00, 0x80, 0x07,
  0x3e, 0xff, 0x93, 0xfe, 0x00, 0x00, 0x0f, 0xff, 0xff, 0x00, 0x00, 0x15, 0x55, 0x55, 0x40, 0x05,
  0x5b, 0xff, 0xff, 0xfc, 0x00, 0x00, 0xbf, 0x09, 0xff, 0x80, 0xe0, 0x04, 0x00, 0x80, 0x7f, 0x3e,
  0xff, 0x93, 0xfe, 0x00, 0x00, 0x0b, 0xff, 0xff, 0x00, 0x00, 0x15, 0x55, 0x55, 0x40, 0x05, 0x5b,
  0xff, 0xff, 0xfd, 0x00, 0x00, 0xbf, 0x09, 0xff, 0x80, 0x80, 0x03, 0x00, 0x80, 0x06, 0x3f, 0xff,
  0x93, 0xfe, 0x00, 0x00, 0x0b, 0xff, 0xff, 0x40, 0x00, 0x05, 0x55, 0x55, 0x40, 0x01, 0x5b, 0xff,
  0xff, 0xfd, 0x00, 0x00, 0xbf, 0x06, 0xff, 0x82, 0x9b, 0xff, 0xfe, 0x04, 0x00, 0x80, 0x6f, 0x3f,
  0xff, 0x93, 0xfe, 0x00, 0x00, 0x07, 0xff, 0xff, 0x80, 0x00, 0x05, 0x55, 0x55, 0x40, 0x01, 0x5b,
  0xff, 0xff, 0xfe, 0x00, 0x00, 0xbf, 0x05, 0xff, 0x83, 0xfd, 0x2f, 0xff, 0xfc, 0x03, 0x00, 0x80,
  0x06, 0x40, 0xff, 0x8d, 0xfe, 0x00, 0x00, 0x03, 0xff, 0xff, 0x80, 0x00, 0x05, 0x55, 0x55, 0x40,
  0x01, 0x5b, 0x02, 0xff, 0x82, 0x00, 0x00, 0xbf, 0x05, 0xff, 0x83, 0xf0, 0x7f, 0xff, 0xf4, 0x03,
  0x00, 0x80, 0xbf, 0x40, 0xff, 0x8d, 0xfe, 0x00, 0x00, 0x02, 0xff, 0xff, 0xc0, 0x00, 0x05, 0x55,
  0x55, 0x40, 0x01, 0x57, 0x02, 0xff, 0x82, 0x40, 0x00, 0xbf, 0x05, 0xff, 0x83, 0x81, 0xff, 0xff,
  0xe0, 0x02, 0x00, 0x80, 0x0b, 0x41, 0xff, 0x8d, 0xfe, 0x00, 0x00, 0x01, 0xff, 0xff, 0xd0, 0x00,
  0x01, 0x55, 0x55, 0x40, 0x00, 0x57, 0x02, 0xff, 0x82, 0x80, 0x00, 0xbf, 0x04, 0xff, 0x84, 0xfe,
  0x03, 0xff, 0xff, 0xc0, 0x02, 0x00, 0x80, 0xbf, 0x41, 0xff, 0x80, 0xfe, 0x02, 0x00, 0x89, 0xff,
  0xff, 0xd0, 0x00, 0x01, 0x55, 0x55, 0x40, 0x00, 0x57, 0x02, 0xff, 0x82, 0xc0, 0x00, 0x7f, 0x04,
  0xff, 0x87, 0xf8, 0x0b, 0xff, 0xff, 0x80, 0x00, 0x00, 0x07, 0x42, 0xff, 0x80, 0xfe, 0x02, 0x00,
  0x89, 0xbf, 0xff, 0xe0, 0x00, 0x00, 0x55, 0x55, 0x50, 0x00, 0x52, 0x02, 0xff, 0x82, 0xd0, 0x00,
  0x7f, 0x04, 0xff, 0x87, 0xf0, 0x0f, 0xff, 0xff, 0x40, 0x00, 0x00, 0x2f, 0x42, 0xff, 0x80, 0xfe,
  0x02, 0x00, 0x89, 0x7f, 0xff, 0xf0, 0x00, 0x00, 0x55, 0x55, 0x50, 0x00, 0x55, 0x02, 0xff, 0x82,
  0xe0, 0x00, 0x3f, 0x04, 0xff, 0x83, 0xd0, 0x1f, 0xff, 0xff, 0x02, 0x00, 0x43, 0xff, 0x80, 0xfe,
  0x02, 0x00, 0x89, 0x3f, 0xff, 0xf4, 0x00, 0x00, 0x15, 0x55, 0x50, 0x00, 0x15, 0x02, 0xff, 0x82,
  0xf4, 0x00, 0x2f, 0x04, 0xff, 0x86, 0x80, 0x3f, 0xff, 0xfe, 0x00, 0x00, 0x03, 0x44, 0xff, 0x02,
  0x00, 0x8f, 0x1f, 0xff, 0xf8, 0x00, 0x00, 0x15, 0x55, 0x50, 0x00, 0x15, 0xbf, 0xff, 0xff, 0xfc,
  0x00, 0x1f, 0x04, 0xff, 0x86, 0x00, 0x3f, 0xff, 0xfe, 0x00, 0x00, 0x0b, 0x44, 0xff, 0x02, 0x00,
  0x8f, 0x0f, 0xff, 0xfd, 0x00, 0x00, 0x05, 0x55, 0x54, 0x00, 0x05, 0x7f, 0xff, 0xff, 0xfe, 0x00,
  0x0f, 0x03, 0xff, 0x87, 0xfd, 0x00, 0x7f, 0xff, 0xfd, 0x00, 0x00, 0x1f, 0x44, 0xff, 0x8d, 0x40,
  0x00, 0x00, 0x0b, 0xff, 0xfe, 0x00, 0x00, 0x01, 0x55, 0x54, 0x00, 0x05, 0x6f, 0x02, 0xff, 0x81,
  0x40, 0x0b, 0x03, 0xff, 0x87, 0xfc, 0x00, 0xbf, 0xff, 0xfc, 0x00, 0x00, 0x3f, 0x44, 0xff, 0x8d,
  0x40, 0x00, 0x00, 0x07, 0xff, 0xff, 0x40, 0x00, 0x01, 0x55, 0x54, 0x00, 0x01, 0x5f, 0x02, 0xff,
  0x81, 0xc0, 0x07, 0x03, 0xff, 0x87, 0xf8, 0x00, 0xbf, 0xff, 0xfc, 0x00, 0x00, 0xbf, 0x44, 0xff,
  0x8d, 0x80, 0x00, 0x00, 0x02, 0xff, 0xff, 0xc0, 0x00, 0x00, 0x55, 0x55, 0x00, 0x00, 0x5b, 0x02,
  0xff, 0x81, 0xf0, 0x02, 0x03, 0xff, 0x86, 0xf4, 0x00, 0xff, 0xff, 0xfc, 0x00, 0x00, 0x45, 0xff,
  0x80, 0x80, 0x02, 0x00, 0x89, 0xff, 0xff, 0xe0, 0x00, 0x00, 0x15, 0x55, 0x00, 0x00, 0x17, 0x02,
  0xff, 0x81, 0xf8, 0x01, 0x03, 0xff, 0x86, 0xf0, 0x00, 0xff, 0xff, 0xfc, 0x00, 0x01, 0x45, 0xff,
  0x80, 0xc0, 0x02, 0x00, 0x89, 0xbf, 0xff, 0xf4, 0x00, 0x00, 0x05, 0x55, 0x00, 0x00, 0x16, 0x02,
  0xff, 0x81, 0xfe, 0x00, 0x03, 0xff, 0x86, 0xe0, 0x00, 0xff, 0xff, 0xfc, 0x00, 0x02, 0x45, 0xff,
  0x80, 0xd0, 0x02, 0x00, 0x89, 0x3f, 0xff, 0xfc, 0x00, 0x00, 0x01, 0x55, 0x40, 0x00, 0x01, 0x03,
  0xff, 0x81, 0x80, 0x7f, 0x02, 0xff, 0x86, 0xe0, 0x00, 0xff, 0xff, 0xfc, 0x00, 0x03, 0x45, 0xff,
  0x80, 0xf0, 0x02, 0x00, 0x82, 0x1f, 0xff, 0xfe, 0x02, 0x00, 0x84, 0x55, 0x40, 0x00, 0x00, 0xbf,
  0x02, 0xff, 0x81, 0xe0, 0x2f, 0x02, 0xff, 0x86, 0xd0, 0x00, 0xbf, 0xff, 0xfd, 0x00, 0x07, 0x45,
  0xff, 0x80, 0xf4, 0x02, 0x00, 0x8a, 0x0b, 0xff, 0xff, 0x40, 0x00, 0x00, 0x15, 0x50, 0x00, 0x00,
  0x2f, 0x02, 0xff, 0x81, 0xfc, 0x0f, 0x02, 0xff, 0x86, 0xd0, 0x00, 0xbf, 0xff, 0xfd, 0x00, 0x07,
  0x45, 0xff, 0x80, 0xf8, 0x02, 0x00, 0x8a, 0x03, 0xff, 0xff, 0xc0, 0x00, 0x00, 0x05, 0x54, 0x00,
  0x00, 0x0b, 0x03, 0xff, 0x80, 0x47, 0x02, 0xff, 0x86, 0xd0, 0x00, 0x7f, 0xff, 0xfe, 0x00, 0x0b,
  0x45, 0xff, 0x80, 0xfc, 0x02, 0x00, 0x8a, 0x01, 0xff, 0xff, 0xf0, 0x00, 0x00, 0x01, 0x55, 0x00,
  0x00, 0x02, 0x03, 0xff, 0x80, 0xd2, 0x02, 0xff, 0x86, 0xd0, 0x00, 0x3f, 0xff, 0xff, 0x00, 0x0b,
  0x45, 0xff, 0x80, 0xfd, 0x03, 0x00, 0x82, 0x7f, 0xff, 0xf8, 0x02, 0x00, 0x80, 0x55, 0x02, 0x00,
  0x80, 0xbf, 0x02, 0xff, 0x8a, 0xf8, 0xbf, 0xff, 0xff, 0xc0, 0x00, 0x2f, 0xff, 0xff, 0x40, 0x07,
  0x45, 0xff, 0x80, 0xfe, 0x03, 0x00, 0x82, 0x2f, 0xff, 0xfd, 0x02, 0x00, 0x84, 0x05, 0x40, 0x00,
  0x00, 0x1f, 0x03, 0xff, 0x89, 0xbf, 0xff, 0xff, 0xd0, 0x00, 0x1f, 0xff, 0xff, 0x80, 0x07, 0x46,
  0xff, 0x03, 0x00, 0x8a, 0x0b, 0xff, 0xff, 0x40, 0x00, 0x00, 0x01, 0x50, 0x00, 0x00, 0x02, 0x06,
  0xff, 0x86, 0xd0, 0x00, 0x0b, 0xff, 0xff, 0xd0, 0x07, 0x46, 0xff, 0x80, 0x80, 0x02, 0x00, 0x83,
  0x02, 0xff, 0xff, 0xd0, 0x02, 0x00, 0x80, 0x14, 0x02, 0x00, 0x80, 0x7f, 0x05, 0xff, 0x86, 0xd0,
  0x00, 0x07, 0xff, 0xff, 0xf0, 0x03, 0x46, 0xff, 0x80, 0xc0, 0x03, 0x00, 0x82, 0xbf, 0xff, 0xf4,
  0x06, 0x00, 0x80, 0x1b, 0x05, 0xff, 0x86, 0xe0, 0x00, 0x02, 0xff, 0xff, 0xf8, 0x03, 0x46, 0xff,
  0x80, 0xe0, 0x03, 0x00, 0x82, 0x2f, 0xff, 0xfe, 0x06, 0x00, 0x80, 0x01, 0x05, 0xff, 0x86, 0xe0,
  0x00, 0x00, 0xff, 0xff, 0xfd, 0x02, 0x46, 0xff, 0x80, 0xf4, 0x03, 0x00, 0x83, 0x0b, 0xff, 0xff,
  0x80, 0x06, 0x00, 0x80, 0x2f, 0x04, 0xff, 0x86, 0xf0, 0x00, 0x00, 0x7f, 0xff, 0xff, 0x41, 0x46,
  0xff, 0x80, 0xfc, 0x03, 0x00, 0x83, 0x01, 0xff, 0xff, 0xe0, 0x06, 0x00, 0x80, 0x07, 0x04, 0xff,
  0x86, 0xf4, 0x00, 0x00, 0x2f, 0xff, 0xff, 0xd0, 0x46, 0xff, 0x80, 0xfe, 0x04, 0x00, 0x82, 0x7f,
  0xff, 0xfc, 0x07, 0x00, 0x80, 0xbf, 0x03, 0xff, 0x87, 0xf8, 0x00, 0x00, 0x0b, 0xff, 0xff, 0xf4,
  0xbf, 0x46, 0xff, 0x80, 0x40, 0x03, 0x00, 0x83, 0x1f, 0xff, 0xff, 0x40, 0x06, 0x00, 0x80, 0x1f,
  0x03, 0xff, 0x87, 0xfc, 0x00, 0x00, 0x03, 0xff, 0xff, 0xfd, 0x3f, 0x46, 0xff, 0x80, 0xc0, 0x03,
  0x00, 0x83, 0x02, 0xff, 0xff, 0xe0, 0x06, 0x00, 0x80, 0x02, 0x03, 0xff, 0x83, 0xfd, 0x00, 0x00,
  0x01, 0x02, 0xff, 0x80, 0xbf, 0x46, 0xff, 0x80, 0xe0, 0x04, 0x00, 0x82, 0x6f, 0xff, 0xfd, 0x07,
  0x00, 0x80, 0x7f, 0x02, 0xff, 0x80, 0xfe, 0x02, 0x00, 0x80, 0x7f, 0x49, 0xff, 0x80, 0xf8, 0x04,
  0x00, 0x83, 0x07, 0xff, 0xff, 0x90, 0x06, 0x00, 0x80, 0x0f, 0x03, 0xff, 0x83, 0x40, 0x00, 0x00,
  0x0f, 0x49, 0xff, 0x80, 0xfe, 0x05, 0x00, 0x82, 0x7f, 0xff, 0xf4, 0x06, 0x00, 0x80, 0x03, 0x03,
  0xff, 0x83, 0x80, 0x00, 0x00, 0x03, 0x4a, 0xff, 0x80, 0x80, 0x04, 0x00, 0x83, 0x07, 0xff, 0xff,
  0x40, 0x06, 0x00, 0x80, 0xbf, 0x02, 0xff, 0x80, 0xd0, 0x02, 0x00, 0x4a, 0xff, 0x80, 0xe0, 0x05,
  0x00, 0x82, 0x6f, 0xff, 0xe0, 0x06, 0x00, 0x80, 0x2f, 0x02, 0xff, 0x80, 0xe0, 0x02, 0x00, 0x80,
  0x3f, 0x49, 0xff, 0x80, 0xf8, 0x05, 0x00, 0x82, 0x01, 0xff, 0xfe, 0x06, 0x00, 0x80, 0x0b, 0x02,
  0xff, 0x80, 0xf4, 0x02, 0x00, 0x80, 0x0f, 0x49, 0xff, 0x80, 0xfe, 0x06, 0x00, 0x82, 0x1b, 0xff,
  0xe0, 0x05, 0x00, 0x80, 0x03, 0x02, 0xff, 0x80, 0xfc, 0x02, 0x00, 0x80, 0x03, 0x4a, 0xff, 0x80,
  0xd0, 0x06, 0x00, 0x81, 0x5b, 0xfe, 0x06, 0x00, 0x02, 0xff, 0x80, 0xfe, 0x03, 0x00, 0x4a, 0xff,
  0x80, 0xf8, 0x07, 0x00, 0x81, 0x6f, 0xe4, 0x05, 0x00, 0x80, 0x7f, 0x02, 0xff, 0x80, 0x40, 0x02,
  0x00, 0x80, 0x7f, 0x4a, 0xff, 0x80, 0x40, 0x07, 0x00, 0x81, 0x6f, 0x40, 0x04, 0x00, 0x80, 0x1f,
  0x02, 0xff, 0x80, 0xc0, 0x02, 0x00, 0x80, 0x2f, 0x4a, 0xff, 0x80, 0xe0, 0x07, 0x00, 0x81, 0x01,
  0xb8, 0x04, 0x00, 0x80, 0x0b, 0x02, 0xff, 0x80, 0xe0, 0x02, 0x00, 0x80, 0x0b, 0x4a, 0xff, 0x80,
  0xfd, 0x08, 0x00, 0x80, 0x05, 0x04, 0x00, 0x80, 0x07, 0x02, 0xff, 0x80, 0xf4, 0x02, 0x00, 0x80,
  0x03, 0x4b, 0xff, 0x80, 0xd0, 0x0d, 0x00, 0x80, 0x02, 0x02, 0xff, 0x80, 0xf8, 0x02, 0x00, 0x80,
  0x02, 0x4b, 0xff, 0x80, 0xf9, 0x0d, 0x00, 0x80, 0x01, 0x02, 0xff, 0x80, 0xfd, 0x03, 0x00, 0x4c,
  0xff, 0x80, 0xe0, 0x0d, 0x00, 0x80, 0xbf, 0x02, 0xff, 0x03, 0x00, 0x80, 0xbf, 0x4c, 0xff, 0x80,
  0x80, 0x0c, 0x00, 0x80, 0x7f, 0x02, 0xff, 0x80, 0x40, 0x02, 0x00, 0x80, 0x7f, 0x4c, 0xff, 0x81,
  0xfa, 0x40, 0x0b, 0x00, 0x80, 0x3f, 0x02, 0xff, 0x80, 0x80, 0x02, 0x00, 0x80, 0x3f, 0x4d, 0xff,
  0x80, 0xf9, 0x0b, 0x00, 0x80, 0x3f, 0x02, 0xff, 0x80, 0xc0, 0x02, 0x00, 0x80, 0x2f, 0x4e, 0xff,
  0x80, 0xe9, 0x0a, 0x00, 0x80, 0x2f, 0x02, 0xff, 0x80, 0xd0, 0x02, 0x00, 0x80, 0x1f, 0x4f, 0xff,
  0x81, 0xfa, 0x50, 0x08, 0x00, 0x80, 0x1f, 0x02, 0xff, 0x80, 0xe0, 0x02, 0x00, 0x80, 0x0f, 0x51,
  0xff, 0x80, 0xa5, 0x07, 0x00, 0x80, 0x1f, 0x02, 0xff, 0x80, 0xe0, 0x02, 0x00, 0x80, 0x0b, 0x52,
  0xff, 0x80, 0xe9, 0x06, 0x00, 0x80, 0x0f, 0x02, 0xff, 0x80, 0xe0, 0x02, 0x00, 0x80, 0x0b, 0x53,
  0xff, 0x80, 0xf9, 0x05, 0x00, 0x80, 0x0f, 0x02, 0xff, 0x80, 0xf0, 0x02, 0x00, 0x80, 0x0b, 0x54,
  0xff, 0x80, 0xe0, 0x04, 0x00, 0x80, 0x0f, 0x02, 0xff, 0x80, 0xf0, 0x02, 0x00, 0x80, 0x07, 0x54,
  0xff, 0x80, 0xfe, 0x04, 0x00, 0x80, 0x0f, 0x02, 0xff, 0x80, 0xf0, 0x02, 0x00, 0x80, 0x07, 0x55,
  0xff, 0x80, 0xd0, 0x03, 0x00, 0x80, 0x0f, 0x02, 0xff, 0x80, 0xe0, 0x02, 0x00, 0x80, 0x07, 0x55,
  0xff, 0x80, 0xf8, 0x03, 0x00, 0x80, 0x1f, 0x02, 0xff, 0x80, 0xe0, 0x02, 0x00, 0x80, 0x07, 0x55,
  0xff, 0x80, 0xfe, 0x03, 0x00, 0x80, 0x2f, 0x02, 0xff, 0x80, 0xd0, 0x02, 0x00, 0x80, 0x07, 0x56,
  0xff, 0x80, 0x80, 0x02, 0x00, 0x80, 0x2f, 0x02, 0xff, 0x80, 0xc0, 0x02, 0x00, 0x80, 0x07, 0x56,
  0xff, 0x80, 0xe0, 0x02, 0x00, 0x80, 0x3f, 0x02, 0xff, 0x80, 0x80, 0x02, 0x00, 0x80, 0x0b, 0x4f,
  0xff, 0x81, 0xe5, 0xbf, 0x04, 0xff, 0x80, 0xf4, 0x02, 0x00, 0x80, 0x7f, 0x02, 0xff, 0x80, 0x40,
  0x02, 0x00, 0x80, 0x0b, 0x4f, 0xff, 0x82, 0xf9, 0x06, 0xbf, 0x03, 0xff, 0x80, 0xfc, 0x02, 0x00,
  0x83, 0xbf, 0xff, 0xff, 0xfe, 0x03, 0x00, 0x80, 0x0f, 0x50, 0xff, 0x81, 0x80, 0x0b, 0x03, 0xff,
  0x80, 0xfd, 0x02, 0x00, 0x02, 0xff, 0x80, 0xfd, 0x03, 0x00, 0x80, 0x0f, 0x50, 0xff, 0x82, 0xf4,
  0x00, 0x7f, 0x02, 0xff, 0x83, 0xfe, 0x00, 0x00, 0x01, 0x02, 0xff, 0x80, 0xf8, 0x03, 0x00, 0x80,
  0x1f, 0x50, 0xff, 0x82, 0xfc, 0x00, 0x0b, 0x03, 0xff, 0x82, 0x00, 0x00, 0x03, 0x02, 0xff, 0x80,
  0xf0, 0x03, 0x00, 0x80, 0x2f, 0x51, 0xff, 0x81, 0x00, 0x02, 0x03, 0xff, 0x82, 0x40, 0x00, 0x07,
  0x02, 0xff, 0x80, 0xd0, 0x03, 0x00, 0x80, 0x3f, 0x51, 0xff, 0x82, 0x80, 0x00, 0xbf, 0x02, 0xff,
  0x82, 0x40, 0x00, 0x0b, 0x02, 0xff, 0x80, 0x40, 0x03, 0x00, 0x80, 0x7f, 0x51, 0xff, 0x82, 0xd0,
  0x00, 0x3f, 0x02, 0xff, 0x85, 0x40, 0x00, 0x1f, 0xff, 0xff, 0xfe, 0x04, 0x00, 0x80, 0xbf, 0x51,
  0xff, 0x82, 0xe0, 0x00, 0x1f, 0x02, 0xff, 0x85, 0x40, 0x00, 0x3f, 0xff, 0xff, 0xf4, 0x03, 0x00,
  0x80, 0x01, 0x52, 0xff, 0x82, 0xf0, 0x00, 0x0f, 0x02, 0xff, 0x81, 0x00, 0x00, 0x02, 0xff, 0x80,
  0xd0, 0x03, 0x00, 0x80, 0x03, 0x52, 0xff, 0x82, 0xf4, 0x00, 0x0b, 0x02, 0xff, 0x81, 0x00, 0x02,
  0x02, 0xff, 0x80, 0x40, 0x03, 0x00, 0x80, 0x0b, 0x52, 0xff, 0x8a, 0xf4, 0x00, 0x07, 0xff, 0xff,
  0xfe, 0x00, 0x0b, 0xff, 0xff, 0xf8, 0x04, 0x00, 0x80, 0x1f, 0x52, 0xff, 0x8a, 0xf4, 0x00, 0x03,
  0xff, 0xff, 0xfd, 0x00, 0x2f, 0xff, 0xff, 0xe0, 0x04, 0x00, 0x80, 0x3f, 0x52, 0xff, 0x8a, 0xf4,
  0x00, 0x03, 0xff, 0xff, 0xfc, 0x00, 0x7f, 0xff, 0xff, 0x40, 0x04, 0x00, 0x80, 0xbf, 0x52, 0xff,
  0x89, 0xf0, 0x00, 0x03, 0xff, 0xff, 0xf8, 0x02, 0xff, 0xff, 0xfc, 0x04, 0x00, 0x80, 0x02, 0x53,
  0xff, 0x89, 0xe0, 0x00, 0x03, 0xff, 0xff, 0xf4, 0x0b, 0xff, 0xff, 0xe0, 0x04, 0x00, 0x80, 0x0b,
  0x53, 0xff, 0x89, 0xd0, 0x00, 0x03, 0xff, 0xff, 0xe0, 0x2f, 0xff, 0xff, 0x40, 0x04, 0x00, 0x80,
  0x1f, 0x53, 0xff, 0x88, 0xc0, 0x00, 0x03, 0xff, 0xff, 0xd0, 0xbf, 0xff, 0xfc, 0x05, 0x00, 0x80,
  0xbf, 0x53, 0xff, 0x88, 0x40, 0x00, 0x07, 0xff, 0xff, 0x83, 0xff, 0xff, 0xe0, 0x04, 0x00, 0x80,
  0x02, 0x53, 0xff, 0x89, 0xfe, 0x00, 0x00, 0x07, 0xff, 0xff, 0x1f, 0xff, 0xff, 0x40, 0x04, 0x00,
  0x80, 0x0b, 0x53, 0xff, 0x88, 0xfc, 0x00, 0x00, 0x0b, 0xff, 0xff, 0xbf, 0xff, 0xfd, 0x05, 0x00,
  0x80, 0x7f, 0x53, 0xff, 0x83, 0xf4, 0x00, 0x00, 0x0f, 0x03, 0xff, 0x80, 0xe0, 0x04, 0x00, 0x80,
  0x02, 0x54, 0xff, 0x83, 0xe0, 0x00, 0x00, 0x1f, 0x03, 0xff, 0x80, 0x80, 0x04, 0x00, 0x80, 0x1f,
  0x54, 0xff, 0x83, 0xc0, 0x00, 0x00, 0x2f, 0x02, 0xff, 0x80, 0xfe, 0x04, 0x00, 0x80, 0x02, 0x55,
  0xff, 0x83, 0x40, 0x00, 0x00, 0x3f, 0x02, 0xff, 0x80, 0xf4, 0x04, 0x00, 0x80, 0x1f, 0x55, 0xff,
  0x02, 0x00, 0x80, 0xbf, 0x02, 0xff, 0x80, 0xd0, 0x03, 0x00, 0x80, 0x01, 0x55, 0xff, 0x80, 0xfd,
  0x02, 0x00, 0x03, 0xff, 0x80, 0x80, 0x03, 0x00, 0x80, 0x1b, 0x55, 0xff, 0x83, 0xf8, 0x00, 0x00,
  0x01, 0x02, 0xff, 0x80, 0xfe, 0x03, 0x00, 0x80, 0x01, 0x56, 0xff, 0x83, 0xf0, 0x00, 0x00, 0x02,
  0x02, 0xff, 0x80, 0xf8, 0x03, 0x00, 0x80, 0x0b, 0x56, 0xff, 0x83, 0xe0, 0x00, 0x00, 0x03, 0x02,
  0xff, 0x80, 0xf0, 0x03, 0x00, 0x80, 0xbf, 0x56, 0xff, 0x83, 0xc0, 0x00, 0x00, 0x07, 0x02, 0xff,
  0x80, 0xd0, 0x02, 0x00, 0x80, 0x07, 0x57, 0xff, 0x83, 0x80, 0x00, 0x00, 0x0b, 0x02, 0xff, 0x80,
  0x80, 0x02, 0x00, 0x80, 0x7f, 0x57, 0xff, 0x83, 0x40, 0x00, 0x00, 0x0f, 0x02, 0xff, 0x02, 0x00,
  0x80, 0x02, 0x58, 0xff, 0x02, 0x00, 0x83, 0x1f, 0xff, 0xff, 0xfe, 0x02, 0x00, 0x80, 0x0b, 0x58,
  0xff, 0x02, 0x00, 0x83, 0x1f, 0xff, 0xff, 0xfc, 0x02, 0x00, 0x80, 0x7f, 0x58, 0xff, 0x02, 0x00,
  0x86, 0x2f, 0xff, 0xff, 0xf8, 0x00, 0x00, 0x01, 0x58, 0xff, 0x80, 0xfe, 0x02, 0x00, 0x86, 0x2f,
  0xff, 0xff, 0xf4, 0x00, 0x00, 0x07, 0x58, 0xff, 0x80, 0xfe, 0x02, 0x00, 0x86, 0x3f, 0xff, 0xff,
  0xf0, 0x00, 0x00, 0x1f, 0x58, 0xff, 0x80, 0xfe, 0x02, 0x00, 0x86, 0x3f, 0xff, 0xff, 0xf0, 0x00,
  0x00, 0x3f, 0x58, 0xff, 0x80, 0xfe, 0x02, 0x00, 0x86, 0x3f, 0xff, 0xff, 0xe0, 0x00, 0x00, 0xbf,
  0x58, 0xff, 0x80, 0xfe, 0x02, 0x00, 0x85, 0x3f, 0xff, 0xff, 0xe0, 0x00, 0x00, 0x5a, 0xff, 0x02,
  0x00, 0x85, 0x3f, 0xff, 0xff, 0xe0, 0x00, 0x02, 0x5a, 0xff, 0x02, 0x00, 0x85, 0x2f, 0xff, 0xff,
  0xe0, 0x00, 0x03, 0x5a, 0xff, 0x88, 0x40, 0x00, 0x00, 0x2f, 0xff, 0xff, 0xe0, 0x00, 0x07, 0x5a,
  0xff, 0x88, 0x80, 0x00, 0x00, 0x1f, 0xff, 0xff, 0xe0, 0x00, 0x07, 0x5a, 0xff, 0x88, 0xc0, 0x00,
  0x00, 0x1f, 0xff, 0xff, 0xe0, 0x00, 0x0b, 0x5a, 0xff, 0x88, 0xd0, 0x00, 0x00, 0x0f, 0xff, 0xff,
  0xe0, 0x00, 0x0b, 0x5a, 0xff, 0x88, 0xe0, 0x00, 0x00, 0x0b, 0xff, 0xff, 0xf0, 0x00, 0x0b, 0x5a,
  0xff, 0x88, 0xf0, 0x00, 0x00, 0x07, 0xff, 0xff, 0xf4, 0x00, 0x0b, 0x5a, 0xff, 0x88, 0xf8, 0x00,
  0x00, 0x02, 0xff, 0xff, 0xf8, 0x00, 0x0b, 0x5a, 0xff, 0x88, 0xfd, 0x00, 0x00, 0x01, 0xff, 0xff,
  0xfd, 0x00, 0x07, 0x5b, 0xff, 0x02, 0x00, 0x84, 0xbf, 0xff, 0xfe, 0x00, 0x03, 0x5b, 0xff, 0x87,
  0x80, 0x00, 0x00, 0x3f, 0xff, 0xff, 0x00, 0x03, 0x5b, 0xff, 0x87, 0xd0, 0x00, 0x00, 0x2f, 0xff,
  0xff, 0x80, 0x02, 0x5b, 0xff, 0x87, 0xf0, 0x00, 0x00, 0x0f, 0xff, 0xff, 0xd0, 0x01, 0x5b, 0xff,
  0x87, 0xfc, 0x00, 0x00, 0x07, 0xff, 0xff, 0xf0, 0x00, 0x5b, 0xff, 0x88, 0xfe, 0x00, 0x00, 0x02,
  0xff, 0xff, 0xf8, 0x00, 0x7f, 0x5b, 0xff, 0x87, 0xc0, 0x00, 0x00, 0xbf, 0xff, 0xfe, 0x00, 0x2f,
  0x5b, 0xff, 0x87, 0xf4, 0x00, 0x00, 0x3f, 0xff, 0xff, 0x80, 0x0f, 0x5b, 0xff, 0x87, 0xfe, 0x00,
  0x00, 0x0b, 0xff, 0xff, 0xe0, 0x03, 0x5c, 0xff, 0x86, 0x90, 0x00, 0x02, 0xff, 0xff, 0xf8, 0x00,
  0x5c, 0xff, 0x87, 0xf8, 0x00, 0x00, 0xbf, 0xff, 0xff, 0x40, 0x7f, 0x5c, 0xff, 0x86, 0x90, 0x00,
  0x1f, 0xff, 0xff, 0xd0, 0x1f, 0x5c, 0xff, 0x86, 0xfd, 0x00, 0x02, 0xff, 0xff, 0xf9, 0x07, 0x5d,
  0xff, 0x85, 0xd0, 0x00, 0x7f, 0xff, 0xff, 0x90, 0x5d, 0xff, 0x86, 0xfe, 0x40, 0x0b, 0xff, 0xff,
  0xfd, 0x7f, 0x5d, 0xff, 0x81, 0xfa, 0x41, 0x02, 0xff, 0x80, 0xbf, 0x5e, 0xff, 0x80, 0xfe, 0x7f,
  0xff, 0x7b, 0xff,
};
#define COFFEE_STEAM_1_LEN 7139

#define COFFEE_STEAM_2_W 400
#define COFFEE_STEAM_2_H 450
#define COFFEE_STEAM_2_STRIDE 100
#define COFFEE_STEAM_2_RAW_SIZE 45000
const uint8_t COFFEE_STEAM_2[] PROGMEM = {
  0x7f, 0xff, 0x7f, 0xff, 0x7f, 0xff, 0x44, 0xff, 0x02, 0xaa, 0x80, 0xaf, 0x5d, 0xff, 0x81, 0xfa,
  0x40, 0x03, 0x00, 0x80, 0x5a, 0x5b, 0xff, 0x80, 0xf9, 0x06, 0x00, 0x80, 0x06, 0x59, 0xff, 0x81,
  0xfa, 0x40, 0x07, 0x00, 0x80, 0x1b, 0x58, 0xff, 0x80, 0x80, 0x09, 0x00, 0x80, 0x6f, 0x56, 0xff,
  0x80, 0xe4, 0x0a, 0x00, 0x80, 0x02, 0x55, 0xff, 0x80, 0xfe, 0x0c, 0x00, 0x80, 0x1b, 0x54, 0xff,
  0x80, 0xe0, 0x0c, 0x00, 0x80, 0x01, 0x53, 0xff, 0x80, 0xfd, 0x0e, 0x00, 0x80, 0x1f, 0x52, 0xff,
  0x80, 0xe0, 0x0e, 0x00, 0x80, 0x02, 0x52, 0xff, 0x80, 0x40, 0x0f, 0x00, 0x80, 0x3f, 0x50, 0xff,
  0x80, 0xf8, 0x05, 0x00, 0x84, 0x05, 0xaa, 0xbf, 0xaa, 0xa5, 0x05, 0x00, 0x80, 0x0b, 0x50, 0xff,
  0x80, 0xd0, 0x04, 0x00, 0x80, 0x1a, 0x04, 0xff, 0x81, 0xf9, 0x40, 0x03, 0x00, 0x80, 0x01, 0x4f,
  0xff, 0x80, 0xfe, 0x04, 0x00, 0x80, 0x1b, 0x06, 0xff, 0x81, 0xf9, 0x40, 0x03, 0x00, 0x80, 0x2f,
  0x4e, 0xff, 0x80, 0xf4, 0x03, 0x00, 0x80, 0x06, 0x08, 0xff, 0x80, 0xe4, 0x03, 0x00, 0x80, 0x0b,
  0x4e, 0xff, 0x80, 0xd0, 0x03, 0x00, 0x80, 0x6f, 0x09, 0xff, 0x80, 0x40, 0x02, 0x00, 0x80, 0x01,
  0x4d, 0xff, 0x80, 0xfe, 0x03, 0x00, 0x80, 0x07, 0x0a, 0xff, 0x80, 0xf8, 0x03, 0x00, 0x80, 0x3f,
  0x4c, 0xff, 0x80, 0xf8, 0x03, 0x00, 0x80, 0x7f, 0x0b, 0xff, 0x80, 0x40, 0x02, 0x00, 0x80, 0x0f,
  0x4c, 0xff, 0x80, 0xf0, 0x02, 0x00, 0x80, 0x06, 0x0c, 0xff, 0x80, 0xf4, 0x02, 0x00, 0x80, 0x07,
  0x4c, 0xff, 0x80, 0x80, 0x02, 0x00, 0x80, 0x2f, 0x06, 0xff, 0x81, 0xea, 0xaf, 0x03, 0xff, 0x80,
  0xfe, 0x03, 0x00, 0x4c, 0xff, 0x02, 0x00, 0x80, 0x01, 0x05, 0xff, 0x80, 0xa9, 0x03, 0x55, 0x80,
  0xab, 0x02, 0xff, 0x80, 0xd0, 0x02, 0x00, 0x80, 0x7f, 0x4a, 0xff, 0x80, 0xfc, 0x02, 0x00, 0x80,
  0x0b, 0x04, 0xff, 0x80, 0xa5, 0x05, 0x55, 0x83, 0x6b, 0xff, 0xff, 0xf8, 0x02, 0x00, 0x80, 0x1f,
  0x4a, 0xff, 0x80, 0xf0, 0x02, 0x00, 0x80, 0x7f, 0x03, 0xff, 0x80, 0xe5, 0x07, 0x55, 0x86, 0xaf,
  0xff, 0xff, 0x40, 0x00, 0x00, 0x07, 0x4a, 0xff, 0x83, 0xc0, 0x00, 0x00, 0x01, 0x03, 0xff, 0x80,
  0xfa, 0x08, 0x55, 0x86, 0x56, 0xff, 0xff, 0xe0, 0x00, 0x00, 0x02, 0x4a, 0xff, 0x83, 0x40, 0x00,
  0x00, 0x07, 0x03, 0xff, 0x80, 0x95, 0x09, 0x55, 0x82, 0x5b, 0xff, 0xf8, 0x02, 0x00, 0x80, 0xbf,
  0x48, 0xff, 0x80, 0xfd, 0x02, 0x00, 0x80, 0x2f, 0x02, 0xff, 0x80, 0xf9, 0x0b, 0x55, 0x81, 0xbf,
  0xfe, 0x02, 0x00, 0x80, 0x3f, 0x48, 0xff, 0x80, 0xf8, 0x02, 0x00, 0x80, 0xbf, 0x02, 0xff, 0x80,
  0x95, 0x0b, 0x55, 0x85, 0x5b, 0xff, 0x80, 0x00, 0x00, 0x2f, 0x48, 0xff, 0x83, 0xf0, 0x00, 0x00,
  0x02, 0x02, 0xff, 0x81, 0xf9, 0x15, 0x0b, 0x55, 0x85, 0x56, 0xff, 0xd0, 0x00, 0x00, 0x0b, 0x45,
  0xff, 0x86, 0x9f, 0xff, 0xff, 0xd0, 0x00, 0x00, 0x0b, 0x02, 0xff, 0x80, 0xd1, 0x0d, 0x55, 0x84,
  0x6f, 0xf4, 0x00, 0x00, 0x03, 0x44, 0xff, 0x8b, 0xfd, 0x2f, 0xff, 0xff, 0x40, 0x00, 0x00, 0x2f,
  0xff, 0xff, 0xfe, 0x45, 0x0d, 0x55, 0x84, 0x5b, 0xfd, 0x00, 0x00, 0x01, 0x44, 0xff, 0x83, 0xf4,
  0x3f, 0xff, 0xfe, 0x02, 0x00, 0x85, 0xbf, 0xff, 0xff, 0xf9, 0x55, 0x41, 0x0d, 0x55, 0x80, 0xff,
  0x02, 0x00, 0x80, 0xbf, 0x43, 0xff, 0x86, 0xc0, 0x7f, 0xff, 0xfc, 0x00, 0x00, 0x02, 0x02, 0xff,
  0x80, 0xd5, 0x0f, 0x55, 0x84, 0x6f, 0xc0, 0x00, 0x00, 0x3f, 0x42, 0xff, 0x8a, 0xfe, 0x00, 0xff,
  0xff, 0xf4, 0x00, 0x00, 0x07, 0xff, 0xff, 0xfe, 0x06, 0x55, 0x02, 0x00, 0x06, 0x55, 0x84, 0x5b,
  0xe0, 0x00, 0x00, 0x1f, 0x42, 0xff, 0x8a, 0xf8, 0x02, 0xff, 0xff, 0xf0, 0x00, 0x00, 0x0f, 0xff,
  0xff, 0xf9, 0x04, 0x55, 0x80, 0x54, 0x04, 0x00, 0x80, 0x15, 0x04, 0x55, 0x84, 0x56, 0xf4, 0x00,
  0x00, 0x0f, 0x42, 0xff, 0x8a, 0xe0, 0x03, 0xff, 0xff, 0xd0, 0x00, 0x00, 0x2f, 0xff, 0xff, 0xe5,
  0x04, 0x55, 0x05, 0x00, 0x80, 0x01, 0x05, 0x55, 0x83, 0xbc, 0x00, 0x00, 0x0b, 0x42, 0xff, 0x8a,
  0xc0, 0x0b, 0xff, 0xff, 0x80, 0x00, 0x00, 0xbf, 0xff, 0xff, 0x95, 0x03, 0x55, 0x80, 0x40, 0x06,
  0x00, 0x80, 0x05, 0x04, 0x55, 0x83, 0x6d, 0x00, 0x00, 0x03, 0x42, 0xff, 0x89, 0x00, 0x0f, 0xff,
  0xff, 0x40, 0x00, 0x02, 0xff, 0xff, 0xfe, 0x03, 0x55, 0x80, 0x50, 0x08, 0x00, 0x04, 0x55, 0x83,
  0x47, 0x00, 0x00, 0x02, 0x41, 0xff, 0x8a, 0xfc, 0x00, 0x1f, 0xff, 0xfe, 0x00, 0x00, 0x03, 0xff,
  0xff, 0xf9, 0x03, 0x55, 0x09, 0x00, 0x80, 0x05, 0x03, 0x55, 0x83, 0x52, 0x80, 0x00, 0x00, 0x41,
  0xff, 0x8a, 0xf4, 0x00, 0x2f, 0xff, 0xfd, 0x00, 0x00, 0x0f, 0xff, 0xff, 0xe5, 0x02, 0x55, 0x80,
  0x54, 0x0a, 0x00, 0x04, 0x55, 0x83, 0x90, 0x00, 0x00, 0xbf, 0x40, 0xff, 0x8a, 0xe0, 0x00, 0x7f,
  0xff, 0xf8, 0x00, 0x00, 0x1f, 0xff, 0xff, 0xd5, 0x02, 0x55, 0x80, 0x40, 0x0a, 0x00, 0x80, 0x15,
  0x03, 0x55, 0x83, 0x60, 0x00, 0x00, 0x7f, 0x40, 0xff, 0x89, 0xc0, 0x00, 0xbf, 0xff, 0xf4, 0x00,
  0x00, 0x3f, 0xff, 0xff, 0x03, 0x55, 0x0b, 0x00, 0x80, 0x01, 0x03, 0x55, 0x83, 0x54, 0x00, 0x00,
  0x3f, 0x40, 0xff, 0x89, 0x40, 0x00, 0xff, 0xff, 0xf0, 0x00, 0x00, 0xbf, 0xff, 0xfe, 0x02, 0x55,
  0x80, 0x54, 0x0c, 0x00, 0x03, 0x55, 0x83, 0x54, 0x00, 0x00, 0x2f, 0x3f, 0xff, 0x8a, 0xfe, 0x00,
  0x01, 0xff, 0xff, 0xe0, 0x00, 0x00, 0xff, 0xff, 0xf9, 0x02, 0x55, 0x80, 0x40, 0x0c, 0x00, 0x80,
  0x15, 0x02, 0x55, 0x83, 0x54, 0x00, 0x00, 0x1f, 0x3f, 0xff, 0x8a, 0xfd, 0x00, 0x02, 0xff, 0xff,
  0xd0, 0x00, 0x02, 0xff, 0xff, 0xf5, 0x02, 0x55, 0x0d, 0x00, 0x80, 0x05, 0x02, 0x55, 0x83, 0x54,
  0x00, 0x00, 0x0f, 0x3f, 0xff, 0x8d, 0xf8, 0x00, 0x03, 0xff, 0xff, 0x80, 0x00, 0x03, 0xff, 0xff,
  0xd5, 0x55, 0x55, 0x54, 0x0d, 0x00, 0x80, 0x01, 0x03, 0x55, 0x85, 0x00, 0x00, 0x0b, 0xff, 0xff,
  0xbf, 0x3c, 0xff, 0x8d, 0xf4, 0x00, 0x07, 0xff, 0xff, 0x80, 0x00, 0x0b, 0xff, 0xff, 0x95, 0x55,
  0x55, 0x50, 0x05, 0x00, 0x82, 0x01, 0x55, 0x40, 0x05, 0x00, 0x03, 0x55, 0x85, 0x00, 0x00, 0x07,
  0xff, 0xff, 0x0f, 0x3c, 0xff, 0x8d, 0xf0, 0x00, 0x07, 0xff, 0xff, 0x00, 0x00, 0x0f, 0xff, 0xff,
  0x45, 0x55, 0x55, 0x40, 0x04, 0x00, 0x84, 0x05, 0xbf, 0xff, 0xfe, 0x90, 0x04, 0x00, 0x80, 0x15,
  0x02, 0x55, 0x85, 0x40, 0x00, 0x03, 0xff, 0xff, 0x81, 0x3c, 0xff, 0x89, 0xe0, 0x00, 0x0b, 0xff,
  0xff, 0x00, 0x00, 0x1f, 0xff, 0xfe, 0x02, 0x55, 0x04, 0x00, 0x81, 0x01, 0xbf, 0x02, 0xff, 0x81,
  0xfe, 0x80, 0x03, 0x00, 0x80, 0x05, 0x02, 0x55, 0x86, 0x40, 0x00, 0x03, 0xff, 0xff, 0xc0, 0x2f,
  0x3b, 0xff, 0x8c, 0xd0, 0x00, 0x0f, 0xff, 0xfe, 0x00, 0x00, 0x2f, 0xff, 0xfd, 0x45, 0x55, 0x54,
  0x04, 0x00, 0x80, 0x2f, 0x04, 0xff, 0x80, 0xf9, 0x03, 0x00, 0x80, 0x01, 0x02, 0x55, 0x86, 0x40,
  0x00, 0x02, 0xff, 0xff, 0xe0, 0x07, 0x3b, 0xff, 0x8c, 0xc0, 0x00, 0x0f, 0xff, 0xfd, 0x00, 0x00,
  0x7f, 0xff, 0xf9, 0x45, 0x55, 0x50, 0x03, 0x00, 0x80, 0x06, 0x06, 0xff, 0x80, 0x90, 0x03, 0x00,
  0x02, 0x55, 0x86, 0x40, 0x00, 0x01, 0xff, 0xff, 0xf0, 0x01, 0x3b, 0xff, 0x8c, 0x80, 0x00, 0x0f,
  0xff, 0xfc, 0x00, 0x00, 0xbf, 0xff, 0xf5, 0x45, 0x55, 0x40, 0x03, 0x00, 0x80, 0x2f, 0x06, 0xff,
  0x80, 0xf4, 0x03, 0x00, 0x02, 0x55, 0x87, 0x50, 0x00, 0x01, 0xff, 0xff, 0xf8, 0x00, 0x7f, 0x3a,
  0xff, 0x8b, 0x40, 0x00, 0x1f, 0xff, 0xfc, 0x00, 0x00, 0xff, 0xff, 0xe5, 0x45, 0x55, 0x03, 0x00,
  0x80, 0x01, 0x08, 0xff, 0x80, 0x40, 0x02, 0x00, 0x8a, 0x15, 0x55, 0x55, 0x50, 0x00, 0x00, 0xff,
  0xff, 0xfc, 0x00, 0x1f, 0x3a, 0xff, 0x8b, 0x00, 0x00, 0x2f, 0xff, 0xf8, 0x00, 0x01, 0xff, 0xff,
  0xd5, 0x55, 0x55, 0x03, 0x00, 0x80, 0x0b, 0x08, 0xff, 0x80, 0xd0, 0x02, 0x00, 0x8a, 0x05, 0x55,
  0x55, 0x50, 0x00, 0x00, 0xff, 0xff, 0xfd, 0x00, 0x0b, 0x3a, 0xff, 0x8b, 0x00, 0x00, 0x2f, 0xff,
  0xf4, 0x00, 0x02, 0xff, 0xff, 0x95, 0x55, 0x54, 0x03, 0x00, 0x80, 0x3f, 0x08, 0xff, 0x80, 0xf4,
  0x02, 0x00, 0x8a, 0x05, 0x55, 0x55, 0x50, 0x00, 0x00, 0xbf, 0xff, 0xfe, 0x00, 0x03, 0x39, 0xff,
  0x8c, 0xfe, 0x00, 0x00, 0x2f, 0xff, 0xf4, 0x00, 0x03, 0xff, 0xff, 0x95, 0x55, 0x50, 0x02, 0x00,
  0x80, 0x01, 0x09, 0xff, 0x80, 0xfd, 0x02, 0x00, 0x8a, 0x01, 0x55, 0x55, 0x50, 0x00, 0x00, 0xbf,
  0xff, 0xfe, 0x00, 0x00, 0x39, 0xff, 0x8c, 0xfd, 0x00, 0x00, 0x3f, 0xff, 0xf4, 0x00, 0x0b, 0xff,
  0xff, 0x55, 0x55, 0x50, 0x02, 0x00, 0x80, 0x07, 0x0a, 0xff, 0x8e, 0x40, 0x00, 0x00, 0x01, 0x55,
  0x55, 0x54, 0x00, 0x00, 0x7f, 0xff, 0xff, 0x00, 0x00, 0xbf, 0x38, 0xff, 0x8c, 0xfd, 0x00, 0x00,
  0x3f, 0xff, 0xf0, 0x00, 0x0f, 0xff, 0xfe, 0x55, 0x55, 0x40, 0x02, 0x00, 0x80, 0x1f, 0x0a, 0xff,
  0x80, 0xd0, 0x02, 0x00, 0x8a, 0x55, 0x55, 0x54, 0x00, 0x00, 0x7f, 0xff, 0xff, 0x00, 0x00, 0x3f,
  0x38, 0xff, 0x8c, 0xfc, 0x00, 0x00, 0x3f, 0xff, 0xf0, 0x00, 0x0f, 0xff, 0xfd, 0x55, 0x55, 0x40,
  0x02, 0x00, 0x80, 0x3f, 0x0a, 0xff, 0x80, 0xf4, 0x02, 0x00, 0x8a, 0x55, 0x55, 0x54, 0x00, 0x00,
  0x7f, 0xff, 0xff, 0x40, 0x00, 0x1f, 0x38, 0xff, 0x8b, 0xfc, 0x00, 0x00, 0x7f, 0xff, 0xe0, 0x00,
  0x1f, 0xff, 0xfd, 0x55, 0x55, 0x03, 0x00, 0x0b, 0xff, 0x80, 0xfc, 0x02, 0x00, 0x8a, 0x15, 0x55,
  0x54, 0x00, 0x00, 0x7f, 0xff, 0xff, 0x80, 0x00, 0x0f, 0x38, 0xff, 0x8b, 0xfc, 0x00, 0x00, 0x7f,
  0xff, 0xe0, 0x00, 0x2f, 0xff, 0xf9, 0x55, 0x55, 0x02, 0x00, 0x80, 0x02, 0x0b, 0xff, 0x80, 0xfe,
  0x02, 0x00, 0x8a, 0x15, 0x55, 0x54, 0x00, 0x00, 0x7f, 0xff, 0xff, 0x80, 0x00, 0x0b, 0x38, 0xff,
  0x8b, 0xfc, 0x00, 0x00, 0x7f, 0xff, 0xe0, 0x00, 0x2f, 0xff, 0xf5, 0x55, 0x54, 0x02, 0x00, 0x80,
  0x07, 0x0c, 0xff, 0x02, 0x00, 0x8a, 0x15, 0x55, 0x54, 0x00, 0x00, 0x7f, 0xff, 0xff, 0x80, 0x00,
  0x07, 0x38, 0xff, 0x8b, 0xfc, 0x00, 0x00, 0x7f, 0xff, 0xe0, 0x00, 0x2f, 0xff, 0xf5, 0x55, 0x54,
  0x02, 0x00, 0x80, 0x0f, 0x0c, 0xff, 0x8d, 0x80, 0x00, 0x00, 0x15, 0x55, 0x54, 0x00, 0x00, 0x7f,
  0xff, 0xff, 0xc0, 0x00, 0x03, 0x38, 0xff, 0x8b, 0xfc, 0x00, 0x00, 0x7f, 0xff, 0xd0, 0x00, 0x3f,
  0xff, 0xf5, 0x55, 0x50, 0x02, 0x00, 0x80, 0x2f, 0x0c, 0xff, 0x8d, 0xc0, 0x00, 0x00, 0x05, 0x55,
  0x54, 0x00, 0x00, 0x7f, 0xff, 0xff, 0xc0, 0x00, 0x02, 0x38, 0xff, 0x8b, 0xfc, 0x00, 0x00, 0x7f,
  0xff, 0xd0, 0x00, 0x3f, 0xff, 0xe5, 0x55, 0x50, 0x02, 0x00, 0x80, 0xbf, 0x0c, 0xff, 0x8d, 0xd0,
  0x00, 0x00, 0x05, 0x55, 0x54, 0x00, 0x00, 0x7f, 0xff, 0xff, 0xc0, 0x00, 0x02, 0x38, 0xff, 0x8e,
  0xfd, 0x00, 0x00, 0x7f, 0xff, 0xd0, 0x00, 0x7f, 0xff, 0xe5, 0x55, 0x50, 0x00, 0x00, 0x01, 0x0d,
  0xff, 0x8d, 0xf0, 0x00, 0x00, 0x05, 0x55, 0x54, 0x00, 0x00, 0x7f, 0xff, 0xff, 0xc0, 0x00, 0x02,
  0x38, 0xff, 0x8e, 0xfd, 0x00, 0x00, 0x3f, 0xff, 0xd0, 0x00, 0x7f, 0xff, 0xd5, 0x55, 0x40, 0x00,
  0x00, 0x02, 0x0d, 0xff, 0x8d, 0xf4, 0x00, 0x00, 0x05, 0x55, 0x54, 0x00, 0x00, 0x7f, 0xff, 0xff,
  0xc0, 0x00, 0x02, 0x38, 0xff, 0x8e, 0xfe, 0x00, 0x00, 0x3f, 0xff, 0xd0, 0x00, 0xbf, 0xff, 0xd5,
  0x55, 0x40, 0x00, 0x00, 0x03, 0x0d, 0xff, 0x8d, 0xf8, 0x00, 0x00, 0x01, 0x55, 0x50, 0x00, 0x00,
  0xbf, 0xff, 0xff, 0xc0, 0x00, 0x01, 0x39, 0xff, 0x8d, 0x00, 0x00, 0x3f, 0xff, 0xd0, 0x00, 0xbf,
  0xff, 0xd5, 0x55, 0x40, 0x00, 0x00, 0x0b, 0x0d, 0xff, 0x8d, 0xfc, 0x00, 0x00, 0x01, 0x55, 0x50,
  0x00, 0x00, 0xbf, 0xff, 0xff, 0x80, 0x00, 0x02, 0x39, 0xff, 0x89, 0x00, 0x00, 0x3f, 0xff, 0xd0,
  0x00, 0xbf, 0xff, 0xd5, 0x55, 0x02, 0x00, 0x80, 0x0f, 0x0d, 0xff, 0x8d, 0xfc, 0x00, 0x00, 0x01,
  0x55, 0x50, 0x00, 0x00, 0xbf, 0xff, 0xff, 0x80, 0x00, 0x02, 0x39, 0xff, 0x89, 0x40, 0x00, 0x3f,
  0xff, 0xe0, 0x00, 0xbf, 0xff, 0x95, 0x55, 0x02, 0x00, 0x80, 0x1f, 0x0d, 0xff, 0x87, 0xfd, 0x00,
  0x00, 0x01, 0x55, 0x50, 0x00, 0x00, 0x02, 0xff, 0x82, 0x80, 0x00, 0x02, 0x39, 0xff, 0x89, 0x80,
  0x00, 0x2f, 0xff, 0xe0, 0x00, 0xbf, 0xff, 0x95, 0x55, 0x02, 0x00, 0x80, 0x2f, 0x06, 0xff, 0x81,
  0xa5, 0x5b, 0x04, 0xff, 0x87, 0xfd, 0x00, 0x00, 0x01, 0x55, 0x50, 0x00, 0x00, 0x02, 0xff, 0x82,
  0x40, 0x00, 0x02, 0x39, 0xff, 0x89, 0xc0, 0x00, 0x2f, 0xff, 0xe0, 0x00, 0xbf, 0xff, 0x95, 0x55,
  0x02, 0x00, 0x80, 0x3f, 0x05, 0xff, 0x83, 0xf8, 0x00, 0x00, 0x6f, 0x03, 0xff, 0x87, 0xfe, 0x00,
  0x00, 0x01, 0x55, 0x50, 0x00, 0x00, 0x02, 0xff, 0x82, 0x00, 0x00, 0x03, 0x39, 0xff, 0x89, 0xc0,
  0x00, 0x1f, 0xff, 0xf0, 0x00, 0xff, 0xff, 0x95, 0x54, 0x02, 0x00, 0x80, 0x7f, 0x05, 0xff, 0x83,
  0x80, 0x00, 0x00, 0x0b, 0x03, 0xff, 0x87, 0xfe, 0x00, 0x00, 0x01, 0x55, 0x40, 0x00, 0x01, 0x02,
  0xff, 0x82, 0x00, 0x00, 0x07, 0x39, 0xff, 0x89, 0xe0, 0x00, 0x1f, 0xff, 0xf0, 0x00, 0xff, 0xff,
  0x95, 0x54, 0x02, 0x00, 0x80, 0x7f, 0x04, 0xff, 0x83, 0xfd, 0x00, 0x00, 0x2f, 0x04, 0xff, 0x8d,
  0xfe, 0x00, 0x00, 0x01, 0x55, 0x40, 0x00, 0x01, 0xff, 0xff, 0xfe, 0x00, 0x00, 0x07, 0x39, 0xff,
  0x89, 0xf0, 0x00, 0x0f, 0xff, 0xf0, 0x00, 0xff, 0xff, 0x95, 0x54, 0x02, 0x00, 0x80, 0xbf, 0x04,
  0xff, 0x82, 0xf4, 0x00, 0x01, 0x05, 0xff, 0x8d, 0xfe, 0x00, 0x00, 0x01, 0x55, 0x40, 0x00, 0x02,
  0xff, 0xff, 0xfd, 0x00, 0x00, 0x0b, 0x39, 0xff, 0x89, 0xf4, 0x00, 0x0b, 0xff, 0xf4, 0x00, 0xff,
  0xff, 0x55, 0x54, 0x02, 0x00, 0x05, 0xff, 0x82, 0xd0, 0x00, 0x0b, 0x05, 0xff, 0x8d, 0xfe, 0x00,
  0x00, 0x01, 0x55, 0x40, 0x00, 0x03, 0xff, 0xff, 0xfc, 0x00, 0x00, 0x0f, 0x39, 0xff, 0x89, 0xf8,
  0x00, 0x0b, 0xff, 0xf4, 0x00, 0xff, 0xff, 0x55, 0x54, 0x02, 0x00, 0x05, 0xff, 0x82, 0x40, 0x00,
  0x3f, 0x05, 0xff, 0x8d, 0xfe, 0x00, 0x00, 0x01, 0x55, 0x00, 0x00, 0x03, 0xff, 0xff, 0xf8, 0x00,
  0x00, 0x2f, 0x39, 0xff, 0x89, 0xfc, 0x00, 0x07, 0xff, 0xf8, 0x00, 0xbf, 0xff, 0x55, 0x54, 0x02,
  0x00, 0x04, 0xff, 0x83, 0xfe, 0x00, 0x00, 0xbf, 0x05, 0xff, 0x8d, 0xfe, 0x00, 0x00, 0x01, 0x55,
  0x00, 0x00, 0x07, 0xff, 0xff, 0xf8, 0x00, 0x00, 0x7f, 0x39, 0xff, 0x8c, 0xfe, 0x00, 0x07, 0xff,
  0xfc, 0x00, 0xbf, 0xff, 0x55, 0x54, 0x00, 0x00, 0x01, 0x04, 0xff, 0x82, 0xfc, 0x00, 0x01, 0x06,
  0xff, 0x8c, 0xfe, 0x00, 0x00, 0x01, 0x55, 0x00, 0x00, 0x0b, 0xff, 0xff, 0xf0, 0x00, 0x00, 0x3b,
  0xff, 0x8b, 0x00, 0x03, 0xff, 0xfd, 0x00, 0xbf, 0xff, 0x85, 0x54, 0x00, 0x00, 0x01, 0x04, 0xff,
  0x82, 0xf4, 0x00, 0x02, 0x06, 0xff, 0x8c, 0xfd, 0x00, 0x00, 0x01, 0x54, 0x00, 0x00, 0x0f, 0xff,
  0xff, 0xe0, 0x00, 0x02, 0x3b, 0xff, 0x8b, 0x80, 0x02, 0xff, 0xfd, 0x00, 0xbf, 0xff, 0x85, 0x54,
  0x00, 0x00, 0x02, 0x04, 0xff, 0x82, 0xf0, 0x00, 0x03, 0x06, 0xff, 0x8c, 0xfd, 0x00, 0x00, 0x05,
  0x54, 0x00, 0x00, 0x1f, 0xff, 0xff, 0xd0, 0x00, 0x07, 0x3b, 0xff, 0x8b, 0xd0, 0x01, 0xff, 0xfe,
  0x00, 0xbf, 0xff, 0x95, 0x54, 0x00, 0x00, 0x02, 0x04, 0xff, 0x82, 0xe0, 0x00, 0x07, 0x06, 0xff,
  0x8c, 0xfc, 0x00, 0x00, 0x05, 0x50, 0x00, 0x00, 0x2f, 0xff, 0xff, 0x80, 0x00, 0x0f, 0x3b, 0xff,
  0x8b, 0xe0, 0x00, 0xff, 0xff, 0x00, 0x7f, 0xff, 0x95, 0x54, 0x00, 0x00, 0x02, 0x04, 0xff, 0x82,
  0xd0, 0x00, 0x07, 0x06, 0xff, 0x8c, 0xf8, 0x00, 0x00, 0x05, 0x50, 0x00, 0x00, 0x3f, 0xff, 0xff,
  0x40, 0x00, 0x2f, 0x3b, 0xff, 0x8b, 0xf4, 0x00, 0xbf, 0xff, 0x40, 0x7f, 0xff, 0xd5, 0x54, 0x00,
  0x00, 0x02, 0x04, 0xff, 0x82, 0xc0, 0x00, 0x07, 0x06, 0xff, 0x8c, 0xf4, 0x00, 0x00, 0x05, 0x40,
  0x00, 0x00, 0x7f, 0xff, 0xfe, 0x00, 0x00, 0xbf, 0x3b, 0xff, 0x8b, 0xfc, 0x00, 0x7f, 0xff, 0x80,
  0x3f, 0xff, 0xd5, 0x54, 0x00, 0x00, 0x02, 0x04, 0xff, 0x82, 0x80, 0x00, 0x07, 0x06, 0xff, 0x8b,
  0xe0, 0x00, 0x00, 0x15, 0x40, 0x00, 0x00, 0xff, 0xff, 0xfd, 0x00, 0x02, 0x3d, 0xff, 0x8a, 0x00,
  0x3f, 0xff, 0xc0, 0x3f, 0xff, 0xd5, 0x54, 0x00, 0x00, 0x02, 0x04, 0xff, 0x82, 0x80, 0x00, 0x07,
  0x06, 0xff, 0x83, 0xd0, 0x00, 0x00, 0x15, 0x02, 0x00, 0x84, 0xff, 0xff, 0xf8, 0x00, 0x0b, 0x37,
  0xff, 0x80, 0xaf, 0x04, 0xff, 0x8a, 0x80, 0x3f, 0xff, 0xd0, 0x3f, 0xff, 0xe5, 0x54, 0x00, 0x00,
  0x01, 0x04, 0xff, 0x82, 0x40, 0x00, 0x07, 0x06, 0xff, 0x8b, 0xc0, 0x00, 0x00, 0x15, 0x00, 0x00,
  0x02, 0xff, 0xff, 0xf4, 0x00, 0x6f, 0x34, 0xff, 0x84, 0xfe, 0x94, 0x00, 0x00, 0x5a, 0x03, 0xff,
  0x8a, 0xe0, 0x1f, 0xff, 0xe0, 0x2f, 0xff, 0xe5, 0x54, 0x00, 0x00, 0x01, 0x04, 0xff, 0x82, 0x00,
  0x00, 0x03, 0x06, 0xff, 0x8a, 0x40, 0x00, 0x00, 0x54, 0x00, 0x00, 0x03, 0xff, 0xff, 0xe0, 0x01,
  0x34, 0xff, 0x81, 0xfe, 0x50, 0x03, 0x00, 0x80, 0x1a, 0x02, 0xff, 0x87, 0xf8, 0x0f, 0xff, 0xf0,
  0x2f, 0xff, 0xe5, 0x54, 0x02, 0x00, 0x04, 0xff, 0x82, 0x00, 0x00, 0x02, 0x05, 0xff, 0x80, 0xfe,
  0x02, 0x00, 0x87, 0x50, 0x00, 0x00, 0x0b, 0xff, 0xff, 0xc0, 0x1b, 0x34, 0xff, 0x80, 0x90, 0x05,
  0x00, 0x8a, 0x5f, 0xff, 0xff, 0xfe, 0x0b, 0xff, 0xf8, 0x1f, 0xff, 0xf5, 0x54, 0x02, 0x00, 0x04,
  0xff, 0x02, 0x00, 0x05, 0xff, 0x8b, 0xfc, 0x00, 0x00, 0x01, 0x40, 0x00, 0x00, 0x0f, 0xff, 0xff,
  0x00, 0xbf, 0x33, 0xff, 0x80, 0xf9, 0x06, 0x00, 0x8a, 0x01, 0xbf, 0xff, 0xff, 0x83, 0xff, 0xfc,
  0x0f, 0xff, 0xf5, 0x54, 0x02, 0x00, 0x80, 0xbf, 0x03, 0xff, 0x02, 0x00, 0x80, 0x7f, 0x04, 0xff,
  0x83, 0xf4, 0x00, 0x00, 0x05, 0x02, 0x00, 0x83, 0x2f, 0xff, 0xfd, 0x0b, 0x34, 0xff, 0x80, 0x80,
  0x07, 0x00, 0x89, 0x0b, 0xff, 0xff, 0xe1, 0xff, 0xfd, 0x0b, 0xff, 0xf9, 0x54, 0x02, 0x00, 0x80,
  0xbf, 0x03, 0xff, 0x02, 0x00, 0x80, 0x2f, 0x04, 0xff, 0x83, 0xd0, 0x00, 0x00, 0x05, 0x02, 0x00,
  0x83, 0x7f, 0xff, 0xf8, 0xbf, 0x33, 0xff, 0x80, 0xfd, 0x08, 0x00, 0x89, 0x01, 0xff, 0xff, 0xf8,
  0xff, 0xff, 0x07, 0xff, 0xf9, 0x54, 0x02, 0x00, 0x80, 0x7f, 0x03, 0xff, 0x83, 0x40, 0x00, 0x00,
  0x0b, 0x04, 0xff, 0x83, 0x40, 0x00, 0x00, 0x14, 0x02, 0x00, 0x37, 0xff, 0x80, 0xe0, 0x05, 0x00,
  0x84, 0x15, 0x6a, 0xaa, 0xa9, 0xbf, 0x03, 0xff, 0x83, 0x83, 0xff, 0xfd, 0x54, 0x02, 0x00, 0x80,
  0x7f, 0x03, 0xff, 0x83, 0x80, 0x00, 0x00, 0x02, 0x03, 0xff, 0x80, 0xf8, 0x02, 0x00, 0x83, 0x50,
  0x00, 0x00, 0x02, 0x37, 0xff, 0x80, 0x40, 0x04, 0x00, 0x80, 0x5b, 0x08, 0xff, 0x83, 0xd3, 0xff,
  0xfe, 0x55, 0x02, 0x00, 0x80, 0x3f, 0x03, 0xff, 0x80, 0x80, 0x02, 0x00, 0x80, 0xbf, 0x02, 0xff,
  0x80, 0x90, 0x02, 0x00, 0x83, 0x40, 0x00, 0x00, 0x07, 0x36, 0xff, 0x80, 0xfd, 0x04, 0x00, 0x80,
  0x1b, 0x09, 0xff, 0x83, 0xf2, 0xff, 0xff, 0x55, 0x02, 0x00, 0x80, 0x2f, 0x03, 0xff, 0x80, 0xc0,
  0x02, 0x00, 0x83, 0x1b, 0xff, 0xff, 0xfd, 0x02, 0x00, 0x80, 0x01, 0x02, 0x00, 0x80, 0x0f, 0x36,
  0xff, 0x80, 0xf0, 0x03, 0x00, 0x80, 0x0a, 0x0a, 0xff, 0x83, 0xf4, 0xff, 0xff, 0x55, 0x02, 0x00,
  0x80, 0x1f, 0x03, 0xff, 0x80, 0xd0, 0x02, 0x00, 0x83, 0x01, 0xaf, 0xfe, 0x90, 0x02, 0x00, 0x80,
  0x04, 0x02, 0x00, 0x80, 0x2f, 0x36, 0xff, 0x80, 0xc0, 0x02, 0x00, 0x81, 0x01, 0xbf, 0x0a, 0xff,
  0x83, 0xfc, 0xbf, 0xff, 0x95, 0x02, 0x00, 0x80, 0x0f, 0x03, 0xff, 0x80, 0xe0, 0x0d, 0x00, 0x80,
  0xbf, 0x03, 0xff, 0x84, 0xfe, 0x95, 0x55, 0x56, 0xbf, 0x2c, 0xff, 0x80, 0xfe, 0x03, 0x00, 0x80,
  0x1f, 0x0b, 0xff, 0x87, 0xfe, 0x3f, 0xff, 0xd5, 0x40, 0x00, 0x00, 0x0b, 0x03, 0xff, 0x80, 0xf0,
  0x0c, 0x00, 0x80, 0x01, 0x03, 0xff, 0x81, 0xfe, 0x40, 0x02, 0x00, 0x80, 0x06, 0x2c, 0xff, 0x80,
  0xfc, 0x02, 0x00, 0x80, 0x02, 0x0d, 0xff, 0x86, 0xbf, 0xff, 0xe5, 0x40, 0x00, 0x00, 0x07, 0x03,
  0xff, 0x80, 0xf4, 0x0c, 0x00, 0x80, 0x03, 0x03, 0xff, 0x80, 0x90, 0x04, 0x00, 0x80, 0x1b, 0x2b,
  0xff, 0x80, 0xf0, 0x02, 0x00, 0x80, 0x2f, 0x0f, 0xff, 0x84, 0xf5, 0x40, 0x00, 0x00, 0x03, 0x03,
  0xff, 0x80, 0xf8, 0x0c, 0x00, 0x80, 0x0f, 0x02, 0xff, 0x80, 0xf8, 0x06, 0x00, 0x80, 0xbf, 0x2a,
  0xff, 0x83, 0xd0, 0x00, 0x00, 0x02, 0x10, 0xff, 0x84, 0xf9, 0x40, 0x00, 0x00, 0x01, 0x03, 0xff,
  0x80, 0xfd, 0x0c, 0x00, 0x80, 0x3f, 0x02, 0xff, 0x80, 0x80, 0x06, 0x00, 0x80, 0x0b, 0x2a, 0xff,
  0x83, 0x40, 0x00, 0x00, 0x1f, 0x10, 0xff, 0x81, 0xfd, 0x50, 0x02, 0x00, 0x03, 0xff, 0x80, 0xfe,
  0x0c, 0x00, 0x02, 0xff, 0x80, 0xfd, 0x07, 0x00, 0x80, 0x01, 0x29, 0xff, 0x80, 0xfe, 0x02, 0x00,
  0x80, 0xbf, 0x10, 0xff, 0x81, 0xfe, 0x10, 0x02, 0x00, 0x80, 0x7f, 0x03, 0xff, 0x80, 0x40, 0x0a,
  0x00, 0x80, 0x03, 0x02, 0xff, 0x80, 0xd0, 0x08, 0x00, 0x80, 0x3f, 0x28, 0xff, 0x83, 0xfc, 0x00,
  0x00, 0x07, 0x07, 0xff, 0x85, 0xe9, 0x55, 0x01, 0x55, 0x5a, 0xbf, 0x03, 0xff, 0x81, 0xfe, 0x14,
  0x02, 0x00, 0x80, 0x3f, 0x03, 0xff, 0x80, 0xd0, 0x0a, 0x00, 0x83, 0x1f, 0xff, 0xff, 0xfe, 0x09,
  0x00, 0x80, 0x0b, 0x28, 0xff, 0x83, 0xf8, 0x00, 0x00, 0x2f, 0x05, 0xff, 0x81, 0xfe, 0x50, 0x04,
  0x00, 0x81, 0x01, 0xaf, 0x03, 0xff, 0x80, 0x44, 0x02, 0x00, 0x80, 0x1f, 0x03, 0xff, 0x80, 0xf0,
  0x0a, 0x00, 0x88, 0x7f, 0xff, 0xff, 0xf4, 0x05, 0x5a, 0xaa, 0xaa, 0x54, 0x04, 0x00, 0x80, 0x02,
  0x28, 0xff, 0x82, 0xf0, 0x00, 0x01, 0x05, 0xff, 0x81, 0xfe, 0x40, 0x07, 0x00, 0x80, 0x6b, 0x02,
  0xff, 0x80, 0xd4, 0x02, 0x00, 0x80, 0x0b, 0x03, 0xff, 0x80, 0xfc, 0x09, 0x00, 0x80, 0x02, 0x02,
  0xff, 0x80, 0xf6, 0x04, 0xff, 0x80, 0xe5, 0x04, 0x00, 0x80, 0xbf, 0x27, 0xff, 0x82, 0xd0, 0x00,
  0x0b, 0x04, 0xff, 0x81, 0xfe, 0x90, 0x09, 0x00, 0x83, 0x6b, 0xff, 0xff, 0xe1, 0x02, 0x00, 0x80,
  0x07, 0x04, 0xff, 0x09, 0x00, 0x80, 0x1f, 0x09, 0xff, 0x80, 0xe4, 0x03, 0x00, 0x80, 0x3f, 0x27,
  0xff, 0x82, 0xc0, 0x00, 0x2f, 0x04, 0xff, 0x80, 0xe0, 0x0a, 0x00, 0x87, 0x01, 0xbf, 0xff, 0xf5,
  0x40, 0x00, 0x00, 0x02, 0x04, 0xff, 0x80, 0xd0, 0x07, 0x00, 0x81, 0x01, 0xbf, 0x0a, 0xff, 0x80,
  0x80, 0x02, 0x00, 0x80, 0x0f, 0x27, 0xff, 0x81, 0x40, 0x01, 0x04, 0xff, 0x80, 0xf8, 0x0c, 0x00,
  0x83, 0x06, 0xff, 0xfd, 0x40, 0x02, 0x00, 0x04, 0xff, 0x80, 0xf4, 0x07, 0x00, 0x80, 0x0b, 0x0b,
  0xff, 0x80, 0xf9, 0x02, 0x00, 0x80, 0x07, 0x27, 0xff, 0x81, 0x00, 0x07, 0x04, 0xff, 0x80, 0x80,
  0x0d, 0x00, 0x82, 0x2f, 0xfe, 0x50, 0x02, 0x00, 0x80, 0x7f, 0x03, 0xff, 0x80, 0xfe, 0x07, 0x00,
  0x80, 0xbf, 0x0c, 0xff, 0x83, 0x80, 0x00, 0x00, 0x02, 0x26, 0xff, 0x82, 0xfd, 0x00, 0x1f, 0x03,
  0xff, 0x80, 0xf4, 0x0e, 0x00, 0x82, 0x01, 0xbf, 0x50, 0x02, 0x00, 0x80, 0x2f, 0x04, 0xff, 0x80,
  0xe0, 0x05, 0x00, 0x80, 0x0b, 0x0d, 0xff, 0x80, 0xf4, 0x02, 0x00, 0x26, 0xff, 0x82, 0xfc, 0x00,
  0xbf, 0x03, 0xff, 0x80, 0x40, 0x0f, 0x00, 0x81, 0x1f, 0xd4, 0x02, 0x00, 0x80, 0x1f, 0x04, 0xff,
  0x80, 0xfe, 0x04, 0x00, 0x81, 0x01, 0xbf, 0x0d, 0xff, 0x80, 0xfe, 0x02, 0x00, 0x80, 0xbf, 0x25,
  0xff, 0x81, 0xf8, 0x02, 0x03, 0xff, 0x80, 0xf8, 0x06, 0x00, 0x82, 0x05, 0x55, 0x50, 0x06, 0x00,
  0x81, 0x01, 0xe4, 0x02, 0x00, 0x80, 0x07, 0x05, 0xff, 0x80, 0xe4, 0x03, 0x00, 0x80, 0x6f, 0x0f,
  0xff, 0x83, 0xd0, 0x00, 0x00, 0x3f, 0x25, 0xff, 0x81, 0xf4, 0x07, 0x03, 0xff, 0x80, 0x80, 0x04,
  0x00, 0x80, 0x15, 0x04, 0x55, 0x80, 0x50, 0x05, 0x00, 0x80, 0x19, 0x02, 0x00, 0x80, 0x02, 0x06,
  0xff, 0x83, 0xe9, 0x55, 0x56, 0xaf, 0x10, 0xff, 0x83, 0xf8, 0x00, 0x00, 0x2f, 0x25, 0xff, 0x81,
  0xf0, 0x1f, 0x02, 0xff, 0x80, 0xfd, 0x04, 0x00, 0x80, 0x15, 0x06, 0x55, 0x80, 0x54, 0x04, 0x00,
  0x80, 0x01, 0x03, 0x00, 0x10, 0xff, 0x84, 0xfe, 0xa5, 0x50, 0x01, 0x5a, 0x05, 0xff, 0x83, 0xfe,
  0x00, 0x00, 0x1f, 0x25, 0xff, 0x81, 0xf0, 0x7f, 0x02, 0xff, 0x80, 0xe0, 0x03, 0x00, 0x80, 0x05,
  0x08, 0x55, 0x80, 0x54, 0x08, 0x00, 0x80, 0x3f, 0x0e, 0xff, 0x81, 0xfe, 0x50, 0x03, 0x00, 0x80,
  0x06, 0x05, 0xff, 0x82, 0xc0, 0x00, 0x0f, 0x25, 0xff, 0x80, 0xe0, 0x03, 0xff, 0x80, 0x40, 0x02,
  0x00, 0x80, 0x01, 0x0a, 0x55, 0x80, 0x40, 0x07, 0x00, 0x80, 0x1f, 0x0d, 0xff, 0x81, 0xfe, 0x40,
  0x05, 0x00, 0x80, 0x1a, 0x04, 0xff, 0x82, 0xf0, 0x00, 0x0b, 0x25, 0xff, 0x80, 0xd3, 0x02, 0xff,
  0x80, 0xf8, 0x03, 0x00, 0x80, 0x15, 0x0b, 0x55, 0x07, 0x00, 0x80, 0x0b, 0x0d, 0xff, 0x80, 0x90,
  0x07, 0x00, 0x80, 0x2f, 0x03, 0xff, 0x82, 0xf8, 0x00, 0x07, 0x25, 0xff, 0x80, 0xcb, 0x02, 0xff,
  0x80, 0xd0, 0x02, 0x00, 0x80, 0x01, 0x05, 0x55, 0x80, 0x54, 0x03, 0x00, 0x82, 0x55, 0x55, 0x50,
  0x06, 0x00, 0x80, 0x02, 0x0c, 0xff, 0x80, 0xf9, 0x08, 0x00, 0x81, 0x01, 0xbf, 0x02, 0xff, 0x82,
  0xfe, 0x00, 0x07, 0x29, 0xff, 0x80, 0x40, 0x02, 0x00, 0x80, 0x05, 0x04, 0x55, 0x80, 0x50, 0x05,
  0x00, 0x81, 0x05, 0x54, 0x07, 0x00, 0x80, 0xbf, 0x0b, 0xff, 0x80, 0x90, 0x09, 0x00, 0x80, 0x1f,
  0x03, 0xff, 0x81, 0x80, 0x03, 0x28, 0xff, 0x80, 0xf8, 0x02, 0x00, 0x80, 0x01, 0x04, 0x55, 0x80,
  0x50, 0x07, 0x00, 0x81, 0x05, 0x40, 0x06, 0x00, 0x80, 0x3f, 0x0a, 0xff, 0x80, 0xf9, 0x0a, 0x00,
  0x81, 0x01, 0xbf, 0x02, 0xff, 0x81, 0xd0, 0x03, 0x28, 0xff, 0x80, 0xe0, 0x02, 0x00, 0x80, 0x05,
  0x03, 0x55, 0x80, 0x54, 0x09, 0x00, 0x80, 0x14, 0x06, 0x00, 0x80, 0x1f, 0x0a, 0xff, 0x80, 0xd0,
  0x0b, 0x00, 0x80, 0x2f, 0x02, 0xff, 0x81, 0xf0, 0x02, 0x28, 0xff, 0x80, 0x80, 0x02, 0x00, 0x04,
  0x55, 0x80, 0x40, 0x09, 0x00, 0x81, 0x01, 0x40, 0x05, 0x00, 0x80, 0x07, 0x09, 0xff, 0x80, 0xfe,
  0x0c, 0x00, 0x80, 0x06, 0x02, 0xff, 0x81, 0xf8, 0x02, 0x27, 0xff, 0x80, 0xfe, 0x02, 0x00, 0x80,
  0x05, 0x03, 0x55, 0x80, 0x54, 0x0b, 0x00, 0x80, 0x10, 0x05, 0x00, 0x80, 0x02, 0x09, 0xff, 0x80,
  0xf8, 0x04, 0x00, 0x02, 0x55, 0x05, 0x00, 0x84, 0xbf, 0xff, 0xff, 0xfd, 0x02, 0x27, 0xff, 0x80,
  0xf8, 0x02, 0x00, 0x80, 0x15, 0x03, 0x55, 0x80, 0x40, 0x13, 0x00, 0x80, 0xbf, 0x08, 0xff, 0x80,
  0xd0, 0x03, 0x00, 0x04, 0x55, 0x80, 0x40, 0x03, 0x00, 0x80, 0x1f, 0x02, 0xff, 0x80, 0x01, 0x27,
  0xff, 0x83, 0xe0, 0x00, 0x00, 0x01, 0x03, 0x55, 0x80, 0x54, 0x14, 0x00, 0x80, 0x3f, 0x08, 0xff,
  0x03, 0x00, 0x80, 0x15, 0x05, 0x55, 0x03, 0x00, 0x80, 0x07, 0x02, 0xff, 0x80, 0x81, 0x27, 0xff,
  0x83, 0x80, 0x00, 0x00, 0x09, 0x03, 0x55, 0x80, 0x40, 0x14, 0x00, 0x80, 0x1f, 0x07, 0xff, 0x80,
  0xfc, 0x02, 0x00, 0x80, 0x01, 0x06, 0x55, 0x80, 0x54, 0x03, 0x00, 0x83, 0xbf, 0xff, 0xff, 0xd1,
  0x26, 0xff, 0x80, 0xfe, 0x02, 0x00, 0x80, 0x65, 0x03, 0x55, 0x05, 0x00, 0x83, 0x05, 0x56, 0xa5,
  0x54, 0x0b, 0x00, 0x80, 0x07, 0x07, 0xff, 0x80, 0xf0, 0x02, 0x00, 0x80, 0x15, 0x07, 0x55, 0x80,
  0x40, 0x02, 0x00, 0x83, 0x2f, 0xff, 0xff, 0xe1, 0x26, 0xff, 0x84, 0xfc, 0x00, 0x00, 0x01, 0x95,
  0x02, 0x55, 0x80, 0x50, 0x04, 0x00, 0x80, 0x1a, 0x03, 0xff, 0x81, 0xe9, 0x40, 0x09, 0x00, 0x80,
  0x02, 0x07, 0xff, 0x83, 0xc0, 0x00, 0x00, 0x01, 0x08, 0x55, 0x80, 0x54, 0x02, 0x00, 0x83, 0x0b,
  0xff, 0xff, 0xf5, 0x26, 0xff, 0x84, 0xf0, 0x00, 0x00, 0x0a, 0x15, 0x02, 0x55, 0x80, 0x40, 0x03,
  0x00, 0x80, 0x06, 0x05, 0xff, 0x80, 0xf9, 0x0a, 0x00, 0x07, 0xff, 0x83, 0x40, 0x00, 0x00, 0x15,
  0x09, 0x55, 0x86, 0x40, 0x00, 0x00, 0x02, 0xff, 0xff, 0xf8, 0x26, 0xff, 0x83, 0xd0, 0x00, 0x00,
  0x1d, 0x03, 0x55, 0x03, 0x00, 0x81, 0x01, 0xbf, 0x06, 0xff, 0x80, 0xe4, 0x09, 0x00, 0x80, 0x7f,
  0x05, 0xff, 0x80, 0xfd, 0x02, 0x00, 0x0a, 0x55, 0x80, 0x50, 0x02, 0x00, 0x82, 0xbf, 0xff, 0xfe,
  0x26, 0xff, 0x83, 0x40, 0x00, 0x00, 0x75, 0x02, 0x55, 0x80, 0x50, 0x03, 0x00, 0x80, 0x2f, 0x07,
  0xff, 0x81, 0xfe, 0x40, 0x08, 0x00, 0x80, 0x2f, 0x05, 0xff, 0x83, 0xf4, 0x00, 0x00, 0x01, 0x0a,
  0x55, 0x80, 0x54, 0x02, 0x00, 0x80, 0x3f, 0x27, 0xff, 0x84, 0xfe, 0x00, 0x00, 0x01, 0xd5, 0x02,
  0x55, 0x80, 0x40, 0x02, 0x00, 0x80, 0x02, 0x09, 0xff, 0x80, 0xf4, 0x08, 0x00, 0x80, 0x0f, 0x05,
  0xff, 0x83, 0xe0, 0x00, 0x00, 0x05, 0x0b, 0x55, 0x83, 0x40, 0x00, 0x00, 0x0f, 0x27, 0xff, 0x83,
  0xf8, 0x00, 0x00, 0x07, 0x03, 0x55, 0x03, 0x00, 0x80, 0x2f, 0x0a, 0xff, 0x80, 0x40, 0x07, 0x00,
  0x80, 0x07, 0x05, 0xff, 0x83, 0xc0, 0x00, 0x00, 0x15, 0x0b, 0x55, 0x83, 0x50, 0x00, 0x00, 0x07,
  0x27, 0xff, 0x83, 0xf0, 0x00, 0x00, 0x1d, 0x02, 0x55, 0x80, 0x54, 0x02, 0x00, 0x80, 0x01, 0x0b,
  0xff, 0x80, 0xe4, 0x07, 0x00, 0x80, 0x02, 0x05, 0xff, 0x82, 0x40, 0x00, 0x00, 0x0c, 0x55, 0x83,
  0x54, 0x00, 0x00, 0x01, 0x27, 0xff, 0x83, 0xd0, 0x00, 0x00, 0x39, 0x02, 0x55, 0x80, 0x50, 0x02,
  0x00, 0x80, 0x0b, 0x0b, 0xff, 0x80, 0xfe, 0x08, 0x00, 0x04, 0xff, 0x83, 0xfe, 0x00, 0x00, 0x01,
  0x0d, 0x55, 0x02, 0x00, 0x80, 0xbf, 0x26, 0xff, 0x83, 0x80, 0x00, 0x00, 0xb5, 0x02, 0x55, 0x80,
  0x40, 0x02, 0x00, 0x80, 0x7f, 0x05, 0xff, 0x81, 0xea, 0xaf, 0x04, 0xff, 0x80, 0xd0, 0x07, 0x00,
  0x80, 0xbf, 0x03, 0xff, 0x83, 0xfc, 0x00, 0x00, 0x05, 0x0d, 0x55, 0x83, 0x40, 0x00, 0x00, 0x3f,
  0x26, 0xff, 0x83, 0x00, 0x00, 0x01, 0xd5, 0x02, 0x55, 0x02, 0x00, 0x80, 0x02, 0x04, 0xff, 0x85,
  0xfe, 0x50, 0x00, 0x00, 0x16, 0xbf, 0x02, 0xff, 0x80, 0xf8, 0x07, 0x00, 0x80, 0x2f, 0x03, 0xff,
  0x83, 0xf8, 0x00, 0x00, 0x15, 0x0d, 0x55, 0x83, 0x50, 0x00, 0x00, 0x1f, 0x25, 0xff, 0x84, 0xfe,
  0x00, 0x00, 0x07, 0x95, 0x02, 0x55, 0x02, 0x00, 0x80, 0x0b, 0x04, 0xff, 0x80, 0x90, 0x03, 0x00,
  0x80, 0x06, 0x02, 0xff, 0x80, 0xfe, 0x07, 0x00, 0x80, 0x1f, 0x03, 0xff, 0x83, 0xf0, 0x00, 0x00,
  0x15, 0x0d, 0x55, 0x83, 0x54, 0x00, 0x00, 0x0b, 0x25, 0xff, 0x83, 0xfc, 0x00, 0x00, 0x0f, 0x02,
  0x55, 0x80, 0x54, 0x02, 0x00, 0x80, 0x3f, 0x03, 0xff, 0x80, 0xf9, 0x05, 0x00, 0x80, 0x6b, 0x02,
  0xff, 0x80, 0xd0, 0x06, 0x00, 0x80, 0x0b, 0x03, 0xff, 0x82, 0xe0, 0x00, 0x00, 0x06, 0x55, 0x80,
  0x45, 0x07, 0x55, 0x82, 0x00, 0x00, 0x07, 0x25, 0xff, 0x83, 0xf4, 0x00, 0x00, 0x2e, 0x02, 0x55,
  0x80, 0x50, 0x02, 0x00, 0x04, 0xff, 0x80, 0xd0, 0x05, 0x00, 0x84, 0x01, 0xbf, 0xff, 0xff, 0xf4,
  0x06, 0x00, 0x80, 0x03, 0x03, 0xff, 0x82, 0xc0, 0x00, 0x01, 0x03, 0x55, 0x83, 0x5a, 0xff, 0xff,
  0xa5, 0x07, 0x55, 0x82, 0x40, 0x00, 0x02, 0x25, 0xff, 0x83, 0xe0, 0x00, 0x00, 0x7d, 0x02, 0x55,
  0x83, 0x40, 0x00, 0x00, 0x07, 0x03, 0xff, 0x80, 0xfe, 0x07, 0x00, 0x83, 0x1f, 0xff, 0xff, 0xfd,
  0x06, 0x00, 0x80, 0x02, 0x03, 0xff, 0x82, 0x80, 0x00, 0x05, 0x02, 0x55, 0x80, 0x56, 0x03, 0xff,
  0x80, 0xa5, 0x06, 0x55, 0x82, 0x40, 0x00, 0x00, 0x25, 0xff, 0x83, 0xc0, 0x00, 0x00, 0xf9, 0x02,
  0x55, 0x83, 0x40, 0x00, 0x00, 0x1f, 0x03, 0xff, 0x80, 0xf4, 0x07, 0x00, 0x80, 0x02, 0x02, 0xff,
  0x80, 0x40, 0x06, 0x00, 0x03, 0xff, 0x82, 0x40, 0x00, 0x05, 0x02, 0x55, 0x80, 0x6f, 0x03, 0xff,
  0x80, 0xfe, 0x06, 0x55, 0x83, 0x50, 0x00, 0x00, 0xbf, 0x24, 0xff, 0x83, 0x80, 0x00, 0x02, 0xf5,
  0x02, 0x55, 0x02, 0x00, 0x80, 0x3f, 0x03, 0xff, 0x80, 0x80, 0x08, 0x00, 0x83, 0x7f, 0xff, 0xff,
  0xd0, 0x06, 0x00, 0x80, 0xbf, 0x02, 0xff, 0x85, 0x00, 0x00, 0x15, 0x55, 0x55, 0x56, 0x05, 0xff,
  0x80, 0xe5, 0x05, 0x55, 0x83, 0x50, 0x00, 0x00, 0x7f, 0x24, 0xff, 0x86, 0x00, 0x00, 0x03, 0xe1,
  0x55, 0x55, 0x54, 0x02, 0x00, 0x03, 0xff, 0x80, 0xfe, 0x09, 0x00, 0x83, 0x0b, 0xff, 0xff, 0xf4,
  0x06, 0x00, 0x89, 0x3f, 0xff, 0xff, 0xfe, 0x00, 0x00, 0x15, 0x55, 0x55, 0x5f, 0x05, 0xff, 0x80,
  0xfe, 0x05, 0x55, 0x83, 0x54, 0x00, 0x00, 0x2f, 0x23, 0xff, 0x8a, 0xfe, 0x00, 0x00, 0x0b, 0xd5,
  0x55, 0x55, 0x54, 0x00, 0x00, 0x02, 0x03, 0xff, 0x80, 0xf8, 0x09, 0x00, 0x83, 0x02, 0xff, 0xff,
  0xfc, 0x06, 0x00, 0x85, 0x2f, 0xff, 0xff, 0xfd, 0x00, 0x00, 0x02, 0x55, 0x80, 0xbf, 0x06, 0xff,
  0x80, 0x95, 0x04, 0x55, 0x83, 0x54, 0x00, 0x00, 0x1f, 0x23, 0xff, 0x8a, 0xfc, 0x00, 0x00, 0x1f,
  0x95, 0x55, 0x55, 0x50, 0x00, 0x00, 0x0b, 0x03, 0xff, 0x80, 0xe0, 0x0a, 0x00, 0x82, 0x7f, 0xff,
  0xff, 0x06, 0x00, 0x88, 0x0f, 0xff, 0xff, 0xfd, 0x00, 0x00, 0x55, 0x55, 0x52, 0x07, 0xff, 0x80,
  0xf4, 0x05, 0x55, 0x82, 0x00, 0x00, 0x0f, 0x23, 0xff, 0x83, 0xf8, 0x00, 0x00, 0x2f, 0x02, 0x55,
  0x83, 0x50, 0x00, 0x00, 0x1f, 0x03, 0xff, 0x80, 0xc0, 0x0a, 0x00, 0x83, 0x1f, 0xff, 0xff, 0x80,
  0x05, 0x00, 0x88, 0x0b, 0xff, 0xff, 0xfc, 0x00, 0x00, 0x55, 0x55, 0x47, 0x07, 0xff, 0x81, 0xfd,
  0x15, 0x04, 0x55, 0x82, 0x00, 0x00, 0x0b, 0x23, 0xff, 0x83, 0xf4, 0x00, 0x00, 0x7e, 0x02, 0x55,
  0x83, 0x40, 0x00, 0x00, 0x3f, 0x03, 0xff, 0x80, 0x40, 0x04, 0x00, 0x80, 0x15, 0x04, 0x00, 0x83,
  0x07, 0xff, 0xff, 0xd0, 0x05, 0x00, 0x88, 0x07, 0xff, 0xff, 0xf8, 0x00, 0x01, 0x55, 0x55, 0x1f,
  0x08, 0xff, 0x05, 0x55, 0x82, 0x40, 0x00, 0x07, 0x23, 0xff, 0x83, 0xf0, 0x00, 0x00, 0xbe, 0x02,
  0x55, 0x83, 0x40, 0x00, 0x00, 0xbf, 0x02, 0xff, 0x80, 0xfe, 0x03, 0x00, 0x84, 0x01, 0xaf, 0xff,
  0xff, 0xa8, 0x02, 0x00, 0x83, 0x02, 0xff, 0xff, 0xf0, 0x05, 0x00, 0x88, 0x02, 0xff, 0xff, 0xf8,
  0x00, 0x01, 0x55, 0x55, 0x7f, 0x08, 0xff, 0x80, 0xd5, 0x04, 0x55, 0x82, 0x40, 0x00, 0x03, 0x23,
  0xff, 0x83, 0xe0, 0x00, 0x01, 0xfd, 0x02, 0x55, 0x82, 0x00, 0x00, 0x01, 0x03, 0xff, 0x80, 0xf8,
  0x03, 0x00, 0x80, 0x6f, 0x03, 0xff, 0x80, 0xe4, 0x02, 0x00, 0x85, 0xbf, 0xff, 0xf8, 0x00, 0x00,
  0x01, 0x02, 0x00, 0x88, 0x01, 0xff, 0xff, 0xf4, 0x00, 0x01, 0x55, 0x55, 0xbf, 0x08, 0xff, 0x80,
  0xf5, 0x04, 0x55, 0x82, 0x50, 0x00, 0x02, 0x23, 0xff, 0x83, 0xc0, 0x00, 0x02, 0xf9, 0x02, 0x55,
  0x82, 0x00, 0x00, 0x03, 0x03, 0xff, 0x80, 0xf0, 0x02, 0x00, 0x80, 0x06, 0x04, 0xff, 0x8a, 0xfe,
  0x40, 0x00, 0x00, 0x3f, 0xff, 0xfe, 0x00, 0x00, 0x01, 0x40, 0x02, 0x00, 0x86, 0xff, 0xff, 0xf4,
  0x00, 0x05, 0x55, 0x56, 0x03, 0xff, 0x81, 0xfe, 0xaf, 0x03, 0xff, 0x80, 0xfd, 0x04, 0x55, 0x82,
  0x50, 0x00, 0x01, 0x23, 0xff, 0x89, 0x80, 0x00, 0x03, 0xf5, 0x55, 0x55, 0x54, 0x00, 0x00, 0x07,
  0x03, 0xff, 0x80, 0xe0, 0x02, 0x00, 0x80, 0x2f, 0x05, 0xff, 0x85, 0xe4, 0x00, 0x00, 0x1f, 0xff,
  0xff, 0x02, 0x00, 0x80, 0x40, 0x02, 0x00, 0x86, 0xbf, 0xff, 0xf0, 0x00, 0x05, 0x55, 0x57, 0x02,
  0xff, 0x83, 0xfe, 0x40, 0x00, 0x6f, 0x02, 0xff, 0x80, 0xfe, 0x04, 0x55, 0x82, 0x50, 0x00, 0x00,
  0x23, 0xff, 0x89, 0x80, 0x00, 0x07, 0xf5, 0x55, 0x55, 0x54, 0x00, 0x00, 0x0f, 0x03, 0xff, 0x83,
  0xd0, 0x00, 0x00, 0x01, 0x06, 0xff, 0x89, 0xfe, 0x40, 0x00, 0x0b, 0xff, 0xff, 0x80, 0x00, 0x00,
  0x50, 0x02, 0x00, 0x86, 0x7f, 0xff, 0xf0, 0x00, 0x05, 0x55, 0x5b, 0x02, 0xff, 0x80, 0xd0, 0x02,
  0x00, 0x80, 0xbf, 0x02, 0xff, 0x80, 0x95, 0x03, 0x55, 0x82, 0x54, 0x00, 0x00, 0x23, 0xff, 0x89,
  0x00, 0x00, 0x0b, 0xe5, 0x55, 0x55, 0x54, 0x00, 0x00, 0x1f, 0x03, 0xff, 0x83, 0x80, 0x00, 0x00,
  0x07, 0x07, 0xff, 0x88, 0xe0, 0x00, 0x03, 0xff, 0xff, 0xd0, 0x00, 0x00, 0x50, 0x02, 0x00, 0x89,
  0x3f, 0xff, 0xf0, 0x00, 0x05, 0x55, 0x5f, 0xff, 0xff, 0xfd, 0x03, 0x00, 0x80, 0x1f, 0x02, 0xff,
  0x80, 0xd5, 0x03, 0x55, 0x83, 0x54, 0x00, 0x00, 0xbf, 0x22, 0xff, 0x89, 0x00, 0x00, 0x0f, 0xe5,
  0x55, 0x55, 0x50, 0x00, 0x00, 0x3f, 0x03, 0xff, 0x83, 0x40, 0x00, 0x00, 0x1f, 0x07, 0xff, 0x88,
  0xf8, 0x00, 0x01, 0xff, 0xff, 0xe0, 0x00, 0x00, 0x14, 0x02, 0x00, 0x89, 0x2f, 0xff, 0xf0, 0x00,
  0x05, 0x55, 0x5f, 0xff, 0xff, 0xf0, 0x03, 0x00, 0x80, 0x02, 0x02, 0xff, 0x80, 0xe5, 0x03, 0x55,
  0x83, 0x54, 0x00, 0x00, 0x3f, 0x21, 0xff, 0x8a, 0xfe, 0x00, 0x00, 0x1f, 0xd5, 0x55, 0x55, 0x50,
  0x00, 0x00, 0x7f, 0x03, 0xff, 0x83, 0x40, 0x00, 0x00, 0x7f, 0x08, 0xff, 0x87, 0x00, 0x00, 0xbf,
  0xff, 0xf0, 0x00, 0x00, 0x14, 0x02, 0x00, 0x8b, 0x2f, 0xff, 0xf4, 0x00, 0x05, 0x55, 0x6f, 0xff,
  0xff, 0xe6, 0xff, 0xe5, 0x02, 0x00, 0x83, 0xbf, 0xff, 0xff, 0xf5, 0x04, 0x55, 0x82, 0x00, 0x00,
  0x3f, 0x21, 0xff, 0x8a, 0xfd, 0x00, 0x00, 0x2f, 0xd5, 0x55, 0x55, 0x50, 0x00, 0x00, 0xbf, 0x03,
  0xff, 0x02, 0x00, 0x09, 0xff, 0x87, 0xd0, 0x00, 0x3f, 0xff, 0xf8, 0x00, 0x00, 0x14, 0x02, 0x00,
  0x86, 0x1f, 0xff, 0xf4, 0x00, 0x05, 0x55, 0x7f, 0x04, 0xff, 0x88, 0x90, 0x00, 0x00, 0x1f, 0xff,
  0xff, 0xf9, 0x55, 0x54, 0x02, 0x55, 0x82, 0x00, 0x00, 0x3f, 0x21, 0xff, 0x89, 0xfc, 0x00, 0x00,
  0x2f, 0x95, 0x55, 0x55, 0x40, 0x00, 0x00, 0x03, 0xff, 0x83, 0xfe, 0x00, 0x00, 0x02, 0x09, 0xff,
  0x87, 0xf4, 0x00, 0x2f, 0xff, 0xfc, 0x00, 0x00, 0x05, 0x02, 0x00, 0x86, 0x0f, 0xff, 0xf4, 0x00,
  0x05, 0x55, 0x7f, 0x04, 0xff, 0x88, 0xfd, 0x00, 0x00, 0x07, 0xff, 0xff, 0xf9, 0x55, 0x54, 0x02,
  0x55, 0x82, 0x00, 0x00, 0x2f, 0x21, 0xff, 0x89, 0xfc, 0x00, 0x00, 0x3f, 0x95, 0x55, 0x55, 0x40,
  0x00, 0x01, 0x03, 0xff, 0x83, 0xfd, 0x00, 0x00, 0x07, 0x09, 0xff, 0x87, 0xfd, 0x00, 0x0f, 0xff,
  0xfd, 0x00, 0x00, 0x05, 0x02, 0x00, 0x86, 0x0b, 0xff, 0xf4, 0x00, 0x05, 0x55, 0xbf, 0x05, 0xff,
  0x8d, 0x40, 0x00, 0x02, 0xff, 0xff, 0xfd, 0x55, 0x54, 0x15, 0x55, 0x55, 0x00, 0x00, 0x1f, 0x21,
  0xff, 0x83, 0xf8, 0x00, 0x00, 0x7f, 0x02, 0x55, 0x82, 0x40, 0x00, 0x02, 0x03, 0xff, 0x83, 0xfd,
  0x00, 0x00, 0x0b, 0x0a, 0xff, 0x90, 0x40, 0x0b, 0xff, 0xfe, 0x00, 0x00, 0x05, 0x40, 0x00, 0x00,
  0x0b, 0xff, 0xf4, 0x00, 0x05, 0x55, 0xbf, 0x05, 0xff, 0x8d, 0xd0, 0x00, 0x00, 0xbf, 0xff, 0xfe,
  0x15, 0x55, 0x15, 0x55, 0x55, 0x00, 0x00, 0x1f, 0x21, 0xff, 0x83, 0xf8, 0x00, 0x00, 0x7f, 0x02,
  0x55, 0x82, 0x40, 0x00, 0x03, 0x03, 0xff, 0x83, 0xfd, 0x00, 0x00, 0x1f, 0x0a, 0xff, 0x8f, 0xc0,
  0x03, 0xff, 0xff, 0x00, 0x00, 0x05, 0x40, 0x00, 0x00, 0x07, 0xff, 0xf8, 0x00, 0x05, 0x55, 0x06,
  0xff, 0x8d, 0xf0, 0x00, 0x00, 0x7f, 0xff, 0xfe, 0x15, 0x55, 0x05, 0x55, 0x55, 0x40, 0x00, 0x0f,
  0x21, 0xff, 0x83, 0xf4, 0x00, 0x00, 0xbf, 0x02, 0x55, 0x82, 0x40, 0x00, 0x07, 0x03, 0xff, 0x83,
  0xfd, 0x00, 0x00, 0x2f, 0x0a, 0xff, 0x8f, 0xe0, 0x02, 0xff, 0xff, 0x40, 0x00, 0x05, 0x40, 0x00,
  0x00, 0x03, 0xff, 0xf8, 0x00, 0x05, 0x55, 0x06, 0xff, 0x8d, 0xfc, 0x00, 0x00, 0x2f, 0xff, 0xff,
  0x55, 0x55, 0x05, 0x55, 0x55, 0x40, 0x00, 0x0f, 0x21, 0xff, 0x83, 0xf0, 0x00, 0x00, 0xff, 0x02,
  0x55, 0x82, 0x00, 0x00, 0x0b, 0x03, 0xff, 0x83, 0xfd, 0x00, 0x00, 0x3f, 0x0a, 0xff, 0x8f, 0xf8,
  0x01, 0xff, 0xff, 0x80, 0x00, 0x01, 0x50, 0x00, 0x00, 0x03, 0xff, 0xfc, 0x00, 0x05, 0x55, 0x06,
  0xff, 0x8d, 0xfe, 0x00, 0x00, 0x0f, 0xff, 0xff, 0x55, 0x55, 0x05, 0x55, 0x55, 0x40, 0x00, 0x0f,
  0x21, 0xff, 0x83, 0xf0, 0x00, 0x00, 0xfe, 0x02, 0x55, 0x82, 0x00, 0x00, 0x0f, 0x03, 0xff, 0x83,
  0xfd, 0x00, 0x00, 0x7f, 0x0a, 0xff, 0x8f, 0xfd, 0x00, 0xff, 0xff, 0xc0, 0x00, 0x01, 0x50, 0x00,
  0x00, 0x02, 0xff, 0xfd, 0x00, 0x01, 0x55, 0x07, 0xff, 0x8e, 0x00, 0x00, 0x0b, 0xff, 0xff, 0x95,
  0x55, 0x01, 0x55, 0x55, 0x40, 0x00, 0x0f, 0xff, 0xfe, 0x1f, 0xff, 0x83, 0xe0, 0x00, 0x01, 0xfe,
  0x02, 0x55, 0x82, 0x00, 0x00, 0x0f, 0x03, 0xff, 0x83, 0xfe, 0x00, 0x00, 0x7f, 0x06, 0xff, 0x80,
  0xeb, 0x03, 0xff, 0x8f, 0x00, 0xbf, 0xff, 0xd0, 0x00, 0x01, 0x50, 0x00, 0x00, 0x02, 0xff, 0xfe,
  0x00, 0x01, 0x55, 0xbf, 0x06, 0xff, 0x8f, 0x80, 0x00, 0x07, 0xff, 0xff, 0x95, 0x55, 0x01, 0x55,
  0x55, 0x40, 0x00, 0x0b, 0xff, 0xfd, 0xbf, 0x1e, 0xff, 0x83, 0xe0, 0x00, 0x01, 0xfe, 0x02, 0x55,
  0x82, 0x00, 0x00, 0x0f, 0x04, 0xff, 0x82, 0x00, 0x00, 0xbf, 0x06, 0xff, 0x81, 0xe1, 0xbf, 0x02,
  0xff, 0x8f, 0x80, 0x7f, 0xff, 0xe0, 0x00, 0x01, 0x54, 0x00, 0x00, 0x02, 0xff, 0xff, 0x00, 0x01,
  0x55, 0xbf, 0x06, 0xff, 0x8f, 0xc0, 0x00, 0x03, 0xff, 0xff, 0x95, 0x55, 0x41, 0x55, 0x55, 0x40,
  0x00, 0x0b, 0xff, 0xfe, 0x3f, 0x1e, 0xff, 0x83, 0xe0, 0x00, 0x02, 0xfe, 0x02, 0x55, 0x82, 0x00,
  0x00, 0x0f, 0x04, 0xff, 0x82, 0x40, 0x00, 0xbf, 0x02, 0xff, 0x80, 0xf6, 0x02, 0xff, 0x81, 0xfc,
  0x1b, 0x02, 0xff, 0x8f, 0xc0, 0x7f, 0xff, 0xf0, 0x00, 0x01, 0x54, 0x00, 0x00, 0x01, 0xff, 0xff,
  0x40, 0x00, 0x45, 0x7f, 0x06, 0xff, 0x8f, 0xd0, 0x00, 0x02, 0xff, 0xff, 0xd5, 0x55, 0x41, 0x55,
  0x55, 0x40, 0x00, 0x0b, 0xff, 0xfe, 0x3f, 0x1e, 0xff, 0x83, 0xd0, 0x00, 0x02, 0xfd, 0x02, 0x55,
  0x82, 0x00, 0x00, 0x1f, 0x04, 0xff, 0x82, 0x40, 0x00, 0xbf, 0x02, 0xff, 0x81, 0xf8, 0x2f, 0x02,
  0xff, 0x80, 0x01, 0x02, 0xff, 0x8f, 0xe0, 0x3f, 0xff, 0xf0, 0x00, 0x01, 0x54, 0x00, 0x00, 0x01,
  0xff, 0xff, 0x80, 0x00, 0x45, 0x7f, 0x06, 0xff, 0x8f, 0xe0, 0x00, 0x01, 0xff, 0xff, 0xd5, 0x55,
  0x40, 0x55, 0x55, 0x40, 0x00, 0x0b, 0xff, 0xfe, 0x2f, 0x1e, 0xff, 0x83, 0xd0, 0x00, 0x02, 0xfd,
  0x02, 0x55, 0x82, 0x00, 0x00, 0x2f, 0x04, 0xff, 0x82, 0x80, 0x00, 0xbf, 0x02, 0xff, 0x81, 0xfe,
  0x07, 0x02, 0xff, 0x93, 0xc0, 0x2f, 0xff, 0xff, 0xf4, 0x3f, 0xff, 0xf4, 0x00, 0x01, 0x55, 0x00,
  0x00, 0x01, 0xff, 0xff, 0xd0, 0x00, 0x05, 0x6f, 0x06, 0xff, 0x8f, 0xf0, 0x00, 0x01, 0xff, 0xff,
  0xd5, 0x55, 0x40, 0x55, 0x55, 0x40, 0x00, 0x0b, 0xff, 0xfe, 0x1f, 0x1e, 0xff, 0x83, 0xd0, 0x00,
  0x02, 0xfd, 0x02, 0x55, 0x82, 0x00, 0x00, 0x2f, 0x04, 0xff, 0x82, 0xc0, 0x00, 0xbf, 0x03, 0xff,
  0x80, 0x40, 0x02, 0xff, 0x8a, 0xe0, 0x0b, 0xff, 0xff, 0xf8, 0x2f, 0xff, 0xf8, 0x00, 0x01, 0x55,
  0x02, 0x00, 0x85, 0xff, 0xff, 0xe0, 0x00, 0x05, 0x5f, 0x06, 0xff, 0x8f, 0xf0, 0x00, 0x00, 0xff,
  0xff, 0xd5, 0x55, 0x40, 0x55, 0x55, 0x40, 0x00, 0x0b, 0xff, 0xfe, 0x0f, 0x1e, 0xff, 0x83, 0xd0,
  0x00, 0x02, 0xfd, 0x02, 0x55, 0x82, 0x00, 0x00, 0x2f, 0x04, 0xff, 0x82, 0xe0, 0x00, 0x7f, 0x03,
  0xff, 0x8e, 0x80, 0x7f, 0xff, 0xff, 0xf4, 0x02, 0xff, 0xff, 0xfc, 0x1f, 0xff, 0xf8, 0x00, 0x01,
  0x55, 0x02, 0x00, 0x85, 0xff, 0xff, 0xf0, 0x00, 0x04, 0x5b, 0x06, 0xff, 0x8f, 0xf0, 0x00, 0x00,
  0xff, 0xff, 0xd5, 0x55, 0x40, 0x55, 0x55, 0x40, 0x00, 0x0b, 0xff, 0xfe, 0x0f, 0x1e, 0xff, 0x83,
  0xd0, 0x00, 0x02, 0xfd, 0x02, 0x55, 0x82, 0x00, 0x00, 0x2f, 0x04, 0xff, 0x82, 0xf4, 0x00, 0x3f,
  0x03, 0xff, 0x8e, 0xc0, 0x1f, 0xff, 0xff, 0xfc, 0x00, 0xbf, 0xff, 0xfe, 0x1f, 0xff, 0xfc, 0x00,
  0x01, 0x55, 0x02, 0x00, 0x85, 0xff, 0xff, 0xfc, 0x00, 0x01, 0x57, 0x06, 0xff, 0x8f, 0xf4, 0x00,
  0x00, 0xff, 0xff, 0xd5, 0x55, 0x40, 0x55, 0x55, 0x40, 0x00, 0x0b, 0xff, 0xfe, 0x0b, 0x1e, 0xff,
  0x83, 0xd0, 0x00, 0x02, 0xfd, 0x02, 0x55, 0x82, 0x00, 0x00, 0x2f, 0x04, 0xff, 0x82, 0xfc, 0x00,
  0x2f, 0x03, 0xff, 0x8e, 0xd0, 0x0b, 0xff, 0xff, 0xfd, 0x00, 0x2f, 0xff, 0xff, 0x1f, 0xff, 0xfc,
  0x00, 0x01, 0x55, 0x02, 0x00, 0x85, 0xff, 0xff, 0xfe, 0x00, 0x00, 0x16, 0x06, 0xff, 0x8f, 0xf4,
  0x00, 0x00, 0xbf, 0xff, 0xd5, 0x55, 0x40, 0x15, 0x55, 0x40, 0x00, 0x0b, 0xff, 0xfe, 0x07, 0x1e,
  0xff, 0x83, 0xd0, 0x00, 0x02, 0xfd, 0x02, 0x55, 0x82, 0x00, 0x00, 0x2f, 0x04, 0xff, 0x82, 0xfd,
  0x00, 0x1f, 0x03, 0xff, 0x81, 0xe0, 0x02, 0x02, 0xff, 0x89, 0x00, 0x0f, 0xff, 0xff, 0x0f, 0xff,
  0xfd, 0x00, 0x01, 0x55, 0x02, 0x00, 0x02, 0xff, 0x82, 0x40, 0x00, 0x15, 0x06, 0xff, 0x8f, 0xf4,
  0x00, 0x00, 0xbf, 0xff, 0xd5, 0x55, 0x40, 0x15, 0x55, 0x40, 0x00, 0x0b, 0xff, 0xfe, 0x07, 0x1e,
  0xff, 0x83, 0xd0, 0x00, 0x01, 0xfd, 0x02, 0x55, 0x82, 0x00, 0x00, 0x2f, 0x05, 0xff, 0x81, 0x40,
  0x0b, 0x03, 0xff, 0x81, 0xf4, 0x00, 0x02, 0xff, 0x89, 0x40, 0x07, 0xff, 0xff, 0x4f, 0xff, 0xfd,
  0x00, 0x01, 0x55, 0x02, 0x00, 0x02, 0xff, 0x83, 0xd0, 0x00, 0x05, 0x7f, 0x05, 0xff, 0x8f, 0xf4,
  0x00, 0x00, 0xbf, 0xff, 0xd5, 0x55, 0x40, 0x15, 0x55, 0x40, 0x00, 0x0b, 0xff, 0xfe, 0x03, 0x1e,
  0xff, 0x83, 0xd0, 0x00, 0x01, 0xfd, 0x02, 0x55, 0x82, 0x00, 0x00, 0x1f, 0x05, 0xff, 0x81, 0xd0,
  0x03, 0x03, 0xff, 0x8e, 0xf4, 0x00, 0x7f, 0xff, 0xff, 0x80, 0x02, 0xff, 0xff, 0x8f, 0xff, 0xfd,
  0x00, 0x01, 0x55, 0x02, 0x00, 0x86, 0xbf, 0xff, 0xff, 0xf4, 0x00, 0x01, 0x6f, 0x05, 0xff, 0x8f,
  0xf4, 0x00, 0x00, 0xbf, 0xff, 0xd5, 0x55, 0x40, 0x15, 0x55, 0x40, 0x00, 0x0f, 0xff, 0xfe, 0x03,
  0x1e, 0xff, 0x83, 0xd0, 0x00, 0x01, 0xfe, 0x02, 0x55, 0x82, 0x00, 0x00, 0x1f, 0x05, 0xff, 0x81,
  0xf8, 0x02, 0x03, 0xff, 0x91, 0xf4, 0x00, 0x3f, 0xff, 0xff, 0xd0, 0x00, 0xff, 0xff, 0x8f, 0xff,
  0xfd, 0x00, 0x01, 0x55, 0x40, 0x00, 0x00, 0x02, 0xff, 0x83, 0xfd, 0x00, 0x01, 0x47, 0x05, 0xff,
  0x8f, 0xf0, 0x00, 0x00, 0xbf, 0xff, 0xd5, 0x55, 0x40, 0x15, 0x55, 0x40, 0x00, 0x0f, 0xff, 0xfe,
  0x02, 0x1e, 0xff, 0x83, 0xd0, 0x00, 0x01, 0xfe, 0x02, 0x55, 0x82, 0x00, 0x00, 0x0f, 0x05, 0xff,
  0x81, 0xfe, 0x00, 0x03, 0xff, 0x91, 0xf9, 0x00, 0x1f, 0xff, 0xff, 0xe0, 0x00, 0xbf, 0xff, 0xdf,
  0xff, 0xfd, 0x00, 0x01, 0x55, 0x40, 0x00, 0x00, 0x03, 0xff, 0x83, 0x40, 0x00, 0x11, 0xbf, 0x04,
  0xff, 0x8f, 0xf0, 0x00, 0x00, 0xbf, 0xff, 0xd5, 0x55, 0x40, 0x15, 0x55, 0x00, 0x00, 0x0f, 0xff,
  0xfd, 0x02, 0x1e, 0xff, 0x83, 0xe0, 0x00, 0x00, 0xfe, 0x02, 0x55, 0x82, 0x40, 0x00, 0x0f, 0x06,
  0xff, 0x81, 0xe4, 0x2f, 0x02, 0xff, 0x91, 0xf9, 0x00, 0x0f, 0xff, 0xff, 0xe0, 0x00, 0x7f, 0xff,
  0xef, 0xff, 0xfe, 0x00, 0x01, 0x55, 0x40, 0x00, 0x00, 0x03, 0xff, 0x83, 0xe0, 0x00, 0x01, 0x6f,
  0x04, 0xff, 0x8f, 0xf0, 0x00, 0x00, 0xff, 0xff, 0x95, 0x55, 0x40, 0x15, 0x55, 0x00, 0x00, 0x1f,
  0xff, 0xfd, 0x01, 0x1e, 0xff, 0x83, 0xe0, 0x00, 0x00, 0xbe, 0x02, 0x55, 0x82, 0x40, 0x00, 0x0f,
  0x07, 0xff, 0x80, 0x6f, 0x02, 0xff, 0x87, 0xf9, 0x00, 0x0b, 0xff, 0xff, 0xf4, 0x00, 0x2f, 0x02,
  0xff, 0x86, 0xfe, 0x00, 0x01, 0x55, 0x40, 0x00, 0x00, 0x03, 0xff, 0x84, 0xfd, 0x00, 0x00, 0x01,
  0xbf, 0x03, 0xff, 0x8f, 0xe0, 0x00, 0x00, 0xff, 0xff, 0x95, 0x55, 0x40, 0x15, 0x55, 0x00, 0x00,
  0x1f, 0xff, 0xfd, 0x01, 0x1e, 0xff, 0x83, 0xe0, 0x00, 0x00, 0xbf, 0x02, 0x55, 0x82, 0x40, 0x00,
  0x0b, 0x0b, 0xff, 0x87, 0xf9, 0x40, 0x07, 0xff, 0xff, 0xf8, 0x00, 0x0f, 0x02, 0xff, 0x86, 0xfe,
  0x00, 0x01, 0x55, 0x40, 0x00, 0x00, 0x04, 0xff, 0x84, 0x90, 0x00, 0x00, 0x06, 0xbf, 0x02, 0xff,
  0x8f, 0xe0, 0x00, 0x00, 0xff, 0xff, 0x95, 0x55, 0x40, 0x15, 0x55, 0x00, 0x00, 0x2f, 0xff, 0xfc,
  0x01, 0x1e, 0xff, 0x83, 0xe0, 0x00, 0x00, 0x7f, 0x02, 0x55, 0x82, 0x40, 0x00, 0x0b, 0x0b, 0xff,
  0x87, 0xf9, 0x40, 0x03, 0xff, 0xff, 0xf8, 0x00, 0x0b, 0x02, 0xff, 0x86, 0xfe, 0x00, 0x01, 0x55,
  0x40, 0x00, 0x00, 0x04, 0xff, 0x84, 0xfe, 0x40, 0x00, 0x00, 0xbf, 0x02, 0xff, 0x8f, 0xd0, 0x00,
  0x01, 0xff, 0xff, 0x55, 0x55, 0x00, 0x15, 0x55, 0x00, 0x00, 0x2f, 0xff, 0xfc, 0x00, 0x1e, 0xff,
  0x83, 0xf0, 0x00, 0x00, 0x7f, 0x02, 0x55, 0x82, 0x50, 0x00, 0x07, 0x0b, 0xff, 0x87, 0xf5, 0x40,
  0x02, 0xff, 0xff, 0xfc, 0x00, 0x07, 0x02, 0xff, 0x86, 0xfd, 0x00, 0x01, 0x55, 0x40, 0x00, 0x01,
  0x05, 0xff, 0x82, 0xfa, 0xaa, 0xbf, 0x03, 0xff, 0x8f, 0xc0, 0x00, 0x02, 0xff, 0xff, 0x55, 0x55,
  0x00, 0x15, 0x54, 0x00, 0x00, 0x3f, 0xff, 0xf8, 0x00, 0x1e, 0xff, 0x89, 0xf0, 0x00, 0x00, 0x3f,
  0x95, 0x55, 0x55, 0x50, 0x00, 0x03, 0x0b, 0xff, 0x87, 0xf5, 0x40, 0x02, 0xff, 0xff, 0xfc, 0x00,
  0x03, 0x02, 0xff, 0x86, 0xfd, 0x00, 0x01, 0x55, 0x40, 0x00, 0x01, 0x0c, 0xff, 0x8f, 0x80, 0x00,
  0x02, 0xff, 0xfe, 0x55, 0x55, 0x00, 0x15, 0x54, 0x00, 0x00, 0x7f, 0xff, 0xf8, 0x00, 0x1c, 0xff,
  0x8b, 0xef, 0xff, 0xf4, 0x00, 0x00, 0x2f, 0x95, 0x55, 0x55, 0x54, 0x00, 0x02, 0x0b, 0xff, 0x87,
  0xf5, 0x40, 0x01, 0xff, 0xff, 0xfd, 0x00, 0x02, 0x02, 0xff, 0x86, 0xfd, 0x00, 0x01, 0x55, 0x40,
  0x00, 0x01, 0x0c, 0xff, 0x8f, 0x00, 0x00, 0x03, 0xff, 0xfe, 0x55, 0x55, 0x00, 0x15, 0x54, 0x00,
  0x00, 0x7f, 0xff, 0xf4, 0x00, 0x1c, 0xff, 0x8b, 0x4f, 0xff, 0xf8, 0x00, 0x00, 0x1f, 0xd5, 0x55,
  0x55, 0x54, 0x00, 0x01, 0x0b, 0xff, 0x87, 0xe5, 0x40, 0x01, 0xff, 0xff, 0xfd, 0x00, 0x02, 0x02,
  0xff, 0x86, 0xfd, 0x00, 0x01, 0x55, 0x40, 0x00, 0x02, 0x0b, 0xff, 0x90, 0xfe, 0x00, 0x00, 0x07,
  0xff, 0xfd, 0x55, 0x55, 0x00, 0x15, 0x54, 0x00, 0x00, 0xbf, 0xff, 0xf4, 0x00, 0x1c, 0xff, 0x8b,
  0x0f, 0xff, 0xf8, 0x00, 0x00, 0x0f, 0xd5, 0x55, 0x55, 0x54, 0x00, 0x00, 0x0b, 0xff, 0x87, 0xe5,
  0x40, 0x01, 0xff, 0xff, 0xfe, 0x00, 0x01, 0x02, 0xff, 0x86, 0xfc, 0x00, 0x05, 0x55, 0x40, 0x00,
  0x02, 0x0b, 0xff, 0x90, 0xfc, 0x00, 0x00, 0x0b, 0xff, 0xf9, 0x55, 0x55, 0x00, 0x15, 0x50, 0x00,
  0x00, 0xff, 0xff, 0xf0, 0x00, 0x1b, 0xff, 0x87, 0xfe, 0x0f, 0xff, 0xfc, 0x00, 0x00, 0x0b, 0xe1,
  0x02, 0x55, 0x82, 0x00, 0x00, 0xbf, 0x0a, 0xff, 0x87, 0xd5, 0x40, 0x01, 0xff, 0xff, 0xfe, 0x00,
  0x00, 0x02, 0xff, 0x86, 0xfc, 0x00, 0x05, 0x55, 0x00, 0x00, 0x03, 0x0b, 0xff, 0x90, 0xf8, 0x00,
  0x00, 0x0f, 0xff, 0xf5, 0x55, 0x54, 0x00, 0x15, 0x50, 0x00, 0x00, 0xff, 0xff, 0xe0, 0x00, 0x1b,
  0xff, 0x87, 0xfd, 0x0f, 0xff, 0xfd, 0x00, 0x00, 0x0b, 0xe1, 0x02, 0x55, 0x82, 0x00, 0x00, 0x3f,
  0x0a, 0xff, 0x87, 0x95, 0x40, 0x01, 0xff, 0xff, 0xfe, 0x00, 0x00, 0x02, 0xff, 0x86, 0xf8, 0x00,
  0x05, 0x55, 0x00, 0x00, 0x03, 0x0b, 0xff, 0x90, 0xf0, 0x00, 0x00, 0x1f, 0xff, 0xf5, 0x55, 0x54,
  0x00, 0x15, 0x50, 0x00, 0x01, 0xff, 0xff, 0xd0, 0x00, 0x1b, 0xff, 0x87, 0xfc, 0x0f, 0xff, 0xfe,
  0x00, 0x00, 0x03, 0xf5, 0x02, 0x55, 0x82, 0x40, 0x00, 0x1f, 0x0a, 0xff, 0x87, 0x45, 0x40, 0x01,
  0xff, 0xff, 0xfe, 0x00, 0x00, 0x02, 0xff, 0x86, 0xf8, 0x00, 0x05, 0x55, 0x00, 0x00, 0x07, 0x0b,
  0xff, 0x90, 0xe0, 0x00, 0x00, 0x2f, 0xff, 0xe1, 0x55, 0x54, 0x00, 0x55, 0x50, 0x00, 0x02, 0xff,
  0xff, 0xc0, 0x00, 0x1b, 0xff, 0x87, 0xf8, 0x0b, 0xff, 0xfe, 0x00, 0x00, 0x02, 0xf5, 0x02, 0x55,
  0x82, 0x50, 0x00, 0x0b, 0x0a, 0xff, 0x87, 0x15, 0x00, 0x01, 0xff, 0xff, 0xfe, 0x00, 0x00, 0x02,
  0xff, 0x86, 0xf4, 0x00, 0x15, 0x55, 0x00, 0x00, 0x07, 0x0b, 0xff, 0x90, 0xc0, 0x00, 0x00, 0x7f,
  0xff, 0xd1, 0x55, 0x50, 0x00, 0x55, 0x40, 0x00, 0x03, 0xff, 0xff, 0x80, 0x00, 0x1b, 0xff, 0x87,
  0xf4, 0x0b, 0xff, 0xff, 0x00, 0x00, 0x01, 0xf9, 0x02, 0x55, 0x82, 0x50, 0x00, 0x07, 0x09, 0xff,
  0x92, 0xfd, 0x55, 0x00, 0x01, 0xff, 0xff, 0xfe, 0x00, 0x00, 0xbf, 0xff, 0xff, 0xf4, 0x00, 0x15,
  0x55, 0x00, 0x00, 0x0b, 0x0b, 0xff, 0x90, 0x40, 0x00, 0x00, 0xff, 0xff, 0x95, 0x55, 0x50, 0x00,
  0x55, 0x40, 0x00, 0x07, 0xff, 0xff, 0x40, 0x01, 0x1b, 0xff, 0x87, 0xf0, 0x07, 0xff, 0xff, 0x80,
  0x00, 0x00, 0xbd, 0x02, 0x55, 0x82, 0x54, 0x00, 0x02, 0x09, 0xff, 0x92, 0xf8, 0x55, 0x00, 0x01,
  0xff, 0xff, 0xfe, 0x00, 0x00, 0xbf, 0xff, 0xff, 0xf0, 0x00, 0x15, 0x55, 0x00, 0x00, 0x0f, 0x0a,
  0xff, 0x91, 0xfe, 0x00, 0x00, 0x01, 0xff, 0xff, 0x55, 0x55, 0x50, 0x00, 0x55, 0x40, 0x00, 0x0b,
  0xff, 0xff, 0x00, 0x01, 0x1b, 0xff, 0x87, 0xe0, 0x03, 0xff, 0xff, 0xc0, 0x00, 0x00, 0x7d, 0x03,
  0x55, 0x81, 0x00, 0x00, 0x09, 0xff, 0x92, 0xf5, 0x55, 0x00, 0x02, 0xff, 0xff, 0xfd, 0x00, 0x00,
  0xbf, 0xff, 0xff, 0xe0, 0x00, 0x55, 0x55, 0x00, 0x00, 0x1f, 0x0a, 0xff, 0x91, 0xfc, 0x00, 0x00,
  0x03, 0xff, 0xfe, 0x55, 0x55, 0x40, 0x00, 0x55, 0x00, 0x00, 0x0f, 0xff, 0xfe, 0x00, 0x02, 0x1b,
  0xff, 0x87, 0xe0, 0x02, 0xff, 0xff, 0xd0, 0x00, 0x00, 0x1e, 0x03, 0x55, 0x82, 0x00, 0x00, 0x3f,
  0x08, 0xff, 0x92, 0xe5, 0x55, 0x00, 0x02, 0xff, 0xff, 0xfd, 0x00, 0x00, 0xbf, 0xff, 0xff, 0xd0,
  0x00, 0x55, 0x54, 0x00, 0x00, 0x1f, 0x0a, 0xff, 0x91, 0xf4, 0x00, 0x00, 0x0b, 0xff, 0xfd, 0x55,
  0x55, 0x40, 0x00, 0x54, 0x00, 0x00, 0x1f, 0xff, 0xfd, 0x00, 0x02, 0x1b, 0xff, 0x87, 0xd0, 0x02,
  0xff, 0xff, 0xe0, 0x00, 0x00, 0x1b, 0x03, 0x55, 0x82, 0x40, 0x00, 0x1f, 0x08, 0xff, 0x92, 0x95,
  0x54, 0x00, 0x02, 0xff, 0xff, 0xfd, 0x00, 0x00, 0xbf, 0xff, 0xff, 0xc0, 0x01, 0x55, 0x54, 0x00,
  0x00, 0x2f, 0x0a, 0xff, 0x91, 0xe0, 0x00, 0x00, 0x1f, 0xff, 0xf9, 0x55, 0x55, 0x40, 0x01, 0x54,
  0x00, 0x00, 0x2f, 0xff, 0xfc, 0x00, 0x03, 0x1b, 0xff, 0x88, 0xd0, 0x01, 0xff, 0xff, 0xf0, 0x00,
  0x00, 0x17, 0x95, 0x02, 0x55, 0x82, 0x54, 0x00, 0x03, 0x08, 0xff, 0x92, 0x55, 0x54, 0x00, 0x03,
  0xff, 0xff, 0xfc, 0x00, 0x00, 0xbf, 0xff, 0xff, 0xc0, 0x01, 0x55, 0x54, 0x00, 0x00, 0x2f, 0x0a,
  0xff, 0x91, 0xc0, 0x00, 0x00, 0x3f, 0xff, 0xf5, 0x55, 0x55, 0x00, 0x01, 0x50, 0x00, 0x00, 0x3f,
  0xff, 0xf8, 0x00, 0x03, 0x1b, 0xff, 0x88, 0xc0, 0x00, 0xff, 0xff, 0xf8, 0x00, 0x00, 0x06, 0xd5,
  0x03, 0x55, 0x81, 0x00, 0x00, 0x07, 0xff, 0x89, 0xfd, 0x55, 0x50, 0x00, 0x03, 0xff, 0xff, 0xfc,
  0x00, 0x00, 0x02, 0xff, 0x86, 0x80, 0x01, 0x55, 0x54, 0x00, 0x00, 0x3f, 0x0a, 0xff, 0x02, 0x00,
  0x8e, 0xbf, 0xff, 0xe5, 0x55, 0x55, 0x00, 0x01, 0x50, 0x00, 0x00, 0xbf, 0xff, 0xf4, 0x00, 0x07,
  0x1b, 0xff, 0x88, 0xc0, 0x00, 0xbf, 0xff, 0xfc, 0x00, 0x00, 0x05, 0xb5, 0x03, 0x55, 0x82, 0x40,
  0x00, 0x2f, 0x06, 0xff, 0x89, 0xf5, 0x55, 0x50, 0x00, 0x07, 0xff, 0xff, 0xf8, 0x00, 0x00, 0x02,
  0xff, 0x86, 0x40, 0x05, 0x55, 0x50, 0x00, 0x00, 0x7f, 0x09, 0xff, 0x92, 0xfd, 0x00, 0x00, 0x01,
  0xff, 0xff, 0xd5, 0x55, 0x54, 0x00, 0x05, 0x40, 0x00, 0x00, 0xff, 0xff, 0xf0, 0x00, 0x0b, 0x1b,
  0xff, 0x88, 0xc0, 0x00, 0x7f, 0xff, 0xfe, 0x00, 0x00, 0x01, 0x79, 0x03, 0x55, 0x82, 0x54, 0x00,
  0x07, 0x06, 0xff, 0x89, 0x95, 0x55, 0x50, 0x00, 0x0b, 0xff, 0xff, 0xf4, 0x00, 0x00, 0x02, 0xff,
  0x86, 0x00, 0x05, 0x55, 0x50, 0x00, 0x00, 0xbf, 0x09, 0xff, 0x92, 0xf4, 0x00, 0x00, 0x07, 0xff,
  0xff, 0x45, 0x55, 0x54, 0x00, 0x05, 0x40, 0x00, 0x01, 0xff, 0xff, 0xe0, 0x00, 0x0b, 0x1b, 0xff,
  0x84, 0xc0, 0x00, 0x3f, 0xff, 0xff, 0x02, 0x00, 0x80, 0x5d, 0x04, 0x55, 0x82, 0x00, 0x00, 0xbf,
  0x04, 0xff, 0x93, 0xfd, 0x15, 0x55, 0x40, 0x00, 0x0f, 0xff, 0xff, 0xf0, 0x00, 0x01, 0xff, 0xff,
  0xfd, 0x00, 0x15, 0x55, 0x50, 0x00, 0x00, 0x0a, 0xff, 0x92, 0xd0, 0x00, 0x00, 0x0f, 0xff, 0xfe,
  0x15, 0x55, 0x50, 0x00, 0x05, 0x00, 0x00, 0x03, 0xff, 0xff, 0xd0, 0x00, 0x0f, 0x1b, 0xff, 0x88,
  0xc0, 0x00, 0x2f, 0xff, 0xff, 0x80, 0x00, 0x00, 0x1a, 0x04, 0x55, 0x82, 0x50, 0x00, 0x0b, 0x04,
  0xff, 0x93, 0xe4, 0x55, 0x55, 0x40, 0x00, 0x1f, 0xff, 0xff, 0xe0, 0x00, 0x02, 0xff, 0xff, 0xfc,
  0x00, 0x15, 0x55, 0x40, 0x00, 0x01, 0x0a, 0xff, 0x92, 0x80, 0x00, 0x00, 0x3f, 0xff, 0xfd, 0x55,
  0x55, 0x50, 0x00, 0x04, 0x00, 0x00, 0x0b, 0xff, 0xff, 0xc0, 0x00, 0x1f, 0x1b, 0xff, 0x88, 0xd0,
  0x00, 0x1f, 0xff, 0xff, 0xc0, 0x00, 0x00, 0x16, 0x04, 0x55, 0x83, 0x54, 0x00, 0x00, 0x6f, 0x02,
  0xff, 0x94, 0xf9, 0x45, 0x55, 0x55, 0x00, 0x00, 0x2f, 0xff, 0xff, 0xd0, 0x00, 0x02, 0xff, 0xff,
  0xf8, 0x00, 0x55, 0x55, 0x40, 0x00, 0x02, 0x09, 0xff, 0x80, 0xfd, 0x02, 0x00, 0x8f, 0xbf, 0xff,
  0xf5, 0x55, 0x55, 0x40, 0x00, 0x14, 0x00, 0x00, 0x0f, 0xff, 0xff, 0x40, 0x00, 0x1f, 0x1b, 0xff,
  0x88, 0xd0, 0x00, 0x0f, 0xff, 0xff, 0xe0, 0x00, 0x00, 0x05, 0x05, 0x55, 0x85, 0x50, 0x00, 0x01,
  0x6b, 0xff, 0xea, 0x02, 0x55, 0x91, 0x54, 0x00, 0x00, 0x3f, 0xff, 0xff, 0xc0, 0x00, 0x03, 0xff,
  0xff, 0xf4, 0x00, 0x55, 0x55, 0x40, 0x00, 0x03, 0x09, 0xff, 0x93, 0xf4, 0x00, 0x00, 0x02, 0xff,
  0xff, 0xe5, 0x55, 0x55, 0x40, 0x00, 0x10, 0x00, 0x00, 0x2f, 0xff, 0xff, 0x00, 0x00, 0x2f, 0x1b,
  0xff, 0x88, 0xd0, 0x00, 0x07, 0xff, 0xff, 0xf4, 0x00, 0x00, 0x01, 0x06, 0x55, 0x82, 0x50, 0x00,
  0x01, 0x04, 0x55, 0x91, 0x54, 0x00, 0x00, 0x7f, 0xff, 0xff, 0x80, 0x00, 0x03, 0xff, 0xff, 0xe0,
  0x01, 0x55, 0x55, 0x40, 0x00, 0x07, 0x09, 0xff, 0x93, 0xd0, 0x00, 0x00, 0x0b, 0xff, 0xff, 0x95,
  0x55, 0x55, 0x00, 0x00, 0x50, 0x00, 0x00, 0x7f, 0xff, 0xfd, 0x00, 0x00, 0x3f, 0x1b, 0xff, 0x88,
  0xd0, 0x00, 0x03, 0xff, 0xff, 0xfc, 0x00, 0x00, 0x01, 0x0e, 0x55, 0x82, 0x50, 0x00, 0x00, 0x02,
  0xff, 0x8b, 0x40, 0x00, 0x0b, 0xff, 0xff, 0xd0, 0x05, 0x55, 0x55, 0x00, 0x00, 0x0f, 0x09, 0xff,
  0x93, 0x40, 0x00, 0x00, 0x2f, 0xff, 0xff, 0x55, 0x15, 0x54, 0x00, 0x01, 0x40, 0x00, 0x00, 0xff,
  0xff, 0xfc, 0x00, 0x00, 0x7f, 0x1b, 0xff, 0x85, 0xe0, 0x00, 0x02, 0xff, 0xff, 0xfd, 0x02, 0x00,
  0x0e, 0x55, 0x91, 0x40, 0x00, 0x01, 0xff, 0xff, 0xfe, 0x00, 0x00, 0x0f, 0xff, 0xff, 0x80, 0x05,
  0x55, 0x55, 0x00, 0x00, 0x1f, 0x08, 0xff, 0x80, 0xf8, 0x02, 0x00, 0x90, 0xff, 0xff, 0xfd, 0x55,
  0x55, 0x54, 0x00, 0x01, 0x00, 0x00, 0x02, 0xff, 0xff, 0xf4, 0x00, 0x00, 0xbf, 0x1b, 0xff, 0x82,
  0xe0, 0x00, 0x00, 0x02, 0xff, 0x83, 0x40, 0x00, 0x00, 0x15, 0x0d, 0x55, 0x91, 0x00, 0x00, 0x03,
  0xff, 0xff, 0xfd, 0x00, 0x00, 0x0f, 0xff, 0xff, 0x40, 0x15, 0x55, 0x54, 0x00, 0x00, 0x3f, 0x08,
  0xff, 0x93, 0xe0, 0x00, 0x00, 0x03, 0xff, 0xff, 0xf5, 0x55, 0x55, 0x50, 0x00, 0x04, 0x00, 0x00,
  0x07, 0xff, 0xff, 0xe0, 0x00, 0x00, 0x1c, 0xff, 0x89, 0xf0, 0x00, 0x00, 0x7f, 0xff, 0xff, 0xc0,
  0x00, 0x00, 0x05, 0x0c, 0x55, 0x92, 0x54, 0x00, 0x00, 0x0b, 0xff, 0xff, 0xfc, 0x00, 0x00, 0x2f,
  0xff, 0xff, 0x00, 0x55, 0x55, 0x54, 0x00, 0x00, 0x7f, 0x08, 0xff, 0x93, 0x40, 0x00, 0x00, 0x1f,
  0xff, 0xff, 0xd5, 0x55, 0x55, 0x40, 0x00, 0x04, 0x00, 0x00, 0x0f, 0xff, 0xff, 0xd0, 0x00, 0x01,
  0x1c, 0xff, 0x89, 0xf4, 0x00, 0x00, 0x3f, 0xff, 0xff, 0xe0, 0x00, 0x00, 0x01, 0x0c, 0x55, 0x92,
  0x50, 0x00, 0x00, 0x0f, 0xff, 0xff, 0xf8, 0x00, 0x00, 0x3f, 0xff, 0xfd, 0x00, 0x55, 0x55, 0x50,
  0x00, 0x00, 0xbf, 0x07, 0xff, 0x80, 0xfd, 0x02, 0x00, 0x82, 0xbf, 0xff, 0xff, 0x02, 0x55, 0x80,
  0x40, 0x03, 0x00, 0x85, 0x2f, 0xff, 0xff, 0x80, 0x00, 0x02, 0x1c, 0xff, 0x86, 0xf8, 0x00, 0x00,
  0x1f, 0xff, 0xff, 0xf4, 0x02, 0x00, 0x0c, 0x55, 0x91, 0x40, 0x00, 0x00, 0x2f, 0xff, 0xff, 0xf0,
  0x00, 0x00, 0x7f, 0xff, 0xfc, 0x01, 0x55, 0x55, 0x50, 0x00, 0x00, 0x08, 0xff, 0x86, 0xf4, 0x00,
  0x00, 0x03, 0xff, 0xff, 0xfd, 0x02, 0x55, 0x04, 0x00, 0x85, 0x7f, 0xff, 0xff, 0x00, 0x00, 0x07,
  0x1c, 0xff, 0x86, 0xfc, 0x00, 0x00, 0x0b, 0xff, 0xff, 0xfd, 0x02, 0x00, 0x80, 0x15, 0x0b, 0x55,
  0x02, 0x00, 0x8e, 0x7f, 0xff, 0xff, 0xd0, 0x00, 0x00, 0xbf, 0xff, 0xf4, 0x05, 0x55, 0x55, 0x40,
  0x00, 0x02, 0x08, 0xff, 0x89, 0x80, 0x00, 0x00, 0x1f, 0xff, 0xff, 0xf5, 0x55, 0x55, 0x54, 0x04,
  0x00, 0x85, 0xff, 0xff, 0xfd, 0x00, 0x00, 0x0b, 0x1c, 0xff, 0x83, 0xfd, 0x00, 0x00, 0x03, 0x02,
  0xff, 0x02, 0x00, 0x80, 0x05, 0x0a, 0x55, 0x80, 0x54, 0x02, 0x00, 0x02, 0xff, 0x8b, 0xc0, 0x00,
  0x00, 0xff, 0xff, 0xe0, 0x15, 0x55, 0x55, 0x40, 0x00, 0x03, 0x07, 0xff, 0x80, 0xfe, 0x02, 0x00,
  0x86, 0xbf, 0xff, 0xff, 0x95, 0x55, 0x55, 0x50, 0x03, 0x00, 0x86, 0x03, 0xff, 0xff, 0xf8, 0x00,
  0x00, 0x0f, 0x1d, 0xff, 0x82, 0x00, 0x00, 0x01, 0x02, 0xff, 0x80, 0x80, 0x02, 0x00, 0x0a, 0x55,
  0x83, 0x50, 0x00, 0x00, 0x03, 0x02, 0xff, 0x85, 0x80, 0x00, 0x02, 0xff, 0xff, 0xc0, 0x02, 0x55,
  0x82, 0x00, 0x00, 0x0b, 0x07, 0xff, 0x86, 0xe4, 0x00, 0x00, 0x07, 0xff, 0xff, 0xfe, 0x02, 0x55,
  0x80, 0x40, 0x03, 0x00, 0x86, 0x0b, 0xff, 0xff, 0xf0, 0x00, 0x00, 0x2f, 0x1d, 0xff, 0x86, 0x40,
  0x00, 0x00, 0xbf, 0xff, 0xff, 0xe0, 0x02, 0x00, 0x80, 0x15, 0x09, 0x55, 0x02, 0x00, 0x89, 0x0b,
  0xff, 0xff, 0xfe, 0x00, 0x00, 0x03, 0xff, 0xff, 0x40, 0x02, 0x55, 0x82, 0x00, 0x00, 0x1f, 0x07,
  0xff, 0x86, 0x40, 0x00, 0x00, 0x7f, 0xff, 0xff, 0xf5, 0x02, 0x55, 0x04, 0x00, 0x86, 0x2f, 0xff,
  0xff, 0xd0, 0x00, 0x00, 0x7f, 0x1d, 0xff, 0x86, 0xc0, 0x00, 0x00, 0x2f, 0xff, 0xff, 0xf8, 0x02,
  0x00, 0x80, 0x01, 0x08, 0x55, 0x80, 0x54, 0x02, 0x00, 0x8f, 0x2f, 0xff, 0xff, 0xfc, 0x00, 0x00,
  0x07, 0xff, 0xfe, 0x01, 0x55, 0x55, 0x54, 0x00, 0x00, 0x2f, 0x06, 0xff, 0x83, 0xf9, 0x00, 0x00,
  0x02, 0x02, 0xff, 0x83, 0xd1, 0x55, 0x55, 0x54, 0x04, 0x00, 0x86, 0xbf, 0xff, 0xff, 0x80, 0x00,
  0x00, 0xbf, 0x1d, 0xff, 0x86, 0xe0, 0x00, 0x00, 0x0b, 0xff, 0xff, 0xfe, 0x03, 0x00, 0x80, 0x15,
  0x07, 0x55, 0x80, 0x40, 0x02, 0x00, 0x8f, 0x7f, 0xff, 0xff, 0xf4, 0x00, 0x00, 0x0f, 0xff, 0xfc,
  0x05, 0x55, 0x55, 0x54, 0x00, 0x00, 0x7f, 0x06, 0xff, 0x86, 0xd0, 0x00, 0x00, 0x1f, 0xff, 0xff,
  0xfe, 0x02, 0x55, 0x80, 0x50, 0x03, 0x00, 0x86, 0x01, 0xff, 0xff, 0xfe, 0x00, 0x00, 0x01, 0x1e,
  0xff, 0x83, 0xf4, 0x00, 0x00, 0x03, 0x02, 0xff, 0x80, 0x80, 0x02, 0x00, 0x80, 0x01, 0x06, 0x55,
  0x80, 0x54, 0x02, 0x00, 0x80, 0x01, 0x02, 0xff, 0x8b, 0xe0, 0x00, 0x00, 0x1f, 0xff, 0xf4, 0x15,
  0x55, 0x55, 0x50, 0x00, 0x00, 0x06, 0xff, 0x80, 0xfe, 0x02, 0x00, 0x83, 0xbf, 0xff, 0xff, 0xe5,
  0x02, 0x55, 0x80, 0x40, 0x03, 0x00, 0x86, 0x07, 0xff, 0xff, 0xfc, 0x00, 0x00, 0x03, 0x1e, 0xff,
  0x83, 0xfc, 0x00, 0x00, 0x01, 0x02, 0xff, 0x80, 0xe0, 0x03, 0x00, 0x80, 0x05, 0x05, 0x55, 0x80,
  0x40, 0x02, 0x00, 0x80, 0x07, 0x02, 0xff, 0x85, 0xc0, 0x00, 0x00, 0x3f, 0xff, 0xe0, 0x02, 0x55,
  0x82, 0x40, 0x00, 0x02, 0x06, 0xff, 0x83, 0xf4, 0x00, 0x00, 0x1b, 0x02, 0xff, 0x80, 0x95, 0x02,
  0x55, 0x04, 0x00, 0x86, 0x1f, 0xff, 0xff, 0xf0, 0x00, 0x00, 0x07, 0x1e, 0xff, 0x80, 0xfe, 0x02,
  0x00, 0x83, 0x7f, 0xff, 0xff, 0xfd, 0x04, 0x00, 0x80, 0x15, 0x03, 0x55, 0x80, 0x40, 0x03, 0x00,
  0x80, 0x2f, 0x02, 0xff, 0x85, 0x40, 0x00, 0x00, 0xbf, 0xff, 0xc1, 0x02, 0x55, 0x82, 0x40, 0x00,
  0x07, 0x06, 0xff, 0x86, 0x40, 0x00, 0x00, 0xbf, 0xff, 0xff, 0xf9, 0x02, 0x55, 0x80, 0x54, 0x04,
  0x00, 0x86, 0x7f, 0xff, 0xff, 0xd0, 0x00, 0x00, 0x0f, 0x1f, 0xff, 0x83, 0x80, 0x00, 0x00, 0x2f,
  0x02, 0xff, 0x80, 0x80, 0x04, 0x00, 0x82, 0x05, 0x55, 0x50, 0x05, 0x00, 0x83, 0xbf, 0xff, 0xff,
  0xfd, 0x02, 0x00, 0x82, 0xff, 0xff, 0x45, 0x02, 0x55, 0x82, 0x00, 0x00, 0x0f, 0x05, 0xff, 0x83,
  0xf8, 0x00, 0x00, 0x1b, 0x02, 0xff, 0x80, 0x95, 0x02, 0x55, 0x80, 0x50, 0x03, 0x00, 0x80, 0x01,
  0x02, 0xff, 0x83, 0x40, 0x00, 0x00, 0x2f, 0x1f, 0xff, 0x83, 0xe0, 0x00, 0x00, 0x0b, 0x02, 0xff,
  0x80, 0xf4, 0x0c, 0x00, 0x80, 0x07, 0x02, 0xff, 0x8c, 0xf8, 0x00, 0x00, 0x02, 0xff, 0xfe, 0x15,
  0x55, 0x55, 0x54, 0x00, 0x00, 0x2f, 0x05, 0xff, 0x87, 0x90, 0x00, 0x01, 0xbf, 0xff, 0xff, 0xfd,
  0x45, 0x02, 0x55, 0x80, 0x40, 0x03, 0x00, 0x83, 0x07, 0xff, 0xff, 0xfe, 0x02, 0x00, 0x80, 0x7f,
  0x1f, 0xff, 0x83, 0xf8, 0x00, 0x00, 0x01, 0x02, 0xff, 0x80, 0xfe, 0x0c, 0x00, 0x80, 0x2f, 0x02,
  0xff, 0x85, 0xf0, 0x00, 0x00, 0x07, 0xff, 0xf8, 0x02, 0x55, 0x83, 0x54, 0x00, 0x00, 0xbf, 0x04,
  0xff, 0x83, 0xfd, 0x00, 0x00, 0x1f, 0x02, 0xff, 0x80, 0xe5, 0x02, 0x55, 0x80, 0x54, 0x04, 0x00,
  0x83, 0x1f, 0xff, 0xff, 0xf8, 0x02, 0x00, 0x20, 0xff, 0x80, 0xfe, 0x02, 0x00, 0x80, 0x7f, 0x02,
  0xff, 0x80, 0xd0, 0x0a, 0x00, 0x80, 0x02, 0x03, 0xff, 0x85, 0xc0, 0x00, 0x00, 0x0f, 0xff, 0xf5,
  0x02, 0x55, 0x82, 0x50, 0x00, 0x01, 0x05, 0xff, 0x82, 0xd0, 0x00, 0x02, 0x02, 0xff, 0x80, 0xfe,
  0x03, 0x55, 0x80, 0x50, 0x04, 0x00, 0x86, 0xbf, 0xff, 0xff, 0xe0, 0x00, 0x00, 0x02, 0x21, 0xff,
  0x83, 0xd0, 0x00, 0x00, 0x1f, 0x02, 0xff, 0x80, 0xf9, 0x0a, 0x00, 0x80, 0x1f, 0x03, 0xff, 0x85,
  0x40, 0x00, 0x00, 0x2f, 0xff, 0xd1, 0x02, 0x55, 0x82, 0x40, 0x00, 0x03, 0x04, 0xff, 0x83, 0xfe,
  0x00, 0x01, 0x6f, 0x02, 0xff, 0x80, 0xa4, 0x03, 0x55, 0x80, 0x40, 0x03, 0x00, 0x80, 0x02, 0x02,
  0xff, 0x83, 0x80, 0x00, 0x00, 0x0b, 0x21, 0xff, 0x83, 0xf4, 0x00, 0x00, 0x02, 0x03, 0xff, 0x80,
  0x90, 0x08, 0x00, 0x81, 0x01, 0xbf, 0x02, 0xff, 0x80, 0xfd, 0x02, 0x00, 0x82, 0xbf, 0xff, 0x85,
  0x02, 0x55, 0x82, 0x00, 0x00, 0x0b, 0x04, 0xff, 0x82, 0xe0, 0x00, 0x0b, 0x02, 0xff, 0x80, 0xfe,
  0x03, 0x55, 0x80, 0x54, 0x04, 0x00, 0x83, 0x1f, 0xff, 0xff, 0xfe, 0x02, 0x00, 0x80, 0x2f, 0x22,
  0xff, 0x83, 0x40, 0x00, 0x00, 0x7f, 0x02, 0xff, 0x80, 0xf9, 0x08, 0x00, 0x80, 0x1b, 0x03, 0xff,
  0x86, 0xf4, 0x00, 0x00, 0x01, 0xff, 0xfe, 0x15, 0x02, 0x55, 0x82, 0x00, 0x00, 0x1f, 0x03, 0xff,
  0x83, 0xfe, 0x40, 0x01, 0xbf, 0x02, 0xff, 0x80, 0xe5, 0x03, 0x55, 0x80, 0x50, 0x04, 0x00, 0x83,
  0x7f, 0xff, 0xff, 0xf8, 0x02, 0x00, 0x80, 0x7f, 0x22, 0xff, 0x83, 0xe4, 0x00, 0x00, 0x0b, 0x03,
  0xff, 0x80, 0xa4, 0x06, 0x00, 0x80, 0x02, 0x04, 0xff, 0x8c, 0xe0, 0x00, 0x00, 0x03, 0xff, 0xfd,
  0x15, 0x55, 0x55, 0x54, 0x00, 0x00, 0x3f, 0x03, 0xff, 0x82, 0xf4, 0x00, 0x6f, 0x02, 0xff, 0x80,
  0xfd, 0x04, 0x55, 0x04, 0x00, 0x80, 0x02, 0x02, 0xff, 0x80, 0xe0, 0x02, 0x00, 0x23, 0xff, 0x83,
  0xfe, 0x40, 0x00, 0x01, 0x04, 0xff, 0x80, 0x90, 0x04, 0x00, 0x81, 0x06, 0xaf, 0x04, 0xff, 0x85,
  0x80, 0x00, 0x00, 0x0b, 0xff, 0xf4, 0x02, 0x55, 0x82, 0x50, 0x00, 0x00, 0x04, 0xff, 0x81, 0x40,
  0x6b, 0x03, 0xff, 0x80, 0x95, 0x03, 0x55, 0x80, 0x54, 0x04, 0x00, 0x80, 0x0f, 0x02, 0xff, 0x86,
  0x80, 0x00, 0x00, 0x03, 0xff, 0xff, 0xfb, 0x21, 0xff, 0x83, 0xf8, 0x00, 0x00, 0x1b, 0x04, 0xff,
  0x80, 0xa4, 0x02, 0x00, 0x81, 0x16, 0xbf, 0x04, 0xff, 0x80, 0xfe, 0x02, 0x00, 0x82, 0x2f, 0xff,
  0xd1, 0x02, 0x55, 0x82, 0x40, 0x00, 0x03, 0x03, 0xff, 0x81, 0xf8, 0x07, 0x03, 0xff, 0x80, 0xf9,
  0x04, 0x55, 0x80, 0x40, 0x04, 0x00, 0x83, 0x7f, 0xff, 0xff, 0xfe, 0x02, 0x00, 0x83, 0x0f, 0xff,
  0xff, 0xf2, 0x22, 0xff, 0x83, 0xe9, 0x00, 0x01, 0xbf, 0x04, 0xff, 0x82, 0xfe, 0xaa, 0xab, 0x06,
  0xff, 0x80, 0xf8, 0x02, 0x00, 0x82, 0xbf, 0xff, 0x45, 0x02, 0x55, 0x82, 0x00, 0x00, 0x0b, 0x03,
  0xff, 0x80, 0x82, 0x03, 0xff, 0x82, 0xfe, 0x51, 0x40, 0x02, 0x55, 0x80, 0x54, 0x04, 0x00, 0x80,
  0x02, 0x02, 0xff, 0x80, 0xf8, 0x02, 0x00, 0x83, 0x2f, 0xff, 0xff, 0xe2, 0x23, 0xff, 0x82, 0xea,
  0x50, 0x2f, 0x0e, 0xff, 0x8c, 0xe0, 0x00, 0x00, 0x01, 0xff, 0xfe, 0x15, 0x55, 0x55, 0x54, 0x00,
  0x00, 0x2f, 0x02, 0xff, 0x81, 0xfe, 0xaf, 0x03, 0xff, 0x80, 0xd5, 0x04, 0x55, 0x80, 0x40, 0x04,
  0x00, 0x80, 0x1f, 0x02, 0xff, 0x80, 0xd0, 0x02, 0x00, 0x83, 0xbf, 0xff, 0xff, 0xc2, 0x35, 0xff,
  0x85, 0x80, 0x00, 0x00, 0x07, 0xff, 0xf5, 0x02, 0x55, 0x83, 0x50, 0x00, 0x00, 0xbf, 0x07, 0xff,
  0x80, 0xfa, 0x04, 0x55, 0x80, 0x54, 0x05, 0x00, 0x80, 0xbf, 0x02, 0xff, 0x83, 0x40, 0x00, 0x00,
  0x03, 0x02, 0xff, 0x80, 0x82, 0x34, 0xff, 0x80, 0xfe, 0x02, 0x00, 0x82, 0x0f, 0xff, 0xd1, 0x02,
  0x55, 0x82, 0x40, 0x00, 0x02, 0x08, 0xff, 0x80, 0x95, 0x04, 0x55, 0x05, 0x00, 0x80, 0x0b, 0x02,
  0xff, 0x80, 0xf8, 0x02, 0x00, 0x84, 0x0f, 0xff, 0xff, 0xfe, 0x03, 0x34, 0xff, 0x80, 0xf8, 0x02,
  0x00, 0x82, 0x3f, 0xff, 0x85, 0x02, 0x55, 0x82, 0x00, 0x00, 0x0b, 0x07, 0xff, 0x80, 0xe5, 0x04,
  0x55, 0x80, 0x50, 0x05, 0x00, 0x80, 0x7f, 0x02, 0xff, 0x80, 0xd0, 0x02, 0x00, 0x84, 0x7f, 0xff,
  0xff, 0xfc, 0x03, 0x34, 0xff, 0x80, 0xd0, 0x02, 0x00, 0x81, 0xff, 0xfd, 0x02, 0x55, 0x83, 0x54,
  0x00, 0x00, 0x3f, 0x06, 0xff, 0x80, 0xfa, 0x05, 0x55, 0x05, 0x00, 0x80, 0x06, 0x03, 0xff, 0x02,
  0x00, 0x80, 0x01, 0x02, 0xff, 0x81, 0xf4, 0x07, 0x25, 0xff, 0x83, 0x94, 0x00, 0x06, 0xbf, 0x0a,
  0xff, 0x85, 0x40, 0x00, 0x00, 0x03, 0xff, 0xf5, 0x02, 0x55, 0x82, 0x50, 0x00, 0x01, 0x06, 0xff,
  0x81, 0xfe, 0x91, 0x04, 0x55, 0x06, 0x00, 0x80, 0x6f, 0x02, 0xff, 0x80, 0xf8, 0x02, 0x00, 0x80,
  0x0b, 0x02, 0xff, 0x81, 0xe0, 0x07, 0x24, 0xff, 0x80, 0xe4, 0x02, 0x00, 0x80, 0x0b, 0x09, 0xff,
  0x80, 0xfd, 0x02, 0x00, 0x82, 0x0f, 0xff, 0xd5, 0x02, 0x55, 0x82, 0x40, 0x00, 0x07, 0x06, 0xff,
  0x80, 0xe5, 0x04, 0x55, 0x80, 0x50, 0x05, 0x00, 0x80, 0x06, 0x03, 0xff, 0x80, 0xd0, 0x02, 0x00,
  0x80, 0x7f, 0x02, 0xff, 0x81, 0x80, 0x0b, 0x23, 0xff, 0x81, 0xfe, 0x40, 0x03, 0x00, 0x80, 0x7f,
  0x08, 0xff, 0x80, 0xf4, 0x02, 0x00, 0x82, 0x2f, 0xff, 0x95, 0x02, 0x55, 0x82, 0x00, 0x00, 0x1f,
  0x05, 0xff, 0x80, 0xfa, 0x04, 0x55, 0x80, 0x54, 0x06, 0x00, 0x80, 0x6f, 0x02, 0xff, 0x80, 0xfe,
  0x02, 0x00, 0x80, 0x02, 0x03, 0xff, 0x81, 0x00, 0x0f, 0x23, 0xff, 0x80, 0xf4, 0x04, 0x00, 0x80,
  0x0b, 0x08, 0xff, 0x80, 0xd0, 0x02, 0x00, 0x81, 0xff, 0xfd, 0x02, 0x55, 0x83, 0x54, 0x00, 0x00,
  0x7f, 0x04, 0xff, 0x81, 0xfe, 0x95, 0x04, 0x55, 0x80, 0x40, 0x05, 0x00, 0x80, 0x02, 0x03, 0xff,
  0x80, 0xf4, 0x02, 0x00, 0x80, 0x0f, 0x02, 0xff, 0x82, 0xfc, 0x00, 0x1f, 0x23, 0xff, 0x80, 0x80,
  0x04, 0x00, 0x80, 0x01, 0x08, 0xff, 0x85, 0x40, 0x00, 0x00, 0x03, 0xff, 0xf5, 0x02, 0x55, 0x82,
  0x50, 0x00, 0x01, 0x05, 0xff, 0x80, 0xe5, 0x04, 0x55, 0x80, 0x50, 0x06, 0x00, 0x80, 0x6f, 0x03,
  0xff, 0x80, 0x80, 0x02, 0x00, 0x80, 0xbf, 0x02, 0xff, 0x82, 0xf0, 0x00, 0x2f, 0x22, 0xff, 0x80,
  0xfd, 0x06, 0x00, 0x80, 0x2f, 0x06, 0xff, 0x80, 0xfd, 0x02, 0x00, 0x82, 0x0f, 0xff, 0xd1, 0x02,
  0x55, 0x82, 0x40, 0x00, 0x07, 0x04, 0xff, 0x80, 0xfe, 0x04, 0x55, 0x80, 0x54, 0x06, 0x00, 0x80,
  0x06, 0x03, 0xff, 0x80, 0xfd, 0x02, 0x00, 0x80, 0x06, 0x03, 0xff, 0x82, 0xc0, 0x00, 0x3f, 0x22,
  0xff, 0x80, 0xf4, 0x06, 0x00, 0x80, 0x0b, 0x06, 0xff, 0x80, 0xf4, 0x02, 0x00, 0x82, 0x7f, 0xff,
  0x45, 0x02, 0x55, 0x82, 0x00, 0x00, 0x2f, 0x04, 0xff, 0x80, 0x95, 0x04, 0x55, 0x06, 0x00, 0x81,
  0x01, 0xbf, 0x03, 0xff, 0x80, 0xe0, 0x02, 0x00, 0x80, 0x2f, 0x03, 0xff, 0x82, 0x00, 0x00, 0x7f,
  0x22, 0xff, 0x80, 0xe0, 0x06, 0x00, 0x80, 0x02, 0x06, 0xff, 0x8c, 0xd0, 0x00, 0x00, 0x01, 0xff,
  0xfc, 0x05, 0x55, 0x55, 0x54, 0x00, 0x00, 0xbf, 0x03, 0xff, 0x81, 0xf9, 0x15, 0x03, 0x55, 0x07,
  0x00, 0x80, 0x1f, 0x03, 0xff, 0x80, 0xfe, 0x02, 0x00, 0x80, 0x06, 0x03, 0xff, 0x83, 0xfc, 0x00,
  0x00, 0xbf, 0x22, 0xff, 0x80, 0x80, 0x07, 0x00, 0x80, 0xbf, 0x05, 0xff, 0x8b, 0x40, 0x00, 0x00,
  0x07, 0xff, 0xf0, 0x51, 0x55, 0x55, 0x50, 0x00, 0x07, 0x03, 0xff, 0x86, 0xfe, 0x51, 0x55, 0x15,
  0x55, 0x55, 0x40, 0x06, 0x00, 0x80, 0x06, 0x04, 0xff, 0x80, 0xe4, 0x02, 0x00, 0x80, 0x2f, 0x03,
  0xff, 0x82, 0xe0, 0x00, 0x00, 0x23, 0xff, 0x08, 0x00, 0x80, 0x2f, 0x04, 0xff, 0x80, 0xfd, 0x02,
  0x00, 0x82, 0x1f, 0xff, 0xc1, 0x02, 0x55, 0x82, 0x40, 0x00, 0x1f, 0x03, 0xff, 0x80, 0xe5, 0x03,
  0x55, 0x80, 0x40, 0x07, 0x00, 0x80, 0x7f, 0x03, 0xff, 0x80, 0xfe, 0x02, 0x00, 0x80, 0x06, 0x04,
  0xff, 0x82, 0x80, 0x00, 0x02, 0x22, 0xff, 0x80, 0xfd, 0x08, 0x00, 0x80, 0x0f, 0x04, 0xff, 0x80,
  0xf4, 0x02, 0x00, 0x82, 0xbf, 0xff, 0x41, 0x02, 0x55, 0x82, 0x00, 0x00, 0xbf, 0x02, 0xff, 0x80,
  0xfe, 0x03, 0x55, 0x80, 0x50, 0x07, 0x00, 0x80, 0x1b, 0x04, 0xff, 0x80, 0xe0, 0x02, 0x00, 0x80,
  0x6f, 0x03, 0xff, 0x83, 0xfd, 0x00, 0x00, 0x03, 0x22, 0xff, 0x80, 0xf8, 0x03, 0x00, 0x81, 0x55,
  0x40, 0x02, 0x00, 0x80, 0x07, 0x04, 0xff, 0x8b, 0xe0, 0x00, 0x00, 0x02, 0xff, 0xfc, 0x05, 0x55,
  0x55, 0x54, 0x00, 0x02, 0x03, 0xff, 0x80, 0xe5, 0x02, 0x55, 0x80, 0x50, 0x07, 0x00, 0x80, 0x06,
  0x04, 0xff, 0x80, 0xf9, 0x02, 0x00, 0x80, 0x06, 0x04, 0xff, 0x83, 0xe0, 0x00, 0x00, 0x0b, 0x22,
  0xff, 0x80, 0xf4, 0x02, 0x00, 0x82, 0x07, 0xff, 0xf9, 0x02, 0x00, 0x80, 0x02, 0x04, 0xff, 0x8b,
  0x80, 0x00, 0x00, 0x0b, 0xff, 0xf0, 0x15, 0x55, 0x55, 0x50, 0x00, 0x1f, 0x02, 0xff, 0x84, 0xfe,
  0x45, 0x55, 0x55, 0x54, 0x07, 0x00, 0x81, 0x01, 0xbf, 0x04, 0xff, 0x84, 0x90, 0x00, 0x00, 0x01,
  0xbf, 0x04, 0xff, 0x83, 0x40, 0x00, 0x00, 0x1f, 0x22, 0xff, 0x80, 0xe0, 0x02, 0x00, 0x86, 0xbf,
  0xff, 0xff, 0xe0, 0x00, 0x00, 0x01, 0x03, 0xff, 0x80, 0xfe, 0x02, 0x00, 0x82, 0x2f, 0xff, 0xd0,
  0x02, 0x55, 0x82, 0x40, 0x00, 0x7f, 0x02, 0xff, 0x80, 0xe4, 0x02, 0x55, 0x07, 0x00, 0x81, 0x01,
  0xbf, 0x04, 0xff, 0x80, 0xe8, 0x02, 0x00, 0x80, 0x6b, 0x04, 0xff, 0x80, 0xf8, 0x02, 0x00, 0x80,
  0x3f, 0x22, 0xff, 0x83, 0xc0, 0x00, 0x00, 0x07, 0x02, 0xff, 0x80, 0xfe, 0x02, 0x00, 0x80, 0xbf,
  0x02, 0xff, 0x86, 0xf8, 0x00, 0x00, 0x01, 0xff, 0xff, 0x40, 0x02, 0x55, 0x81, 0x00, 0x02, 0x02,
  0xff, 0x83, 0xfe, 0x45, 0x55, 0x55, 0x07, 0x00, 0x81, 0x01, 0xbf, 0x04, 0xff, 0x84, 0xfe, 0x40,
  0x00, 0x00, 0x1b, 0x05, 0xff, 0x80, 0x80, 0x02, 0x00, 0x80, 0xbf, 0x22, 0xff, 0x83, 0x80, 0x00,
  0x00, 0x1f, 0x03, 0xff, 0x83, 0x80, 0x00, 0x00, 0x7f, 0x02, 0xff, 0x8b, 0xe0, 0x00, 0x00, 0x07,
  0xff, 0xfd, 0x01, 0x55, 0x55, 0x54, 0x00, 0x0f, 0x02, 0xff, 0x83, 0xe5, 0x55, 0x55, 0x50, 0x06,
  0x00, 0x81, 0x01, 0xaf, 0x04, 0xff, 0x84, 0xfe, 0x90, 0x00, 0x00, 0x06, 0x05, 0xff, 0x80, 0xf9,
  0x02, 0x00, 0x80, 0x01, 0x23, 0xff, 0x83, 0x80, 0x00, 0x00, 0x7f, 0x03, 0xff, 0x83, 0xe0, 0x00,
  0x00, 0x2f, 0x02, 0xff, 0x8b, 0xc0, 0x00, 0x00, 0x1f, 0xff, 0xf4, 0x05, 0x55, 0x55, 0x50, 0x00,
  0x3f, 0x02, 0xff, 0x82, 0x55, 0x55, 0x54, 0x06, 0x00, 0x81, 0x01, 0x6f, 0x05, 0xff, 0x83, 0x90,
  0x00, 0x00, 0x16, 0x06, 0xff, 0x80, 0xd0, 0x02, 0x00, 0x80, 0x07, 0x23, 0xff, 0x82, 0x40, 0x00,
  0x00, 0x04, 0xff, 0x83, 0xf4, 0x00, 0x00, 0x1f, 0x02, 0xff, 0x8a, 0x40, 0x00, 0x00, 0x7f, 0xff,
  0xd0, 0x15, 0x55, 0x55, 0x40, 0x01, 0x02, 0xff, 0x83, 0xf9, 0x55, 0x55, 0x40, 0x05, 0x00, 0x81,
  0x01, 0x6f, 0x05, 0xff, 0x83, 0x90, 0x00, 0x01, 0x6b, 0x06, 0xff, 0x80, 0xf9, 0x03, 0x00, 0x80,
  0x1f, 0x23, 0xff, 0x82, 0x00, 0x00, 0x01, 0x04, 0xff, 0x8c, 0xfc, 0x00, 0x00, 0x0f, 0xff, 0xff,
  0xfd, 0x00, 0x00, 0x01, 0xff, 0xff, 0x40, 0x02, 0x55, 0x81, 0x00, 0x07, 0x02, 0xff, 0x82, 0x95,
  0x55, 0x54, 0x06, 0x00, 0x80, 0x6b, 0x06, 0xff, 0x82, 0xaa, 0xaa, 0xbf, 0x07, 0xff, 0x80, 0x80,
  0x03, 0x00, 0x80, 0x7f, 0x23, 0xff, 0x9e, 0x00, 0x00, 0x02, 0xff, 0xff, 0xfb, 0xff, 0xff, 0xfe,
  0x00, 0x00, 0x0f, 0xff, 0xff, 0xf8, 0x00, 0x00, 0x07, 0xff, 0xfe, 0x01, 0x55, 0x55, 0x54, 0x00,
  0x2f, 0xff, 0xff, 0xfe, 0x55, 0x55, 0x06, 0x00, 0x80, 0x5b, 0x11, 0xff, 0x80, 0xe4, 0x03, 0x00,
  0x80, 0x01, 0x24, 0xff, 0x9e, 0x00, 0x00, 0x03, 0xff, 0xff, 0xf4, 0x6f, 0xff, 0xff, 0x00, 0x00,
  0x0b, 0xff, 0xff, 0xe0, 0x00, 0x00, 0x1f, 0xff, 0xf8, 0x01, 0x55, 0x55, 0x54, 0x00, 0xbf, 0xff,
  0xff, 0xe5, 0x55, 0x50, 0x05, 0x00, 0x80, 0x1b, 0x11, 0xff, 0x80, 0xf9, 0x04, 0x00, 0x80, 0x0b,
  0x23, 0xff, 0x99, 0xfe, 0x00, 0x00, 0x07, 0xff, 0xff, 0xfc, 0x07, 0xff, 0xff, 0x80, 0x00, 0x0b,
  0xff, 0xff, 0xc0, 0x00, 0x00, 0x7f, 0xff, 0xe0, 0x05, 0x55, 0x55, 0x50, 0x02, 0x02, 0xff, 0x81,
  0x95, 0x55, 0x05, 0x00, 0x80, 0x1a, 0x11, 0xff, 0x81, 0xfe, 0x40, 0x04, 0x00, 0x80, 0x2f, 0x23,
  0xff, 0x9e, 0xfe, 0x00, 0x00, 0x07, 0xff, 0xff, 0xfe, 0x01, 0xff, 0xff, 0xc0, 0x00, 0x0b, 0xff,
  0xff, 0x40, 0x00, 0x01, 0xff, 0xff, 0xc0, 0x15, 0x55, 0x55, 0x40, 0x0f, 0xff, 0xff, 0xf9, 0x15,
  0x50, 0x04, 0x00, 0x80, 0x02, 0x12, 0xff, 0x80, 0x90, 0x04, 0x00, 0x80, 0x02, 0x25, 0xff, 0x82,
  0x00, 0x00, 0x07, 0x02, 0xff, 0x96, 0x40, 0xbf, 0xff, 0xc0, 0x00, 0x07, 0xff, 0xfe, 0x00, 0x00,
  0x07, 0xff, 0xff, 0x40, 0x15, 0x55, 0x55, 0x00, 0x3f, 0xff, 0xff, 0xe4, 0x55, 0x04, 0x00, 0x81,
  0x01, 0xbf, 0x10, 0xff, 0x81, 0xfe, 0x90, 0x05, 0x00, 0x80, 0x1f, 0x25, 0xff, 0x82, 0x00, 0x00,
  0x03, 0x02, 0xff, 0x91, 0x80, 0x3f, 0xff, 0xd0, 0x00, 0x07, 0xff, 0xfc, 0x00, 0x00, 0x0f, 0xff,
  0xfd, 0x00, 0x55, 0x55, 0x54, 0x00, 0x02, 0xff, 0x81, 0x45, 0x54, 0x04, 0x00, 0x80, 0x1f, 0x10,
  0xff, 0x81, 0xea, 0x50, 0x05, 0x00, 0x80, 0x01, 0x26, 0xff, 0x82, 0x00, 0x00, 0x03, 0x02, 0xff,
  0x96, 0x80, 0x2f, 0xff, 0xe0, 0x00, 0x07, 0xff, 0xf4, 0x00, 0x00, 0x2f, 0xff, 0xf4, 0x01, 0x55,
  0x55, 0x50, 0x03, 0xff, 0xff, 0xfd, 0x15, 0x40, 0x03, 0x00, 0x80, 0x06, 0x10, 0xff, 0x80, 0xf9,
  0x07, 0x00, 0x80, 0x2f, 0x26, 0xff, 0x82, 0x00, 0x00, 0x02, 0x02, 0xff, 0x95, 0x40, 0x1f, 0xff,
  0xe0, 0x00, 0x07, 0xff, 0xe0, 0x00, 0x00, 0xbf, 0xff, 0xd0, 0x05, 0x55, 0x55, 0x40, 0x0f, 0xff,
  0xff, 0xe4, 0x54, 0x04, 0x00, 0x80, 0x7f, 0x11, 0xff, 0x80, 0xe4, 0x05, 0x00, 0x80, 0x06, 0x27,
  0xff, 0x82, 0x40, 0x00, 0x00, 0x02, 0xff, 0x95, 0x00, 0x1f, 0xff, 0xe0, 0x00, 0x07, 0xff, 0xc0,
  0x00, 0x01, 0xff, 0xff, 0x80, 0x05, 0x55, 0x55, 0x40, 0x3f, 0xff, 0xff, 0x81, 0x50, 0x03, 0x00,
  0x80, 0x06, 0x0c, 0xff, 0x83, 0xf9, 0x14, 0x05, 0x6b, 0x02, 0xff, 0x81, 0xe9, 0x40, 0x02, 0x00,
  0x80, 0x16, 0x28, 0xff, 0x9a, 0x80, 0x00, 0x00, 0x7f, 0xff, 0xfd, 0x00, 0x0f, 0xff, 0xe0, 0x00,
  0x07, 0xff, 0x80, 0x00, 0x07, 0xff, 0xfe, 0x00, 0x15, 0x55, 0x55, 0x00, 0xff, 0xff, 0xfe, 0x05,
  0x03, 0x00, 0x81, 0x01, 0x6f, 0x02, 0xff, 0x84, 0xfe, 0xa5, 0x55, 0x56, 0xab, 0x04, 0xff, 0x84,
  0xfe, 0x40, 0x00, 0x00, 0x6f, 0x03, 0xff, 0x82, 0xea, 0xaa, 0xaf, 0x29, 0xff, 0x9a, 0xc0, 0x00,
  0x00, 0x0f, 0xff, 0xf8, 0x00, 0x0f, 0xff, 0xe0, 0x00, 0x0b, 0xff, 0x00, 0x00, 0x0f, 0xff, 0xfc,
  0x00, 0x15, 0x55, 0x54, 0x03, 0xff, 0xff, 0xf4, 0x54, 0x02, 0x00, 0x81, 0x01, 0x07, 0x02, 0xff,
  0x81, 0xe9, 0x40, 0x03, 0x00, 0x81, 0x16, 0xbf, 0x03, 0xff, 0x84, 0xe4, 0x00, 0x00, 0x01, 0xbf,
  0x2f, 0xff, 0x9a, 0xd0, 0x00, 0x00, 0x01, 0xbf, 0x90, 0x00, 0x1f, 0xff, 0xe0, 0x00, 0x0b, 0xfd,
  0x00, 0x00, 0x2f, 0xff, 0xf4, 0x00, 0x55, 0x55, 0x54, 0x0f, 0xff, 0xff, 0xd1, 0x40, 0x02, 0x00,
  0x84, 0x04, 0x6f, 0xff, 0xff, 0xf9, 0x06, 0x00, 0x80, 0x06, 0x04, 0xff, 0x83, 0x40, 0x00, 0x00,
  0x1f, 0x2f, 0xff, 0x80, 0xf0, 0x05, 0x00, 0x92, 0x1f, 0xff, 0xe0, 0x00, 0x0f, 0xfc, 0x00, 0x00,
  0x7f, 0xff, 0xe0, 0x00, 0x55, 0x55, 0x50, 0x2f, 0xff, 0xff, 0x45, 0x03, 0x00, 0x83, 0x51, 0xff,
  0xff, 0xfe, 0x08, 0x00, 0x80, 0x1b, 0x03, 0xff, 0x83, 0xe4, 0x00, 0x00, 0x02, 0x2f, 0xff, 0x80,
  0xf8, 0x05, 0x00, 0x92, 0x2f, 0xff, 0xd0, 0x00, 0x1f, 0xf4, 0x00, 0x00, 0xff, 0xff, 0xc0, 0x01,
  0x55, 0x55, 0x40, 0xbf, 0xff, 0xfd, 0x14, 0x02, 0x00, 0x84, 0x05, 0x1b, 0xff, 0xfe, 0x40, 0x09,
  0x00, 0x80, 0x6f, 0x02, 0xff, 0x80, 0xfe, 0x02, 0x00, 0x80, 0x7f, 0x2e, 0xff, 0x80, 0xfd, 0x05,
  0x00, 0x99, 0x3f, 0xff, 0xc0, 0x00, 0x2f, 0xf0, 0x00, 0x02, 0xff, 0xff, 0x40, 0x01, 0x55, 0x55,
  0x41, 0xff, 0xff, 0xf8, 0x50, 0x00, 0x00, 0x01, 0x54, 0xbf, 0xff, 0xe4, 0x0a, 0x00, 0x80, 0x06,
  0x03, 0xff, 0x83, 0xd0, 0x00, 0x00, 0x0b, 0x2f, 0xff, 0x05, 0x00, 0x98, 0xbf, 0xff, 0xc0, 0x00,
  0x2f, 0xd0, 0x00, 0x07, 0xff, 0xfe, 0x00, 0x05, 0x55, 0x55, 0x03, 0xff, 0xff, 0xe1, 0x40, 0x00,
  0x00, 0x15, 0x56, 0xff, 0xfd, 0x0c, 0x00, 0x80, 0x6f, 0x02, 0xff, 0x83, 0xf8, 0x00, 0x00, 0x02,
  0x2f, 0xff, 0x80, 0x80, 0x03, 0x00, 0x92, 0x01, 0xff, 0xff, 0x80, 0x00, 0x3f, 0xc0, 0x00, 0x0b,
  0xff, 0xfc, 0x00, 0x05, 0x55, 0x54, 0x0f, 0xff, 0xff, 0x85, 0x02, 0x00, 0x83, 0x55, 0x5f, 0xff,
  0xd0, 0x0c, 0x00, 0x80, 0x07, 0x02, 0xff, 0x80, 0xfe, 0x02, 0x00, 0x80, 0x7f, 0x2e, 0xff, 0x80,
  0xe0, 0x03, 0x00, 0x98, 0x07, 0xff, 0xff, 0x80, 0x00, 0x7f, 0x80, 0x00, 0x1f, 0xff, 0xf8, 0x00,
  0x15, 0x55, 0x54, 0x2f, 0xff, 0xfe, 0x14, 0x00, 0x00, 0x05, 0x55, 0xbf, 0xfd, 0x0e, 0x00, 0x80,
  0xbf, 0x02, 0xff, 0x83, 0xc0, 0x00, 0x00, 0x1f, 0x2e, 0xff, 0x80, 0xfd, 0x03, 0x00, 0x98, 0x1f,
  0xff, 0xff, 0x40, 0x00, 0xbf, 0x40, 0x00, 0x3f, 0xff, 0xf0, 0x00, 0x15, 0x55, 0x50, 0x7f, 0xff,
  0xf8, 0x50, 0x00, 0x00, 0x15, 0x56, 0xff, 0xd0, 0x0e, 0x00, 0x80, 0x1f, 0x02, 0xff, 0x83, 0xf0,
  0x00, 0x00, 0x0b, 0x2f, 0xff, 0x80, 0x80, 0x02, 0x00, 0x97, 0xbf, 0xff, 0xff, 0x00, 0x00, 0xff,
  0x00, 0x00, 0xbf, 0xff, 0xe0, 0x00, 0x15, 0x55, 0x50, 0xff, 0xff, 0xe0, 0x40, 0x00, 0x01, 0x55,
  0x5b, 0xfe, 0x0f, 0x00, 0x80, 0x03, 0x02, 0xff, 0x83, 0xf8, 0x00, 0x00, 0x03, 0x2f, 0xff, 0x83,
  0xf8, 0x00, 0x00, 0x17, 0x02, 0xff, 0x94, 0x00, 0x01, 0xfe, 0x00, 0x00, 0xff, 0xff, 0xc0, 0x00,
  0x55, 0x55, 0x42, 0xff, 0xff, 0xd1, 0x00, 0x00, 0x05, 0x55, 0x6f, 0xf4, 0x10, 0x00, 0x86, 0xbf,
  0xff, 0xff, 0xfe, 0x00, 0x00, 0x01, 0x30, 0xff, 0x81, 0xe5, 0x5a, 0x02, 0xff, 0x95, 0xfe, 0x00,
  0x02, 0xfc, 0x00, 0x01, 0xff, 0xff, 0x40, 0x00, 0x55, 0x55, 0x47, 0xff, 0xff, 0x44, 0x00, 0x00,
  0x15, 0x55, 0xff, 0x80, 0x10, 0x00, 0x80, 0x2f, 0x02, 0xff, 0x83, 0x40, 0x00, 0x00, 0xbf, 0x34,
  0xff, 0x94, 0xfe, 0x00, 0x03, 0xf8, 0x00, 0x02, 0xff, 0xff, 0x00, 0x01, 0x55, 0x55, 0x0f, 0xff,
  0xfe, 0x10, 0x00, 0x00, 0x55, 0x57, 0xfd, 0x11, 0x00, 0x80, 0x0b, 0x02, 0xff, 0x83, 0xc0, 0x00,
  0x00, 0x3f, 0x34, 0xff, 0x94, 0xfd, 0x00, 0x07, 0xf4, 0x00, 0x0b, 0xff, 0xfd, 0x00, 0x01, 0x55,
  0x55, 0x2f, 0xff, 0xfc, 0x10, 0x00, 0x01, 0x55, 0x5f, 0xe0, 0x11, 0x00, 0x80, 0x02, 0x02, 0xff,
  0x83, 0xe0, 0x00, 0x00, 0x2f, 0x34, 0xff, 0x94, 0xfc, 0x00, 0x0b, 0xf4, 0x00, 0x0f, 0xff, 0xfc,
  0x00, 0x01, 0x55, 0x54, 0x7f, 0xff, 0xf4, 0x40, 0x00, 0x05, 0x55, 0x7f, 0x40, 0x12, 0x00, 0x02,
  0xff, 0x83, 0xf4, 0x00, 0x00, 0x1f, 0x34, 0xff, 0x93, 0xf8, 0x00, 0x0f, 0xf0, 0x00, 0x2f, 0xff,
  0xf8, 0x00, 0x05, 0x55, 0x54, 0xff, 0xff, 0xe1, 0x00, 0x00, 0x15, 0x55, 0xbd, 0x13, 0x00, 0x86,
  0x7f, 0xff, 0xff, 0xfc, 0x00, 0x00, 0x0f, 0x34, 0xff, 0x93, 0xf8, 0x00, 0x0f, 0xe0, 0x00, 0x3f,
  0xff, 0xf4, 0x00, 0x05, 0x55, 0x52, 0xff, 0xff, 0xc5, 0x00, 0x00, 0x55, 0x55, 0xf4, 0x07, 0x00,
  0x81, 0x15, 0x55, 0x09, 0x00, 0x86, 0x2f, 0xff, 0xff, 0xfd, 0x00, 0x00, 0x0b, 0x34, 0xff, 0x93,
  0xf8, 0x00, 0x1f, 0xd0, 0x00, 0x7f, 0xff, 0xe0, 0x00, 0x15, 0x55, 0x53, 0xff, 0xff, 0x44, 0x00,
  0x01, 0x55, 0x57, 0xc0, 0x06, 0x00, 0x84, 0x6b, 0xff, 0xff, 0xfa, 0x50, 0x07, 0x00, 0x86, 0x0f,
  0xff, 0xff, 0xfe, 0x00, 0x00, 0x07, 0x34, 0xff, 0x92, 0xf4, 0x00, 0x2f, 0xc0, 0x00, 0xbf, 0xff,
  0xd0, 0x00, 0x15, 0x55, 0x4b, 0xff, 0xfe, 0x10, 0x00, 0x05, 0x55, 0x4b, 0x06, 0x00, 0x80, 0x6f,
  0x03, 0xff, 0x81, 0xfe, 0x40, 0x06, 0x00, 0x80, 0x07, 0x02, 0xff, 0x82, 0x00, 0x00, 0x03, 0x34,
  0xff, 0x92, 0xf4, 0x00, 0x3f, 0x80, 0x00, 0xff, 0xff, 0xc0, 0x00, 0x15, 0x55, 0x5f, 0xff, 0xfd,
  0x50, 0x00, 0x15, 0x55, 0x6c, 0x05, 0x00, 0x80, 0x1b, 0x05, 0xff, 0x80, 0xf8, 0x06, 0x00, 0x80,
  0x02, 0x02, 0xff, 0x82, 0x80, 0x00, 0x02, 0x34, 0xff, 0x92, 0xf4, 0x00, 0x3f, 0x80, 0x01, 0xff,
  0xff, 0x80, 0x00, 0x55, 0x55, 0x2f, 0xff, 0xf8, 0x40, 0x00, 0x15, 0x55, 0x70, 0x04, 0x00, 0x81,
  0x02, 0xbf, 0x06, 0xff, 0x80, 0x80, 0x06, 0x00, 0x02, 0xff, 0x82, 0xc0, 0x00, 0x02, 0x34, 0xff,
  0x92, 0xf0, 0x00, 0x7f, 0x40, 0x02, 0xff, 0xff, 0x40, 0x00, 0x55, 0x55, 0x3f, 0xff, 0xf1, 0x00,
  0x00, 0x55, 0x55, 0x90, 0x04, 0x00, 0x80, 0x2f, 0x07, 0xff, 0x80, 0xf8, 0x06, 0x00, 0x85, 0x7f,
  0xff, 0xff, 0xc0, 0x00, 0x02, 0x34, 0xff, 0x92, 0xf0, 0x00, 0x7f, 0x40, 0x03, 0xff, 0xff, 0x00,
  0x00, 0x55, 0x55, 0x7f, 0xff, 0xe1, 0x00, 0x01, 0x55, 0x56, 0x40, 0x03, 0x00, 0x80, 0x02, 0x09,
  0xff, 0x80, 0x40, 0x05, 0x00, 0x85, 0x2f, 0xff, 0xff, 0xe0, 0x00, 0x02, 0x34, 0xff, 0x91, 0xf0,
  0x00, 0xbf, 0x00, 0x03, 0xff, 0xfe, 0x00, 0x00, 0x55, 0x54, 0xbf, 0xff, 0xd4, 0x00, 0x01, 0x55,
  0x59, 0x04, 0x00, 0x80, 0x1f, 0x09, 0xff, 0x80, 0xd0, 0x05, 0x00, 0x85, 0x1f, 0xff, 0xff, 0xe0,
  0x00, 0x02, 0x34, 0xff, 0x91, 0xf0, 0x00, 0xff, 0x00, 0x07, 0xff, 0xfd, 0x00, 0x00, 0x55, 0x55,
  0xff, 0xff, 0x80, 0x00, 0x05, 0x55, 0x58, 0x04, 0x00, 0x80, 0xbf, 0x09, 0xff, 0x80, 0xf4, 0x05,
  0x00, 0x85, 0x0f, 0xff, 0xff, 0xf0, 0x00, 0x02, 0x34, 0xff, 0x91, 0xf0, 0x00, 0xff, 0x00, 0x0b,
  0xff, 0xfc, 0x00, 0x01, 0x55, 0x56, 0xff, 0xff, 0x50, 0x00, 0x05, 0x55, 0x60, 0x03, 0x00, 0x80,
  0x07, 0x0a, 0xff, 0x80, 0xfe, 0x05, 0x00, 0x85, 0x07, 0xff, 0xff, 0xf0, 0x00, 0x02, 0x34, 0xff,
  0x91, 0xf0, 0x00, 0xfe, 0x00, 0x0f, 0xff, 0xf8, 0x00, 0x01, 0x55, 0x57, 0xff, 0xfe, 0x40, 0x00,
  0x15, 0x55, 0x40, 0x03, 0x00, 0x80, 0x2f, 0x0b, 0xff, 0x80, 0x80, 0x04, 0x00, 0x85, 0x03, 0xff,
  0xff, 0xf4, 0x00, 0x03, 0x34, 0xff, 0x91, 0xf0, 0x00, 0xfe, 0x00, 0x0f, 0xff, 0xf8, 0x00, 0x01,
  0x55, 0x5b, 0xff, 0xfe, 0x40, 0x00, 0x15, 0x55, 0x40, 0x03, 0x00, 0x80, 0xbf, 0x0b, 0xff, 0x80,
  0xd0, 0x04, 0x00, 0x85, 0x02, 0xff, 0xff, 0xf4, 0x00, 0x03, 0x34, 0xff, 0x90, 0xf4, 0x01, 0xfe,
  0x00, 0x1f, 0xff, 0xf4, 0x00, 0x01, 0x55, 0x5b, 0xff, 0xfd, 0x00, 0x00, 0x55, 0x55, 0x03, 0x00,
  0x80, 0x07, 0x0c, 0xff, 0x80, 0xf0, 0x04, 0x00, 0x85, 0x01, 0xff, 0xff, 0xf8, 0x00, 0x07, 0x34,
  0xff, 0x90, 0xf4, 0x01, 0xfd, 0x00, 0x1f, 0xff, 0xf0, 0x00, 0x05, 0x55, 0x5f, 0xff, 0xf9, 0x00,
  0x00, 0x55, 0x54, 0x03, 0x00, 0x80, 0x1f, 0x0c, 0xff, 0x80, 0xfc, 0x05, 0x00, 0x84, 0xff, 0xff,
  0xf8, 0x00, 0x0b, 0x34, 0xff, 0x90, 0xf4, 0x01, 0xfd, 0x00, 0x2f, 0xff, 0xf0, 0x00, 0x05, 0x55,
  0x5f, 0xff, 0xf4, 0x00, 0x01, 0x55, 0x50, 0x03, 0x00, 0x80, 0x7f, 0x0c, 0xff, 0x80, 0xfe, 0x05,
  0x00, 0x84, 0xbf, 0xff, 0xf8, 0x00, 0x0f, 0x34, 0xff, 0x90, 0xf8, 0x01, 0xfd, 0x00, 0x3f, 0xff,
  0xe0, 0x00, 0x05, 0x55, 0x6f, 0xff, 0xf4, 0x00, 0x01, 0x55, 0x50, 0x02, 0x00, 0x80, 0x02, 0x0e,
  0xff, 0x05, 0x00, 0x84, 0xbf, 0xff, 0xf8, 0x00, 0x1f, 0x34, 0xff, 0x90, 0xf8, 0x01, 0xfd, 0x00,
  0x3f, 0xff, 0xe0, 0x00, 0x05, 0x55, 0x6f, 0xff, 0xe0, 0x00, 0x01, 0x55, 0x40, 0x02, 0x00, 0x80,
  0x07, 0x0e, 0xff, 0x80, 0x80, 0x04, 0x00, 0x84, 0x7f, 0xff, 0xf8, 0x00, 0x2f, 0x34, 0xff, 0x90,
  0xf8, 0x01, 0xfd, 0x00, 0x3f, 0xff, 0xd0, 0x00, 0x05, 0x55, 0x7f, 0xff, 0xe0, 0x00, 0x05, 0x55,
  0x40, 0x02, 0x00, 0x80, 0x1f, 0x0e, 0xff, 0x80, 0xc0, 0x04, 0x00, 0x84, 0x7f, 0xff, 0xf8, 0x00,
  0x7f, 0x34, 0xff, 0x8f, 0xfc, 0x01, 0xfd, 0x00, 0x3f, 0xff, 0xd0, 0x00, 0x05, 0x55, 0x7f, 0xff,
  0xd0, 0x00, 0x05, 0x55, 0x03, 0x00, 0x80, 0x7f, 0x07, 0xff, 0x81, 0xea, 0xaa, 0x04, 0xff, 0x80,
  0xd0, 0x04, 0x00, 0x83, 0x3f, 0xff, 0xf8, 0x00, 0x35, 0xff, 0x8f, 0xfd, 0x01, 0xfd, 0x00, 0x7f,
  0xff, 0xd0, 0x00, 0x05, 0x55, 0xbf, 0xff, 0x80, 0x00, 0x15, 0x55, 0x03, 0x00, 0x07, 0xff, 0x82,
  0xfd, 0x00, 0x00, 0x04, 0xff, 0x80, 0xe0, 0x04, 0x00, 0x83, 0x3f, 0xff, 0xf8, 0x01, 0x35, 0xff,
  0x8f, 0xfe, 0x01, 0xfd, 0x00, 0x7f, 0xff, 0xc0, 0x00, 0x05, 0x55, 0xbf, 0xff, 0x40, 0x00, 0x15,
  0x54, 0x02, 0x00, 0x80, 0x02, 0x07, 0xff, 0x82, 0xd0, 0x00, 0x2b, 0x04, 0xff, 0x80, 0xf0, 0x04,
  0x00, 0x83, 0x3f, 0xff, 0xf8, 0x03, 0x35, 0xff, 0x8f, 0xfe, 0x01, 0xfe, 0x00, 0x7f, 0xff, 0xc0,
  0x00, 0x05, 0x55, 0xff, 0xff, 0x00, 0x00, 0x15, 0x54, 0x02, 0x00, 0x80, 0x0b, 0x06, 0xff, 0x82,
  0xfe, 0x00, 0x01, 0x05, 0xff, 0x80, 0xf0, 0x04, 0x00, 0x83, 0x3f, 0xff, 0xf8, 0x0f, 0x36, 0xff,
  0x8e, 0x01, 0xfe, 0x00, 0x7f, 0xff, 0xc0, 0x00, 0x04, 0x55, 0xff, 0xff, 0x00, 0x00, 0x15, 0x50,
  0x02, 0x00, 0x80, 0x1f, 0x06, 0xff, 0x82, 0xf8, 0x00, 0x07, 0x05, 0xff, 0x80, 0xf0, 0x04, 0x00,
  0x83, 0x3f, 0xff, 0xf8, 0x2f, 0x36, 0xff, 0x8e, 0x40, 0xfe, 0x00, 0x7f, 0xff, 0xc0, 0x00, 0x04,
  0x55, 0xff, 0xfe, 0x00, 0x00, 0x55, 0x50, 0x02, 0x00, 0x80, 0x3f, 0x06, 0xff, 0x82, 0xe0, 0x00,
  0x1f, 0x05, 0xff, 0x80, 0xf4, 0x04, 0x00, 0x83, 0x3f, 0xff, 0xf8, 0x7f, 0x36, 0xff, 0x8e, 0x80,
  0xff, 0x00, 0x7f, 0xff, 0xc0, 0x00, 0x05, 0x55, 0xff, 0xfd, 0x00, 0x00, 0x55, 0x50, 0x02, 0x00,
  0x80, 0xbf, 0x06, 0xff, 0x82, 0xc0, 0x00, 0x3f, 0x05, 0xff, 0x80, 0xf4, 0x04, 0x00, 0x82, 0x3f,
  0xff, 0xf5, 0x37, 0xff, 0x91, 0xc0, 0xff, 0x00, 0x7f, 0xff, 0xc0, 0x00, 0x04, 0x56, 0xff, 0xfd,
  0x00, 0x00, 0x55, 0x40, 0x00, 0x00, 0x01, 0x07, 0xff, 0x82, 0x40, 0x00, 0xbf, 0x05, 0xff, 0x80,
  0xf4, 0x04, 0x00, 0x82, 0x3f, 0xff, 0xfb, 0x37, 0xff, 0x91, 0xe0, 0xbf, 0x40, 0x7f, 0xff, 0xc0,
  0x00, 0x04, 0x52, 0xff, 0xfc, 0x00, 0x00, 0x55, 0x40, 0x00, 0x00, 0x02, 0x06, 0xff, 0x82, 0xfe,
  0x00, 0x00, 0x06, 0xff, 0x80, 0xf0, 0x04, 0x00, 0x80, 0x3f, 0x39, 0xff, 0x91, 0xf0, 0xbf, 0x40,
  0x7f, 0xff, 0xc0, 0x00, 0x04, 0x56, 0xff, 0xfc, 0x00, 0x00, 0x55, 0x40, 0x00, 0x00, 0x07, 0x06,
  0xff, 0x82, 0xfc, 0x00, 0x01, 0x06, 0xff, 0x80, 0xf0, 0x04, 0x00, 0x80, 0x3f, 0x39, 0xff, 0x8d,
  0xf4, 0x7f, 0x40, 0x7f, 0xff, 0xc0, 0x00, 0x04, 0x56, 0xff, 0xf8, 0x00, 0x01, 0x55, 0x02, 0x00,
  0x80, 0x0f, 0x06, 0xff, 0x82, 0xf8, 0x00, 0x02, 0x06, 0xff, 0x80, 0xe0, 0x04, 0x00, 0x80, 0x3f,
  0x39, 0xff, 0x8d, 0xf8, 0x7f, 0x80, 0x7f, 0xff, 0xc0, 0x00, 0x04, 0x57, 0xff, 0xf8, 0x00, 0x01,
  0x55, 0x02, 0x00, 0x80, 0x1f, 0x02, 0xff, 0x80, 0xfd, 0x02, 0xff, 0x82, 0xf0, 0x00, 0x02, 0x06,
  0xff, 0x80, 0xe0, 0x04, 0x00, 0x80, 0x3f, 0x39, 0xff, 0x8d, 0xfc, 0x3f, 0xc0, 0x7f, 0xff, 0xc0,
  0x00, 0x04, 0x17, 0xff, 0xf4, 0x00, 0x01, 0x55, 0x02, 0x00, 0x80, 0x2f, 0x02, 0xff, 0x80, 0xe1,
  0x02, 0xff, 0x82, 0xe0, 0x00, 0x02, 0x06, 0xff, 0x80, 0xd0, 0x04, 0x00, 0x80, 0x7f, 0x39, 0xff,
  0x8d, 0xfe, 0x2f, 0xd0, 0x3f, 0xff, 0xc0, 0x00, 0x04, 0x17, 0xff, 0xf4, 0x00, 0x01, 0x55, 0x02,
  0x00, 0x80, 0x3f, 0x02, 0xff, 0x80, 0x43, 0x02, 0xff, 0x82, 0xe0, 0x00, 0x02, 0x06, 0xff, 0x80,
  0xc0, 0x04, 0x00, 0x80, 0x7f, 0x3a, 0xff, 0x8c, 0x1f, 0xd0, 0x3f, 0xff, 0xd0, 0x00, 0x04, 0x17,
  0xff, 0xf4, 0x00, 0x01, 0x54, 0x02, 0x00, 0x84, 0xbf, 0xff, 0xff, 0xfd, 0x0b, 0x02, 0xff, 0x82,
  0xd0, 0x00, 0x01, 0x06, 0xff, 0x80, 0x80, 0x04, 0x00, 0x80, 0xbf, 0x3a, 0xff, 0x8c, 0x9f, 0xf0,
  0x3f, 0xff, 0xd0, 0x00, 0x04, 0x17, 0xff, 0xf4, 0x00, 0x01, 0x54, 0x02, 0x00, 0x02, 0xff, 0x81,
  0xf8, 0x0f, 0x02, 0xff, 0x82, 0xc0, 0x00, 0x00, 0x06, 0xff, 0x05, 0x00, 0x3b, 0xff, 0x8c, 0xdf,
  0xf0, 0x3f, 0xff, 0xe0, 0x00, 0x01, 0x17, 0xff, 0xf0, 0x00, 0x01, 0x54, 0x02, 0x00, 0x02, 0xff,
  0x81, 0xe0, 0x1f, 0x02, 0xff, 0x82, 0xc0, 0x00, 0x00, 0x05, 0xff, 0x80, 0xfd, 0x04, 0x00, 0x80,
  0x01, 0x3b, 0xff, 0x8f, 0xeb, 0xf4, 0x2f, 0xff, 0xe0, 0x00, 0x01, 0x17, 0xff, 0xf0, 0x00, 0x01,
  0x54, 0x00, 0x00, 0x01, 0x02, 0xff, 0x81, 0xc0, 0x1f, 0x02, 0xff, 0x83, 0xc0, 0x00, 0x00, 0x7f,
  0x04, 0xff, 0x80, 0xf8, 0x04, 0x00, 0x80, 0x01, 0x3c, 0xff, 0x8e, 0xf8, 0x2f, 0xff, 0xf0, 0x00,
  0x01, 0x17, 0xff, 0xf0, 0x00, 0x01, 0x54, 0x00, 0x00, 0x02, 0x02, 0xff, 0x81, 0x40, 0x2f, 0x02,
  0xff, 0x83, 0xc0, 0x00, 0x00, 0x3f, 0x04, 0xff, 0x80, 0xf0, 0x04, 0x00, 0x80, 0x02, 0x3c, 0xff,
  0x93, 0xfc, 0x1f, 0xff, 0xf0, 0x00, 0x01, 0x17, 0xff, 0xf0, 0x00, 0x01, 0x54, 0x00, 0x00, 0x02,
  0xff, 0xff, 0xfe, 0x00, 0x3f, 0x02, 0xff, 0x83, 0xc0, 0x00, 0x00, 0x1f, 0x04, 0xff, 0x80, 0xc0,
  0x04, 0x00, 0x80, 0x03, 0x3c, 0xff, 0x93, 0xfe, 0x1f, 0xff, 0xf4, 0x00, 0x01, 0x17, 0xff, 0xf0,
  0x00, 0x01, 0x54, 0x00, 0x00, 0x03, 0xff, 0xff, 0xfd, 0x00, 0x3f, 0x02, 0xff, 0x83, 0xc0, 0x00,
  0x00, 0x07, 0x04, 0xff, 0x05, 0x00, 0x80, 0x07, 0x3d, 0xff, 0x92, 0x0f, 0xff, 0xf4, 0x00, 0x00,
  0x56, 0xff, 0xf0, 0x00, 0x01, 0x54, 0x00, 0x00, 0x07, 0xff, 0xff, 0xf8, 0x00, 0x3f, 0x02, 0xff,
  0x83, 0xc0, 0x00, 0x00, 0x01, 0x03, 0xff, 0x80, 0xf8, 0x05, 0x00, 0x80, 0x0b, 0x3d, 0xff, 0x92,
  0x4f, 0xff, 0xf8, 0x00, 0x00, 0x56, 0xff, 0xf0, 0x00, 0x01, 0x54, 0x00, 0x00, 0x0b, 0xff, 0xff,
  0xf4, 0x00, 0x7f, 0x02, 0xff, 0x80, 0xd0, 0x02, 0x00, 0x80, 0x6f, 0x02, 0xff, 0x80, 0xd0, 0x05,
  0x00, 0x80, 0x1f, 0x3d, 0xff, 0x92, 0x8b, 0xff, 0xfc, 0x00, 0x00, 0x56, 0xff, 0xf4, 0x00, 0x01,
  0x54, 0x00, 0x00, 0x0b, 0xff, 0xff, 0xf0, 0x00, 0x7f, 0x02, 0xff, 0x80, 0xe0, 0x02, 0x00, 0x83,
  0x06, 0xff, 0xff, 0xfd, 0x06, 0x00, 0x80, 0x2f, 0x3d, 0xff, 0x92, 0xc7, 0xff, 0xfd, 0x00, 0x00,
  0x16, 0xff, 0xf4, 0x00, 0x00, 0x54, 0x00, 0x00, 0x0b, 0xff, 0xff, 0xe0, 0x00, 0x7f, 0x02, 0xff,
  0x80, 0xf0, 0x03, 0x00, 0x82, 0x1b, 0xfe, 0x40, 0x06, 0x00, 0x80, 0x7f, 0x3d, 0xff, 0x92, 0xe7,
  0xff, 0xfe, 0x00, 0x00, 0x15, 0xff, 0xf4, 0x00, 0x00, 0x54, 0x00, 0x00, 0x0f, 0xff, 0xff, 0xe0,
  0x00, 0x7f, 0x02, 0xff, 0x80, 0xf0, 0x0d, 0x00, 0x80, 0xbf, 0x3d, 0xff, 0x92, 0xf7, 0xff, 0xff,
  0x00, 0x00, 0x15, 0xff, 0xf8, 0x00, 0x00, 0x54, 0x00, 0x00, 0x0f, 0xff, 0xff, 0xd0, 0x00, 0x7f,
  0x02, 0xff, 0x80, 0xf8, 0x0c, 0x00, 0x80, 0x02, 0x41, 0xff, 0x8f, 0x40, 0x00, 0x15, 0xff, 0xf8,
  0x00, 0x00, 0x54, 0x00, 0x00, 0x0f, 0xff, 0xff, 0xc0, 0x00, 0x7f, 0x02, 0xff, 0x80, 0xfc, 0x0c,
  0x00, 0x80, 0x03, 0x41, 0xff, 0x8f, 0x80, 0x00, 0x05, 0xff, 0xfc, 0x00, 0x00, 0x54, 0x00, 0x00,
  0x0f, 0xff, 0xff, 0xc0, 0x00, 0x7f, 0x02, 0xff, 0x80, 0xfd, 0x0c, 0x00, 0x80, 0x0b, 0x41, 0xff,
  0x8f, 0xc0, 0x00, 0x05, 0xbf, 0xfc, 0x00, 0x00, 0x54, 0x00, 0x00, 0x0f, 0xff, 0xff, 0xc0, 0x00,
  0x7f, 0x02, 0xff, 0x80, 0xfe, 0x0c, 0x00, 0x80, 0x1f, 0x41, 0xff, 0x8f, 0xc0, 0x00, 0x05, 0xbf,
  0xfd, 0x00, 0x00, 0x14, 0x00, 0x00, 0x0f, 0xff, 0xff, 0xc0, 0x00, 0x3f, 0x03, 0xff, 0x80, 0x40,
  0x0b, 0x00, 0x80, 0x7f, 0x41, 0xff, 0x8f, 0xe0, 0x00, 0x05, 0x7f, 0xfe, 0x00, 0x00, 0x14, 0x00,
  0x00, 0x0f, 0xff, 0xff, 0xc0, 0x00, 0x3f, 0x03, 0xff, 0x80, 0xc0, 0x0b, 0x00, 0x42, 0xff, 0x8f,
  0xf0, 0x00, 0x01, 0x7f, 0xfe, 0x00, 0x00, 0x14, 0x00, 0x00, 0x0f, 0xff, 0xff, 0xc0, 0x00, 0x2f,
  0x03, 0xff, 0x80, 0xe0, 0x0a, 0x00, 0x80, 0x02, 0x42, 0xff, 0x8f, 0xf4, 0x00, 0x01, 0x6f, 0xff,
  0x00, 0x00, 0x14, 0x00, 0x00, 0x0b, 0xff, 0xff, 0x80, 0x00, 0x2f, 0x03, 0xff, 0x80, 0xf4, 0x0a,
  0x00, 0x80, 0x0f, 0x42, 0xff, 0x8f, 0xf8, 0x00, 0x01, 0x6f, 0xff, 0x40, 0x00, 0x08, 0x00, 0x00,
  0x0b, 0xff, 0xff, 0x80, 0x00, 0x1f, 0x03, 0xff, 0x80, 0xfd, 0x0a, 0x00, 0x80, 0x3f, 0x42, 0xff,
  0x8f, 0xfc, 0x00, 0x00, 0x5f, 0xff, 0x80, 0x00, 0x04, 0x00, 0x00, 0x07, 0xff, 0xff, 0xc0, 0x00,
  0x0f, 0x04, 0xff, 0x09, 0x00, 0x80, 0x01, 0x43, 0xff, 0x8f, 0xfe, 0x00, 0x00, 0x5b, 0xff, 0x80,
  0x00, 0x05, 0x00, 0x00, 0x07, 0xff, 0xff, 0xc0, 0x00, 0x0b, 0x04, 0xff, 0x80, 0xd0, 0x08, 0x00,
  0x80, 0x07, 0x44, 0xff, 0x8e, 0x00, 0x00, 0x1b, 0xff, 0xc0, 0x00, 0x01, 0x00, 0x00, 0x03, 0xff,
  0xff, 0xc0, 0x00, 0x07, 0x04, 0xff, 0x80, 0xf4, 0x08, 0x00, 0x80, 0x2f, 0x44, 0xff, 0x8e, 0x80,
  0x00, 0x17, 0xff, 0xe0, 0x00, 0x01, 0x00, 0x00, 0x02, 0xff, 0xff, 0xc0, 0x00, 0x03, 0x04, 0xff,
  0x80, 0xfe, 0x07, 0x00, 0x80, 0x01, 0x45, 0xff, 0x8e, 0xc0, 0x00, 0x06, 0xff, 0xf0, 0x00, 0x01,
  0x00, 0x00, 0x02, 0xff, 0xff, 0xd0, 0x00, 0x01, 0x05, 0xff, 0x80, 0xd0, 0x06, 0x00, 0x80, 0x1f,
  0x45, 0xff, 0x8e, 0xe0, 0x00, 0x02, 0xff, 0xf4, 0x00, 0x00, 0x40, 0x00, 0x01, 0xff, 0xff, 0xd0,
  0x00, 0x00, 0x05, 0xff, 0x80, 0xf9, 0x05, 0x00, 0x81, 0x01, 0xbf, 0x45, 0xff, 0x84, 0xf0, 0x00,
  0x01, 0xff, 0xf8, 0x04, 0x00, 0x85, 0xff, 0xff, 0xe0, 0x00, 0x00, 0xbf, 0x05, 0xff, 0x80, 0x90,
  0x04, 0x00, 0x80, 0x2f, 0x46, 0xff, 0x84, 0xf8, 0x00, 0x00, 0xbf, 0xfc, 0x04, 0x00, 0x85, 0xbf,
  0xff, 0xf0, 0x00, 0x00, 0x3f, 0x05, 0xff, 0x81, 0xfe, 0x40, 0x02, 0x00, 0x80, 0x06, 0x47, 0xff,
  0x84, 0xfd, 0x00, 0x00, 0x7f, 0xfe, 0x04, 0x00, 0x85, 0x7f, 0xff, 0xf0, 0x00, 0x00, 0x1f, 0x06,
  0xff, 0x83, 0xfa, 0x95, 0x55, 0x5a, 0x49, 0xff, 0x83, 0x00, 0x00, 0x3f, 0xff, 0x04, 0x00, 0x85,
  0x3f, 0xff, 0xf8, 0x00, 0x00, 0x0b, 0x54, 0xff, 0x84, 0x80, 0x00, 0x2f, 0xff, 0x40, 0x03, 0x00,
  0x85, 0x2f, 0xff, 0xfc, 0x00, 0x00, 0x03, 0x54, 0xff, 0x84, 0xd0, 0x00, 0x0f, 0xff, 0xc0, 0x03,
  0x00, 0x85, 0x1f, 0xff, 0xfd, 0x00, 0x00, 0x02, 0x54, 0xff, 0x84, 0xe0, 0x00, 0x0b, 0xff, 0xd0,
  0x03, 0x00, 0x82, 0x0b, 0xff, 0xfe, 0x02, 0x00, 0x54, 0xff, 0x84, 0xf4, 0x00, 0x07, 0xff, 0xf0,
  0x03, 0x00, 0x86, 0x07, 0xff, 0xff, 0x40, 0x00, 0x00, 0x7f, 0x53, 0xff, 0x84, 0xfd, 0x00, 0x02,
  0xff, 0xf4, 0x03, 0x00, 0x86, 0x03, 0xff, 0xff, 0x80, 0x00, 0x00, 0x2f, 0x07, 0xff, 0x81, 0xfa,
  0xaa, 0x47, 0xff, 0x86, 0xfb, 0xff, 0xff, 0x00, 0x00, 0xff, 0xfc, 0x03, 0x00, 0x86, 0x01, 0xff,
  0xff, 0xd0, 0x00, 0x00, 0x0f, 0x06, 0xff, 0x83, 0xfe, 0x40, 0x00, 0x06, 0x46, 0xff, 0x86, 0xf6,
  0xff, 0xff, 0x80, 0x00, 0xbf, 0xfe, 0x04, 0x00, 0x85, 0xbf, 0xff, 0xf0, 0x00, 0x00, 0x03, 0x06,
  0xff, 0x80, 0x90, 0x02, 0x00, 0x80, 0x2f, 0x45, 0xff, 0x86, 0xf5, 0xff, 0xff, 0xe0, 0x00, 0x3f,
  0xff, 0x04, 0x00, 0x85, 0x7f, 0xff, 0xf4, 0x00, 0x00, 0x01, 0x05, 0xff, 0x80, 0xf8, 0x03, 0x00,
  0x80, 0x02, 0x45, 0xff, 0x87, 0xf8, 0xbf, 0xff, 0xf4, 0x00, 0x1f, 0xff, 0x80, 0x03, 0x00, 0x82,
  0x2f, 0xff, 0xfd, 0x02, 0x00, 0x80, 0xbf, 0x04, 0xff, 0x80, 0xe0, 0x04, 0x00, 0x80, 0x7f, 0x44,
  0xff, 0x87, 0xfc, 0x3f, 0xff, 0xfc, 0x00, 0x0b, 0xff, 0xe0, 0x03, 0x00, 0x82, 0x0f, 0xff, 0xfe,
  0x02, 0x00, 0x80, 0x3f, 0x04, 0xff, 0x80, 0x40, 0x04, 0x00, 0x80, 0x1f, 0x44, 0xff, 0x87, 0xfd,
  0x2f, 0xff, 0xfe, 0x00, 0x03, 0xff, 0xf0, 0x03, 0x00, 0x86, 0x07, 0xff, 0xff, 0x40, 0x00, 0x00,
  0x1f, 0x03, 0xff, 0x80, 0xfd, 0x05, 0x00, 0x80, 0x07, 0x44, 0xff, 0x87, 0xfd, 0x0f, 0xff, 0xff,
  0x80, 0x01, 0xff, 0xf8, 0x03, 0x00, 0x86, 0x02, 0xff, 0xff, 0xc0, 0x00, 0x00, 0x0b, 0x03, 0xff,
  0x80, 0xf4, 0x05, 0x00, 0x80, 0x01, 0x44, 0xff, 0x87, 0xfe, 0x07, 0xff, 0xff, 0xe0, 0x00, 0xbf,
  0xfd, 0x04, 0x00, 0x85, 0xff, 0xff, 0xe0, 0x00, 0x00, 0x03, 0x03, 0xff, 0x80, 0xe0, 0x06, 0x00,
  0x80, 0xbf, 0x44, 0xff, 0x86, 0x02, 0xff, 0xff, 0xf8, 0x00, 0x3f, 0xff, 0x04, 0x00, 0x85, 0x7f,
  0xff, 0xf4, 0x00, 0x00, 0x01, 0x03, 0xff, 0x80, 0x80, 0x06, 0x00, 0x80, 0x2f, 0x44, 0xff, 0x87,
  0x40, 0xbf, 0xff, 0xfe, 0x00, 0x1f, 0xff, 0x80, 0x03, 0x00, 0x82, 0x1f, 0xff, 0xfd, 0x02, 0x00,
  0x80, 0xbf, 0x02, 0xff, 0x84, 0x40, 0x00, 0x00, 0x1a, 0xe9, 0x02, 0x00, 0x80, 0x1f, 0x44, 0xff,
  0x87, 0x80, 0x3f, 0xff, 0xff, 0x80, 0x0b, 0xff, 0xe0, 0x03, 0x00, 0x82, 0x0b, 0xff, 0xff, 0x02,
  0x00, 0x8c, 0x3f, 0xff, 0xff, 0xfe, 0x00, 0x00, 0x01, 0xbf, 0xff, 0xe0, 0x00, 0x00, 0x0f, 0x44,
  0xff, 0x87, 0xc0, 0x1f, 0xff, 0xff, 0xe0, 0x02, 0xff, 0xf4, 0x03, 0x00, 0x92, 0x02, 0xff, 0xff,
  0x80, 0x00, 0x00, 0x0f, 0xff, 0xff, 0xfc, 0x00, 0x00, 0x0b, 0xff, 0xff, 0xfd, 0x00, 0x00, 0x07,
  0x44, 0xff, 0x87, 0xd0, 0x07, 0xff, 0xff, 0xf8, 0x00, 0xbf, 0xfc, 0x04, 0x00, 0x8b, 0xff, 0xff,
  0xe0, 0x00, 0x00, 0x07, 0xff, 0xff, 0xf8, 0x00, 0x00, 0x3f, 0x02, 0xff, 0x82, 0x40, 0x00, 0x03,
  0x44, 0xff, 0x81, 0xe0, 0x02, 0x02, 0xff, 0x82, 0x00, 0x2f, 0xff, 0x04, 0x00, 0x8a, 0x3f, 0xff,
  0xf8, 0x00, 0x00, 0x02, 0xff, 0xff, 0xf4, 0x00, 0x00, 0x03, 0xff, 0x82, 0xc0, 0x00, 0x03, 0x44,
  0xff, 0x88, 0xf0, 0x00, 0xbf, 0xff, 0xff, 0xd0, 0x0f, 0xff, 0x80, 0x03, 0x00, 0x82, 0x1f, 0xff,
  0xfd, 0x02, 0x00, 0x84, 0xff, 0xff, 0xf0, 0x00, 0x02, 0x03, 0xff, 0x82, 0xe0, 0x00, 0x03, 0x44,
  0xff, 0x88, 0xf8, 0x00, 0x2f, 0xff, 0xff, 0xf4, 0x03, 0xff, 0xe0, 0x03, 0x00, 0x8a, 0x07, 0xff,
  0xff, 0x40, 0x00, 0x00, 0x7f, 0xff, 0xe0, 0x00, 0x07, 0x03, 0xff, 0x82, 0xf0, 0x00, 0x02, 0x44,
  0xff, 0x88, 0xfc, 0x00, 0x0b, 0xff, 0xff, 0xfe, 0x01, 0xff, 0xf8, 0x03, 0x00, 0x91, 0x02, 0xff,
  0xff, 0xc0, 0x00, 0x00, 0x3f, 0xff, 0xe0, 0x00, 0x0f, 0xff, 0xfa, 0xff, 0xff, 0xf4, 0x00, 0x01,
  0x44, 0xff, 0x82, 0xfe, 0x00, 0x02, 0x02, 0xff, 0x82, 0x80, 0x7f, 0xfe, 0x04, 0x00, 0x90, 0xbf,
  0xff, 0xf0, 0x00, 0x00, 0x1f, 0xff, 0xd0, 0x00, 0x1f, 0xff, 0xe2, 0xff, 0xff, 0xf4, 0x00, 0x01,
  0x45, 0xff, 0x88, 0x00, 0x00, 0xbf, 0xff, 0xff, 0xf4, 0x2f, 0xff, 0x80, 0x03, 0x00, 0x90, 0x3f,
  0xff, 0xfc, 0x00, 0x00, 0x0b, 0xff, 0xc0, 0x00, 0x2f, 0xff, 0x83, 0xff, 0xff, 0xf4, 0x00, 0x01,
  0x45, 0xff, 0x88, 0x80, 0x00, 0x1f, 0xff, 0xff, 0xfe, 0x0b, 0xff, 0xd0, 0x03, 0x00, 0x90, 0x0f,
  0xff, 0xfe, 0x00, 0x00, 0x03, 0xff, 0xc0, 0x00, 0x3f, 0xff, 0x07, 0xff, 0xff, 0xf0, 0x00, 0x02,
  0x45, 0xff, 0x82, 0xd0, 0x00, 0x07, 0x02, 0xff, 0x82, 0xd1, 0xff, 0xf4, 0x03, 0x00, 0x90, 0x07,
  0xff, 0xff, 0x80, 0x00, 0x02, 0xff, 0xc0, 0x00, 0x7f, 0xfe, 0x03, 0xff, 0xff, 0xf0, 0x00, 0x02,
  0x45, 0xff, 0x88, 0xf0, 0x00, 0x00, 0xbf, 0xff, 0xff, 0xf9, 0xbf, 0xfe, 0x03, 0x00, 0x90, 0x01,
  0xff, 0xff, 0xd0, 0x00, 0x00, 0xff, 0x80, 0x00, 0xbf, 0xfd, 0x03, 0xff, 0xff, 0xd0, 0x00, 0x03,
  0x45, 0xff, 0x83, 0xf8, 0x00, 0x00, 0x2f, 0x04, 0xff, 0x80, 0x80, 0x03, 0x00, 0x8f, 0x7f, 0xff,
  0xf0, 0x00, 0x00, 0xbf, 0x80, 0x00, 0xbf, 0xfd, 0x01, 0xff, 0xff, 0x80, 0x00, 0x07, 0x45, 0xff,
  0x83, 0xfd, 0x00, 0x00, 0x07, 0x04, 0xff, 0x80, 0xe0, 0x03, 0x00, 0x8f, 0x2f, 0xff, 0xfc, 0x00,
  0x00, 0x3f, 0x80, 0x00, 0xbf, 0xfd, 0x00, 0x7f, 0xf9, 0x00, 0x00, 0x0b, 0x46, 0xff, 0x02, 0x00,
  0x80, 0xbf, 0x03, 0xff, 0x80, 0xf8, 0x03, 0x00, 0x8f, 0x0b, 0xff, 0xfe, 0x00, 0x00, 0x2f, 0x80,
  0x00, 0xbf, 0xfd, 0x00, 0x05, 0x40, 0x00, 0x00, 0x1f, 0x46, 0xff, 0x83, 0xc0, 0x00, 0x00, 0x1f,
  0x03, 0xff, 0x80, 0xfe, 0x03, 0x00, 0x89, 0x02, 0xff, 0xff, 0x40, 0x00, 0x1f, 0x80, 0x00, 0xbf,
  0xfd, 0x04, 0x00, 0x80, 0x2f, 0x46, 0xff, 0x83, 0xe0, 0x00, 0x00, 0x02, 0x04, 0xff, 0x80, 0x80,
  0x03, 0x00, 0x88, 0xff, 0xff, 0xc0, 0x00, 0x0b, 0x80, 0x00, 0xbf, 0xfe, 0x04, 0x00, 0x80, 0x7f,
  0x46, 0xff, 0x80, 0xf4, 0x02, 0x00, 0x80, 0x2f, 0x03, 0xff, 0x80, 0xf0, 0x03, 0x00, 0x89, 0x7f,
  0xff, 0xe0, 0x00, 0x07, 0xc0, 0x00, 0xff, 0xff, 0x40, 0x02, 0x00, 0x80, 0x01, 0x47, 0xff, 0x80,
  0xfd, 0x02, 0x00, 0x80, 0x07, 0x03, 0xff, 0x80, 0xfc, 0x03, 0x00, 0x89, 0x2f, 0xff, 0xf8, 0x00,
  0x03, 0xc0, 0x00, 0xff, 0xff, 0xc0, 0x02, 0x00, 0x80, 0x07, 0x48, 0xff, 0x80, 0x40, 0x02, 0x00,
  0x80, 0xbf, 0x03, 0xff, 0x03, 0x00, 0x89, 0x0b, 0xff, 0xfc, 0x00, 0x02, 0xc0, 0x00, 0xff, 0xff,
  0xf4, 0x02, 0x00, 0x80, 0x1f, 0x48, 0xff, 0x80, 0xd0, 0x02, 0x00, 0x80, 0x0b, 0x03, 0xff, 0x80,
  0xd0, 0x02, 0x00, 0x8d, 0x02, 0xff, 0xfe, 0x00, 0x01, 0xc0, 0x00, 0xbf, 0xff, 0xfe, 0x00, 0x00,
  0x01, 0xbf, 0x48, 0xff, 0x80, 0xf4, 0x02, 0x00, 0x81, 0x01, 0xbf, 0x02, 0xff, 0x80, 0xf4, 0x03,
  0x00, 0x8b, 0xff, 0xff, 0x40, 0x00, 0x90, 0x00, 0xbf, 0xff, 0xff, 0xd0, 0x00, 0x1b, 0x49, 0xff,
  0x80, 0xfd, 0x03, 0x00, 0x80, 0x1b, 0x02, 0xff, 0x80, 0xfd, 0x03, 0x00, 0x86, 0x7f, 0xff, 0xc0,
  0x00, 0x50, 0x00, 0xbf, 0x02, 0xff, 0x80, 0xaa, 0x4b, 0xff, 0x80, 0x80, 0x02, 0x00, 0x80, 0x01,
  0x03, 0xff, 0x80, 0x40, 0x02, 0x00, 0x86, 0x2f, 0xff, 0xe0, 0x00, 0x10, 0x00, 0xbf, 0x4f, 0xff,
  0x80, 0xe0, 0x03, 0x00, 0x80, 0x1f, 0x02, 0xff, 0x80, 0xe0, 0x02, 0x00, 0x82, 0x0f, 0xff, 0xf0,
  0x02, 0x00, 0x80, 0xbf, 0x4f, 0xff, 0x80, 0xfc, 0x03, 0x00, 0x80, 0x02, 0x02, 0xff, 0x80, 0xf8,
  0x02, 0x00, 0x82, 0x07, 0xff, 0xf8, 0x02, 0x00, 0x80, 0xbf, 0x50, 0xff, 0x80, 0x40, 0x03, 0x00,
  0x83, 0x2f, 0xff, 0xff, 0xfe, 0x02, 0x00, 0x82, 0x03, 0xff, 0xfc, 0x02, 0x00, 0x80, 0xbf, 0x50,
  0xff, 0x80, 0xe0, 0x03, 0x00, 0x80, 0x06, 0x02, 0xff, 0x85, 0x80, 0x00, 0x00, 0x01, 0xff, 0xfe,
  0x02, 0x00, 0x80, 0x7f, 0x50, 0xff, 0x80, 0xfd, 0x04, 0x00, 0x83, 0xbf, 0xff, 0xff, 0xe0, 0x02,
  0x00, 0x81, 0xbf, 0xff, 0x02, 0x00, 0x80, 0x7f, 0x51, 0xff, 0x80, 0x80, 0x03, 0x00, 0x83, 0x1f,
  0xff, 0xff, 0xf4, 0x02, 0x00, 0x85, 0x7f, 0xff, 0x40, 0x00, 0x00, 0x7f, 0x51, 0xff, 0x80, 0xe0,
  0x03, 0x00, 0x83, 0x02, 0xff, 0xff, 0xfd, 0x02, 0x00, 0x85, 0x2f, 0xff, 0xc0, 0x00, 0x00, 0x7f,
  0x51, 0xff, 0x80, 0xfd, 0x04, 0x00, 0x8b, 0x7f, 0xff, 0xff, 0x40, 0x00, 0x00, 0x0f, 0xff, 0xc0,
  0x00, 0x00, 0x7f, 0x52, 0xff, 0x80, 0x80, 0x03, 0x00, 0x8b, 0x1f, 0xff, 0xff, 0xd0, 0x00, 0x00,
  0x0b, 0xff, 0xd0, 0x00, 0x00, 0x7f, 0x52, 0xff, 0x80, 0xf8, 0x03, 0x00, 0x8b, 0x03, 0xff, 0xff,
  0xf0, 0x00, 0x00, 0x03, 0xff, 0xe0, 0x00, 0x00, 0xbf, 0x53, 0xff, 0x80, 0x40, 0x03, 0x00, 0x8a,
  0xff, 0xff, 0xf8, 0x00, 0x00, 0x02, 0xff, 0xf0, 0x00, 0x00, 0xbf, 0x53, 0xff, 0x80, 0xe0, 0x03,
  0x00, 0x89, 0x3f, 0xff, 0xfe, 0x00, 0x00, 0x01, 0xff, 0xf4, 0x00, 0x00, 0x54, 0xff, 0x80, 0xfe,
  0x03, 0x00, 0x89, 0x0f, 0xff, 0xff, 0x40, 0x00, 0x00, 0xff, 0xf8, 0x00, 0x00, 0x55, 0xff, 0x80,
  0xd0, 0x02, 0x00, 0x89, 0x07, 0xff, 0xff, 0xc0, 0x00, 0x00, 0xbf, 0xf8, 0x00, 0x00, 0x55, 0xff,
  0x80, 0xf8, 0x02, 0x00, 0x89, 0x01, 0xff, 0xff, 0xe0, 0x00, 0x00, 0x7f, 0xfc, 0x00, 0x01, 0x55,
  0xff, 0x80, 0xfe, 0x03, 0x00, 0x88, 0xbf, 0xff, 0xf4, 0x00, 0x00, 0x3f, 0xfd, 0x00, 0x01, 0x56,
  0xff, 0x80, 0xd0, 0x02, 0x00, 0x88, 0x3f, 0xff, 0xf8, 0x00, 0x00, 0x3f, 0xfd, 0x00, 0x02, 0x56,
  0xff, 0x80, 0xf8, 0x02, 0x00, 0x88, 0x1f, 0xff, 0xfd, 0x00, 0x00, 0x2f, 0xfe, 0x00, 0x03, 0x57,
  0xff, 0x02, 0x00, 0x88, 0x0b, 0xff, 0xfe, 0x00, 0x00, 0x1f, 0xfe, 0x00, 0x07, 0x57, 0xff, 0x8b,
  0xd0, 0x00, 0x00, 0x07, 0xff, 0xff, 0x40, 0x00, 0x0f, 0xfe, 0x00, 0x0b, 0x57, 0xff, 0x8b, 0xf4,
  0x00, 0x00, 0x02, 0xff, 0xff, 0x80, 0x00, 0x0f, 0xfe, 0x00, 0x0f, 0x57, 0xff, 0x8b, 0xfd, 0x00,
  0x00, 0x01, 0xff, 0xff, 0xc0, 0x00, 0x0f, 0xfe, 0x00, 0x1f, 0x58, 0xff, 0x02, 0x00, 0x87, 0xbf,
  0xff, 0xd0, 0x00, 0x0b, 0xfe, 0x00, 0x2f, 0x58, 0xff, 0x8a, 0xc0, 0x00, 0x00, 0xbf, 0xff, 0xe0,
  0x00, 0x0b, 0xfe, 0x00, 0x3f, 0x58, 0xff, 0x8a, 0xe0, 0x00, 0x00, 0x3f, 0xff, 0xf0, 0x00, 0x0b,
  0xfe, 0x00, 0x7f, 0x58, 0xff, 0x89, 0xf4, 0x00, 0x00, 0x2f, 0xff, 0xf0, 0x00, 0x0b, 0xfe, 0x00,
  0x59, 0xff, 0x89, 0xfc, 0x00, 0x00, 0x1f, 0xff, 0xf4, 0x00, 0x0b, 0xfe, 0x02, 0x59, 0xff, 0x89,
  0xfe, 0x00, 0x00, 0x0f, 0xff, 0xf4, 0x00, 0x0b, 0xfe, 0x03, 0x5a, 0xff, 0x88, 0x00, 0x00, 0x0f,
  0xff, 0xf8, 0x00, 0x0f, 0xfe, 0x0b, 0x5a, 0xff, 0x88, 0x80, 0x00, 0x0b, 0xff, 0xf8, 0x00, 0x0f,
  0xfd, 0x1f, 0x5a, 0xff, 0x88, 0xc0, 0x00, 0x0b, 0xff, 0xf8, 0x00, 0x1f, 0xfd, 0x2f, 0x5a, 0xff,
  0x88, 0xd0, 0x00, 0x0b, 0xff, 0xf8, 0x00, 0x1f, 0xfc, 0x3f, 0x5a, 0xff, 0x88, 0xe0, 0x00, 0x0b,
  0xff, 0xf8, 0x00, 0x2f, 0xfc, 0xbf, 0x5a, 0xff, 0x87, 0xf0, 0x00, 0x0b, 0xff, 0xf4, 0x00, 0x3f,
  0xfa, 0x5b, 0xff, 0x86, 0xf4, 0x00, 0x0b, 0xff, 0xf4, 0x00, 0x7f, 0x5c, 0xff, 0x86, 0xf4, 0x00,
  0x0b, 0xff, 0xf4, 0x00, 0xbf, 0x5c, 0xff, 0x85, 0xf8, 0x00, 0x0b, 0xff, 0xf4, 0x00, 0x5d, 0xff,
  0x85, 0xf8, 0x00, 0x0f, 0xff, 0xf0, 0x01, 0x5d, 0xff, 0x85, 0xfc, 0x00, 0x1f, 0xff, 0xf0, 0x02,
  0x5d, 0xff, 0x85, 0xfc, 0x00, 0x1f, 0xff, 0xf0, 0x03, 0x5d, 0xff, 0x85, 0xfd, 0x00, 0x2f, 0xff,
  0xe0, 0x0b, 0x5d, 0xff, 0x85, 0xfd, 0x00, 0x3f, 0xff, 0xd0, 0x0f, 0x5d, 0xff, 0x85, 0xfc, 0x00,
  0x7f, 0xff, 0xc0, 0x2f, 0x5d, 0xff, 0x85, 0xfc, 0x00, 0xbf, 0xff, 0x80, 0x7f, 0x5d, 0xff, 0x84,
  0xfc, 0x00, 0xff, 0xff, 0x00, 0x5e, 0xff, 0x84, 0xf8, 0x02, 0xff, 0xfe, 0x02, 0x5e, 0xff, 0x84,
  0xf8, 0x03, 0xff, 0xfd, 0x07, 0x5e, 0xff, 0x84, 0xf4, 0x0b, 0xff, 0xf8, 0x0f, 0x5e, 0xff, 0x84,
  0xf4, 0x0f, 0xff, 0xf4, 0x2f, 0x5e, 0xff, 0x84, 0xf0, 0x2f, 0xff, 0xe0, 0xbf, 0x5e, 0xff, 0x83,
  0xe0, 0x3f, 0xff, 0xc2, 0x5f, 0xff, 0x83, 0xd0, 0xbf, 0xff, 0x47, 0x5f, 0xff, 0x83, 0xd1, 0xff,
  0xff, 0x0f, 0x5f, 0xff, 0x83, 0xc7, 0xff, 0xfd, 0x3f, 0x5f, 0xff, 0x82, 0x4f, 0xff, 0xfd, 0x60,
  0xff, 0x80, 0x6f, 0x7f, 0xff, 0x7f, 0xff, 0x7f, 0xff, 0x7f, 0xff, 0x26, 0xff,
};
#define COFFEE_STEAM_2_LEN 16141
